"","COLECTION NUMBER","CLASS","FAMILY","GENUS","SPECIES","SUSPECIES","IDENTIFIER","IDENTIF. YEAR","COUNTRY","STATE","MUNICIPALITY","LOCALITY","LATITUDE (DEGREES)","LATITUDE (MINUTES)","LATITUDE (SECONDS)","LONGITUDE (DEGREES)","LONGITUD (MINUTES)","LONGITUD (SECONDS)","COLLECTOR","COLLECTOR ACRONYM","COLLECTOR NUMBER","COLLECTION TIME","COLLECTION DAY","COLLECTION MONTH","COLLECTION YEAR","SEX","AGE","VEGETATION","COLLECTION SITE","ALTITUDE","ADITIONAL INFORMATION","SAMPLE PREPARAYION","TISSUE","LATITUDE","LONGITUDE"
"1",NA,"Sauropsida","Teiidae","Aspidoscelis","angusticeps","angusticeps","Norma L. Manríquez Morán",2012,"México","Campeche","Escárcega","Haro","18","31","35.5",90,47,"23.5","Norma L. Manríquez Morán","NLMM","460","0.40972222222222227",24,"July",2012,"Female","Adult","Rainforest/crop","Ground",72,NA,"70% Ethanol","YES",18.5265277777778,-90.7898611111111
"2",NA,"Sauropsida","Teiidae","Aspidoscelis","angusticeps","angusticeps","Norma L. Manríquez Morán",2012,"México","Campeche","Escárcega","División del Norte","18","31","40.6",90,45,"34.5","Norma L. Manríquez Morán","NLMM","471","0.51458333333333328",25,"July",2012,"Female","Adult","Rainforest","Ground",103,NA,"70% Ethanol","YES",18.5279444444444,-90.7595833333333
"3",NA,"Sauropsida","Teiidae","Aspidoscelis","angusticeps","angusticeps","Norma L. Manríquez Morán",2012,"México","Campeche","Escárcega","División del Norte","18","31","42.2",90,45,"33.1","Norma L. Manríquez Morán","NLMM","472","0.51458333333333328",25,"July",2012,"Male","Adult","Rainforest","Ground",101,NA,"70% Ethanol","YES",18.5283888888889,-90.7591944444444
"4",NA,"Sauropsida","Teiidae","Aspidoscelis","angusticeps","angusticeps","Norma L. Manríquez Morán",2012,"México","Campeche","Escárcega","División del Norte","18","31","41.7",90,45,"36","Norma L. Manríquez Morán","NLMM","469","0.38680555555555557",26,"July",2012,"Male","Adult","Rainforest","Ground",101,NA,"70% Ethanol","YES",18.52825,-90.76
"5",NA,"Sauropsida","Teiidae","Aspidoscelis","angusticeps","angusticeps","Norma L. Manríquez Morán",2012,"México","Campeche","Escárcega","División del Norte","18","31","11.6",90,45,"45.8","Norma L. Manríquez Morán","NLMM","473","0.61249999999999993",26,"July",2012,"Male","Adult","Rainforest","Ground",107,NA,"70% Ethanol","YES",18.5198888888889,-90.7627222222222
"6",NA,"Sauropsida","Teiidae","Aspidoscelis","angusticeps","angusticeps","Norma L. Manríquez Morán",2012,"México","Campeche","Escárcega","Rancho Casados","18","36","1.1000000000000001",90,42,"6.1","Norma L. Manríquez Morán","NLMM","480","0.48194444444444445",27,"July",2012,NA,"Young","Rainforest","Ground",93,NA,"70% Ethanol","YES",18.6003055555556,-90.7016944444444
"7",NA,"Sauropsida","Teiidae","Aspidoscelis","angusticeps",NA,"Anahí Esquivel Ramírez",2011,"México","Campeche","Calakmul","Constitución","18","37","28",90,7,"50","Anahi Esquivel Ramírez","AER","12","0.40763888888888888",28,"May",2011,NA,NA,"Rainforest (modified)",NA,92,NA,"70% Ethanol","YES",18.6244444444444,-90.1305555555555
"8",NA,"Sauropsida","Teiidae","Aspidoscelis","angusticeps",NA,"Anahí Esquivel Ramírez",2011,"México","Campeche","Calakmul","Constitución","18","37","28",90,7,"50","Anahi Esquivel Ramírez","AER","20","0.5541666666666667",30,"May",2011,NA,NA,"Rainforest (modified)",NA,92,NA,"70% Ethanol","YES",18.6244444444444,-90.1305555555555
"9",NA,"Sauropsida","Teiidae","Aspidoscelis","angusticeps",NA,"Anahí Esquivel Ramírez",2011,"México","Campeche","Calakmul","Constitución","18","37","28",90,7,"50","Anahi Esquivel Ramírez","AER","22","0.44930555555555557",1,"June",2011,NA,NA,"Rainforest (modified)",NA,92,NA,"70% Ethanol","YES",18.6244444444444,-90.1305555555555
"10",NA,"Sauropsida","Teiidae","Aspidoscelis","angusticeps",NA,"Anahí Esquivel Ramírez",2011,"México","Campeche","Calakmul","Xpujil","18","30","31.9",89,23,"53.4","Anahi Esquivel Ramírez","AER","40","0.59027777777777779",3,"September",2011,NA,NA,"Rainforest (modified)",NA,269,NA,"70% Ethanol","YES",18.5088611111111,-89.3981666666667
"11",NA,"Sauropsida","Teiidae","Aspidoscelis","angusticeps",NA,"Anahí Esquivel Ramírez",2011,"México","Campeche","Calakmul","Xpujil","18","30","31.6",89,23,"53.3","Francisco T. Quezada Quezada","FTQQ","7","0.51874999999999993",4,"September",2011,NA,NA,"Rainforest (modified)",NA,258,NA,"70% Ethanol","YES",18.5087777777778,-89.3981388888889
"12",NA,"Sauropsida","Teiidae","Aspidoscelis","angusticeps",NA,"Anahí Esquivel Ramírez",2011,"México","Campeche","Calakmul","Xpujil","18","30","30.2",89,23,"58.9","Anahi Esquivel Ramírez","AER","42","0.45624999999999999",5,"September",2011,NA,NA,"Rainforest (modified)",NA,263,NA,"70% Ethanol","YES",18.5083888888889,-89.3996944444444
"13",NA,"Sauropsida","Teiidae","Aspidoscelis","angusticeps",NA,"Anahí Esquivel Ramírez",2011,"México","Campeche","Calakmul","Xpujil","18","30","30.9",89,23,"58.9","Anahi Esquivel Ramírez","AER","43","0.59722222222222221",5,"September",2011,NA,NA,"Rainforest (modified)",NA,263,NA,"70% Ethanol","YES",18.5085833333333,-89.3996944444444
"14",NA,"Sauropsida","Teiidae","Aspidoscelis","angusticeps",NA,"Anahí Esquivel Ramírez",2011,"México","Campeche","Calakmul","Xpujil","18","30","30.9",89,23,"58.9","Anahí Esquivel Ramírez","AER","44","0.61111111111111105",5,"September",2011,NA,"Young","Rainforest",NA,269,NA,"70% Ethanol","YES",18.5085833333333,-89.3996944444444
"15",NA,"Sauropsida","Teiidae","Aspidoscelis","angusticeps",NA,"Anahí Esquivel Ramírez",2011,"México","Campeche","Calakmul","Xpujil","18","30","30.9",89,23,"58.9","Anahi Esquivel Ramírez","AER","45","0.63541666666666663",5,"September",2011,NA,NA,"Rainforest (modified)",NA,263,NA,"70% Ethanol","YES",18.5085833333333,-89.3996944444444
"16",NA,"Sauropsida","Teiidae","Aspidoscelis","angusticeps",NA,"Norma L. Manríquez Morán",2009,"México","Campeche","Campeche","Hampolol","19","54","58.2",90,22,"35","Norma L. Manríquez Morán","NLMM","380","11:07 h",20,"March",2009,NA,NA,"Rainforest","Ground",3,NA,"70% Ethanol","YES",19.9161666666667,-90.3763888888889
"17",NA,"Sauropsida","Teiidae","Aspidoscelis","angusticeps",NA,"Norma L. Manríquez Morán",2009,"México","Campeche","Campeche","Hampolol","19","54","58.2",90,22,"35","Norma L. Manríquez Morán","NLMM","381","11:35 h",20,"March",2009,NA,NA,"Rainforest","Ground",3,NA,"70% Ethanol","YES",19.9161666666667,-90.3763888888889
"18",NA,"Sauropsida","Teiidae","Aspidoscelis","angusticeps",NA,"Norma L. Manríquez Morán",2009,"México","Campeche","Campeche","Hampolol","19","54","58.2",90,22,"35","Norma L. Manríquez Morán","NLMM","382","12:22 h",20,"March",2009,NA,NA,"Rainforest","Ground",3,NA,"70% Ethanol","YES",19.9161666666667,-90.3763888888889
"19",NA,"Sauropsida","Teiidae","Aspidoscelis","angusticeps",NA,"Anahí Esquivel Ramírez",2011,"México","Campeche","Carmen","Chekubul","18","49","13",91,0,"33","Anahi Esquivel Ramírez","AER","10","0.5625",28,"May",2011,NA,NA,"Rainforest (modified)",NA,29,NA,"70% Ethanol","YES",18.8202777777778,-91.0091666666667
"20",NA,"Sauropsida","Teiidae","Aspidoscelis","angusticeps",NA,"Anahí Esquivel Ramírez",2011,"México","Campeche","Carmen","Chekubul","18","49","13",91,0,"33","Anahi Esquivel Ramírez","AER","17","0.39583333333333331",29,"May",2011,NA,NA,"Rainforest (modified)",NA,29,NA,"70% Ethanol","YES",18.8202777777778,-91.0091666666667
"21",NA,"Sauropsida","Teiidae","Aspidoscelis","angusticeps",NA,"Anahí Esquivel Ramírez",2011,"México","Campeche","Escárcega","División del Norte","18","31","57.7",90,45,"45.3","Francisco T. Quezada Quezada","FTQQ","5","0.51597222222222217",1,"September",2011,NA,NA,"Rainforest (modified)",NA,105,NA,"70% Ethanol","YES",18.5326944444444,-90.7625833333333
"22",NA,"Sauropsida","Teiidae","Aspidoscelis","angusticeps",NA,"Anahí Esquivel Ramírez",2011,"México","Campeche","Escárcega","División del Norte","18","31","57.7",90,45,"45.3","Francisco T. Quezada Quezada","FTQQ","6","0.55555555555555558",1,"September",2011,NA,NA,"Rainforest (modified)",NA,105,NA,"70% Ethanol","YES",18.5326944444444,-90.7625833333333
"23",NA,"Sauropsida","Teiidae","Aspidoscelis","angusticeps",NA,"Anahí Esquivel Ramírez",2011,"México","Campeche","Escárcega","División del Norte","18","31","57.7",90,45,"45.3","Anahi Esquivel Ramírez","AER","30","0.58333333333333337",1,"September",2011,NA,NA,"Rainforest (modified)",NA,105,NA,"70% Ethanol","YES",18.5326944444444,-90.7625833333333
"24",NA,"Sauropsida","Teiidae","Aspidoscelis","angusticeps",NA,"Anahí Esquivel Ramírez",2011,"México","Campeche","Escárcega","División del Norte","18","31","57.7",90,45,"45.3","Anahi Esquivel Ramírez","AER","31","0.63194444444444442",1,"September",2011,NA,NA,"Rainforest (modified)",NA,105,NA,"70% Ethanol","YES",18.5326944444444,-90.7625833333333
"25",NA,"Sauropsida","Teiidae","Aspidoscelis","angusticeps",NA,"Anahí Esquivel Ramírez",2011,"México","Campeche","Escárcega","División del Norte","18","31","57.7",90,45,"45.3","Anahi Esquivel Ramírez","AER","32","0.64583333333333337",1,"September",2011,NA,NA,"Rainforest (modified)",NA,105,NA,"70% Ethanol","YES",18.5326944444444,-90.7625833333333
"26",NA,"Sauropsida","Teiidae","Aspidoscelis","angusticeps",NA,"Anahí Esquivel Ramírez",2011,"México","Campeche","Escárcega","División del Norte","18","31","57.7",90,45,"45.3","Anahi Esquivel Ramírez","AER","34","0.56736111111111109",2,"September",2011,NA,NA,"Rainforest (modified)",NA,105,NA,"70% Ethanol","YES",18.5326944444444,-90.7625833333333
"27",NA,"Sauropsida","Teiidae","Aspidoscelis","angusticeps",NA,"Anahí Esquivel Ramírez",2011,"México","Campeche","Escárcega","División del Norte","18","31","57.7",90,45,"45.3","Anahi Esquivel Ramírez","AER","35","0.57777777777777783",2,"September",2011,NA,NA,"Rainforest (modified)",NA,105,NA,"70% Ethanol","YES",18.5326944444444,-90.7625833333333
"28",NA,"Sauropsida","Teiidae","Aspidoscelis","angusticeps",NA,"Anahí Esquivel Ramírez",2011,"México","Campeche","Escárcega","División del Norte","18","31","57.7",90,45,"45.3","Anahi Esquivel Ramírez","AER","36","0.67361111111111116",2,"September",2011,NA,NA,"Rainforest (modified)",NA,105,NA,"70% Ethanol","YES",18.5326944444444,-90.7625833333333
"29",NA,"Sauropsida","Teiidae","Aspidoscelis","angusticeps",NA,"Anahí Esquivel Ramírez",2011,"México","Campeche","Escárcega","Don Samuel","18","21","47",90,51,"9","Anahi Esquivel Ramírez","AER","8","0.52083333333333337",26,"May",2011,NA,NA,"Rainforest (modified)",NA,88,NA,"70% Ethanol","YES",18.3630555555556,-90.8525
"30",NA,"Sauropsida","Teiidae","Aspidoscelis","angusticeps",NA,"Anahí Esquivel Ramírez",2011,"México","Campeche","Escárcega","Don Samuel","18","21","47",90,51,"9","Anahi Esquivel Ramírez","AER","14","0.50416666666666665",26,"May",2011,NA,NA,"Rainforest (modified)",NA,88,NA,"70% Ethanol","YES",18.3630555555556,-90.8525
"31",NA,"Sauropsida","Teiidae","Aspidoscelis","angusticeps",NA,"Anahí Esquivel Ramírez",2011,"México","Campeche","Escárcega","Don Samuel","18","21","47",90,51,"9","Anahi Esquivel Ramírez","AER","16","0.625",26,"May",2011,NA,NA,"Rainforest (modified)",NA,88,NA,"70% Ethanol","YES",18.3630555555556,-90.8525
"32",NA,"Sauropsida","Teiidae","Aspidoscelis","angusticeps",NA,"Anahí Esquivel Ramírez",2011,"México","Campeche","Escárcega","Escárcega","18","37","10",90,44,"98","Anahi Esquivel Ramírez","AER","9","0.63541666666666663",27,"May",2011,NA,NA,"Rainforest (modified)","Ground",110,NA,"70% Ethanol","YES",18.6194444444444,-90.7605555555556
"33",NA,"Sauropsida","Teiidae","Aspidoscelis","angusticeps",NA,"Anahí Esquivel Ramírez",2011,"México","Campeche","Escárcega","Escárcega","18","37","10",90,44,"98","Anahi Esquivel Ramírez","AER","11","0.64722222222222225",28,"May",2011,NA,NA,"Rainforest (modified)","Ground",110,NA,"70% Ethanol","YES",18.6194444444444,-90.7605555555556
"34",NA,"Sauropsida","Teiidae","Aspidoscelis","angusticeps",NA,"Anahí Esquivel Ramírez",2011,"México","Campeche","Escárcega","Escárcega","18","37","10",90,44,"98","Anahi Esquivel Ramírez","AER","18","0.70833333333333337",28,"May",2011,NA,NA,"Rainforest (modified)",NA,110,NA,"70% Ethanol","YES",18.6194444444444,-90.7605555555556
"35",NA,"Reptil","Teiidae","Aspidoscelis","angusticeps",NA,"Anahí Esquivel Ramírez",2011,"México","Campeche","Escárcega","Escárcega","18","37","10",90,44,"98","Anahí Esquivel Ramírez","AER","21","0.44097222222222227",28,"May",2011,"Male",NA,"Rainforest","Ground",110,NA,"70% Ethanol","YES",18.6194444444444,-90.7605555555556
"36",NA,"Sauropsida","Teiidae","Aspidoscelis","angusticeps",NA,"Anahí Esquivel Ramírez",2011,"México","Campeche","Escárcega","Escárcega","18","37","10",90,44,"98","Francisco T. Quezada Quezada","FTQQ","1","0.58611111111111114",30,"August",2011,NA,NA,"Rainforest (modified)",NA,110,NA,"70% Ethanol","YES",18.6194444444444,-90.7605555555556
"37",NA,"Sauropsida","Teiidae","Aspidoscelis","angusticeps",NA,"Anahí Esquivel Ramírez",2011,"México","Campeche","Escárcega","Escárcega","18","37","10",90,44,"98","Anahi Esquivel Ramírez","AER","25","0.71875",30,"August",2011,NA,NA,"Rainforest (modified)",NA,110,NA,"70% Ethanol","YES",18.6194444444444,-90.7605555555556
"38",NA,"Sauropsida","Teiidae","Aspidoscelis","angusticeps",NA,"Anahí Esquivel Ramírez",2011,"México","Campeche","Escárcega","Escárcega","18","37","10",90,44,"98","Francisco T. Quezada Quezada","FTQQ","2","0.5",31,"August",2011,NA,NA,"Rainforest (modified)",NA,110,NA,"70% Ethanol","YES",18.6194444444444,-90.7605555555556
"39",NA,"Sauropsida","Teiidae","Aspidoscelis","angusticeps",NA,"Anahí Esquivel Ramírez",2011,"México","Campeche","Escárcega","Escárcega","18","37","10",90,44,"98","Francisco T. Quezada Quezada","FTQQ","3","0.51041666666666663",31,"August",2011,NA,NA,"Rainforest (modified)",NA,110,NA,"70% Ethanol","YES",18.6194444444444,-90.7605555555556
"40",NA,"Sauropsida","Teiidae","Aspidoscelis","angusticeps",NA,"Anahí Esquivel Ramírez",2011,"México","Campeche","Escárcega","Escárcega","18","37","10",90,44,"98","Francisco T. Quezada Quezada","FTQQ","4","0.70833333333333337",31,"August",2011,NA,NA,"Rainforest (modified)",NA,110,NA,"70% Ethanol","YES",18.6194444444444,-90.7605555555556
"41",NA,"Sauropsida","Teiidae","Aspidoscelis","angusticeps",NA,"Anahí Esquivel Ramírez",2011,"México","Campeche","Escárcega","Escárcega","18","37","10",90,44,"98","Anahi Esquivel Ramírez","AER","28","0.63194444444444442",31,"August",2011,NA,NA,"Rainforest (modified)",NA,110,NA,"70% Ethanol","YES",18.6194444444444,-90.7605555555556
"42",NA,"Sauropsida","Teiidae","Aspidoscelis","angusticeps",NA,"Saúl F. Domínguez Guerrero",2010,"México","Campeche","Hopelchén","Las ruinas","19","46","12.1",89,52,"30.3","Saúl F. Domínguez Guerrero","SFDG","114","0.48958333333333331",18,"June",2010,"Female",NA,"Tropical forest","Ground",68,NA,"70% Ethanol","YES",19.7700277777778,-89.8750833333333
"43",NA,"Sauropsida","Teiidae","Aspidoscelis","angusticeps",NA,"Saúl F. Domínguez Guerrero",2010,"México","Campeche","Hopelchén","Las ruinas","19","46","9.4",89,52,"27.7","Saúl F. Domínguez Guerrero","SFDG","115","0.55555555555555558",18,"June",2010,"Female",NA,"Tropical forest","Under bush",65,NA,"70% Ethanol","YES",19.7692777777778,-89.8743611111111
"44",NA,"Sauropsida","Teiidae","Aspidoscelis","angusticeps",NA,"Saúl F. Domínguez Guerrero",2010,"México","Campeche","Hopelchén","Las ruinas","19","46","8.9",89,52,"27.9","Saúl F. Domínguez Guerrero","SFDG","116","0.56597222222222221",18,"June",2010,"Male",NA,"Tropical forest","Under bush",66,NA,"70% Ethanol","YES",19.7691388888889,-89.8744166666667
"45",NA,"Sauropsida","Teiidae","Aspidoscelis","angusticeps",NA,"Norma L. Manríquez Morán",2009,"México","Hidalgo","Tasquillo","Ojo de Agua","20","33.747",NA,99,20.615,NA,"Norma L. Manríquez Morán","NLMM","568",NA,23,"March",2009,NA,NA,"Xerophytic scrub","Under rock",1690,NA,"70% Ethanol","YES",20.56245,-99.3435833333333
"46",NA,"Sauropsida","Teiidae","Aspidoscelis","angusticeps",NA,"Norma L. Manríquez Morán",1999,"México","Quintana Roo","Bacalar","Bacalar","18","40","37.590000000000003",88,23,"20.91","Norma L. Manríquez Morán","NLMM","131",NA,13,"July",1999,NA,NA,"Rainforest","Among bushes",12,NA,"70% Ethanol",NA,18.6771083333333,-88.3891416666667
"47",NA,"Sauropsida","Teiidae","Aspidoscelis","angusticeps",NA,"Saúl F. Domínguez Guerrero",2010,"México","Quintana Roo","Bacalar","Bacalar","18","41","24.4",88,24,"10.1","Saúl F. Domínguez Guerrero","SFDG","162","0.47569444444444442",4,"September",2010,"Female",NA,"Rainforesttropical perenne","Ground",28,NA,"70% Ethanol","YES",18.6901111111111,-88.4028055555556
"48",NA,"Sauropsida","Teiidae","Aspidoscelis","angusticeps",NA,"Saúl F. Domínguez Guerrero",2010,"México","Quintana Roo","Bacalar","Bacalar","18","41","41.4",88,24,"24.4","Saúl F. Domínguez Guerrero","SFDG","163","0.52361111111111114",4,"September",2010,"Female",NA,"Rainforesttropical perenne","Ground",23,NA,"70% Ethanol","YES",18.6948333333333,-88.4067777777778
"49",NA,"Sauropsida","Teiidae","Aspidoscelis","angusticeps",NA,"Saúl F. Domínguez Guerrero",2010,"México","Quintana Roo","Bacalar","Bacalar","18","41","38.5",88,24,"27.1","Saúl F. Domínguez Guerrero","SFDG","164","4.5833333333333337E-2",5,"September",2010,NA,NA,"Rainforesttropical perenne","Ground",23,NA,"70% Ethanol","YES",18.6940277777778,-88.4075277777778
"50",NA,"Sauropsida","Teiidae","Aspidoscelis","angusticeps",NA,"Saúl F. Domínguez Guerrero",2010,"México","Quintana Roo","Bacalar","Bacalar","18","41","41.4",88,24,"30.3","Saúl F. Domínguez Guerrero","SFDG","165","9.7222222222222224E-2",5,"September",2010,NA,NA,"Rainforesttropical perenne","Ground",23,NA,"70% Ethanol","YES",18.6948333333333,-88.4084166666667
"51",NA,"Sauropsida","Teiidae","Aspidoscelis","angusticeps",NA,"Anahi Esquvel Ramírez",2010,"México","Quintana Roo","Bacalar","Bacalar","18","41","38.5",88,24,"27.1","Anahí Esquivel Ramírez","AER","1b","0.52986111111111112",5,"September",2010,NA,NA,"Rainforesttropical caducifolia","Under rock",23,NA,"70% Ethanol","YES",18.6940277777778,-88.4075277777778
"52",NA,"Sauropsida","Teiidae","Aspidoscelis","angusticeps",NA,"Anahi Esquvel Ramírez",2010,"México","Quintana Roo","Bacalar","Bacalar","18","41","38.5",88,24,"27.1","Anahí Esquivel Ramírez","AER","2","0.5395833333333333",5,"September",2010,NA,NA,"Rainforesttropical caducifolia","Among bushes",23,NA,"70% Ethanol","YES",18.6940277777778,-88.4075277777778
"53",NA,"Sauropsida","Teiidae","Aspidoscelis","angusticeps",NA,"Saúl F. Domínguez Guerrero",2010,"México","Quintana Roo","Felipe Carrillo Puerto","Felipe Carrillo Puerto","19","35","24",88,1,"15.6","Saúl F. Domínguez Guerrero","SFDG","166","0.50694444444444442",6,"September",2010,"Female",NA,"Rainforesttropical perenne","Ground",20,NA,"70% Ethanol","YES",19.59,-88.021
"54",NA,"Sauropsida","Teiidae","Aspidoscelis","angusticeps",NA,"Anahi Esquvel Ramírez",2010,"México","Quintana Roo","Felipe Carrillo Puerto","Felipe Carrillo Puerto","19","35","15.8",88,1,"27.4","Anahí Esquivel Ramírez","AER","3","0.49652777777777773",6,"September",2010,NA,NA,"Zona de cultivo","Under rock",17,NA,"70% Ethanol","YES",19.5877222222222,-88.0242777777778
"55",NA,"Sauropsida","Teiidae","Aspidoscelis","angusticeps",NA,"Saúl F. Domínguez Guerrero",2010,"México","Quintana Roo","Felipe Carrillo Puerto","Felipe Carrillo Puerto","19","35","9.6999999999999993",88,1,"37.299999999999997","Saúl F. Domínguez Guerrero","SFDG","167","0.44791666666666669",7,"September",2010,NA,NA,"Rainforesttropical perenne","Ground",19,NA,"70% Ethanol","YES",19.5860277777778,-88.0270277777778
"56",NA,"Sauropsida","Teiidae","Aspidoscelis","angusticeps",NA,"Saúl F. Domínguez Guerrero",2010,"México","Quintana Roo","Felipe Carrillo Puerto","Felipe Carrillo Puerto","19","35","9.6999999999999993",88,1,"37.299999999999997","Saúl F. Domínguez Guerrero","SFDG","168","0.47152777777777777",7,"September",2010,"Female",NA,"Rainforesttropical perenne","Ground",19,NA,"70% Ethanol","YES",19.5860277777778,-88.0270277777778
"57",NA,"Sauropsida","Teiidae","Aspidoscelis","angusticeps",NA,"Saúl F. Domínguez Guerrero",2010,"México","Quintana Roo","Felipe Carrillo Puerto","Felipe Carrillo Puerto","19","35","10.5",88,1,"36.4","Saúl F. Domínguez Guerrero","SFDG","169","0.4826388888888889",7,"September",2010,"Male",NA,"Rainforesttropical perenne","Ground",20,NA,"70% Ethanol","YES",19.58625,-88.0267777777778
"58",NA,"Sauropsida","Teiidae","Aspidoscelis","angusticeps",NA,"Saúl F. Domínguez Guerrero",2010,"México","Quintana Roo","Felipe Carrillo Puerto","Felipe Carrillo Puerto","19","35","10.5",88,1,"36.4","Saúl F. Domínguez Guerrero","SFDG","170","0.49305555555555558",7,"September",2010,NA,NA,"Rainforesttropical perenne","Ground",20,NA,"70% Ethanol","YES",19.58625,-88.0267777777778
"59",NA,"Sauropsida","Teiidae","Aspidoscelis","angusticeps",NA,"Saúl F. Domínguez Guerrero",2010,"México","Quintana Roo","Felipe Carrillo Puerto","Felipe Carrillo Puerto","19","35","23.8",88,1,"16.7","Saúl F. Domínguez Guerrero","SFDG","171","0.55000000000000004",7,"September",2010,"Female",NA,"Rainforesttropical perenne","Ground",20,NA,"70% Ethanol",NA,19.5899444444444,-88.0213055555556
"60",NA,"Sauropsida","Teiidae","Aspidoscelis","angusticeps",NA,"Saúl F. Domínguez Guerrero",2010,"México","Quintana Roo","Felipe Carrillo Puerto","Felipe Carrillo Puerto","19","35","9.6999999999999993",88,1,"37.299999999999997","Saúl F. Domínguez Guerrero","SFDG","172","0.65277777777777779",7,"September",2010,"Female",NA,"Rainforesttropical perenne","Ground",20,NA,"70% Ethanol","YES",19.5860277777778,-88.0270277777778
"61",NA,"Sauropsida","Teiidae","Aspidoscelis","angusticeps",NA,"Anahi Esquvel Ramírez",2010,"México","Quintana Roo","Felipe Carrillo Puerto","Felipe Carrillo Puerto","19","35","11",88,1,"54.2","Anahí Esquivel Ramírez","AER","4","0.63194444444444442",7,"September",2010,NA,NA,"Zona de cultivo","Ground",20,NA,"70% Ethanol","YES",19.5863888888889,-88.0317222222222
"62",NA,"Sauropsida","Teiidae","Aspidoscelis","angusticeps",NA,"Saúl F. Domínguez Guerrero",2010,"México","Quintana Roo","Felipe Carrillo Puerto","Polyuc","19","36","42",88,33,"52.7","Saúl F. Domínguez Guerrero","SFDG","173","0.42499999999999999",8,"September",2010,NA,NA,"Rainforesttropical perenne","Ground",25,NA,"70% Ethanol","YES",19.6116666666667,-88.5646388888889
"63",NA,"Sauropsida","Teiidae","Aspidoscelis","angusticeps",NA,"Saúl F. Domínguez Guerrero",2010,"México","Quintana Roo","Felipe Carrillo Puerto","Polyuc","19","36","41.9",88,33,"50.7","Saúl F. Domínguez Guerrero","SFDG","175","0.55833333333333335",8,"September",2010,"Female",NA,"Rainforesttropical perenne","Ground",36,NA,"70% Ethanol","YES",19.6116388888889,-88.5640833333333
"64",NA,"Sauropsida","Teiidae","Aspidoscelis","angusticeps",NA,"Anahi Esquvel Ramírez",2010,"México","Quintana Roo","Felipe Carrillo Puerto","Polyuc","19","36","29.7",88,33,"38.1","Anahí Esquivel Ramírez","AER","5","0.52500000000000002",8,"September",2010,NA,NA,"Rainforesttropical caducifolia","Ground",38,NA,"70% Ethanol","YES",19.60825,-88.5605833333333
"65",NA,"Sauropsida","Teiidae","Aspidoscelis","angusticeps",NA,"Anahi Esquvel Ramírez",2010,"México","Quintana Roo","Felipe Carrillo Puerto","Polyuc","19","36","42.1",88,35,"52.3","Anahí Esquivel Ramírez","AER","6","0.5625",8,"September",2010,NA,NA,"Rainforesttropical caducifolia","Under rock",32,NA,"70% Ethanol","YES",19.6116944444444,-88.5978611111111
"66",NA,"Sauropsida","Teiidae","Aspidoscelis","angusticeps",NA,"Saúl F. Domínguez Guerrero",2010,"México","Quintana Roo","Felipe Carrillo Puerto","Tihosuco","20","11","19",88,22,"28","Saúl F. Domínguez Guerrero","SFDG","177","0.61319444444444449",10,"September",2010,NA,NA,"Rainforesttropical perenne","Under rock",31,NA,"70% Ethanol","YES",20.1886111111111,-88.3744444444444
"67",NA,"Sauropsida","Teiidae","Aspidoscelis","angusticeps",NA,"Saúl F. Domínguez Guerrero",2010,"México","Quintana Roo","Felipe Carrillo Puerto","Tihosuco","20","11","19.2",88,22,"30","Saúl F. Domínguez Guerrero","SFDG","178","0.64166666666666672",10,"September",2010,NA,NA,"Rainforesttropical perenne","Ground",38,NA,"70% Ethanol","YES",20.1886666666667,-88.375
"68",NA,"Sauropsida","Teiidae","Aspidoscelis","angusticeps",NA,"Saúl F. Domínguez Guerrero",2010,"México","Quintana Roo","Lázaro Cárdenas","El Ideal","20","52","48.1",87,32,"46.1","Leonardo D. Orozco Rodríguez","LDOR","57","0.71875",25,"June",2010,"Female",NA,"Rainforest","Ground",27,NA,"70% Ethanol","YES",20.8800277777778,-87.5461388888889
"69",NA,"Sauropsida","Teiidae","Aspidoscelis","angusticeps",NA,"Norma L. Manríquez Morán",2000,"México","Quintana Roo","Othón P. Blanco","Carr. Chetumal-Bacalar","18","31","14.5",88,22,"5.0999999999999996","Norma L. Manríquez Morán","NLMM","203",NA,12,"July",2000,NA,"Adult","Rainforest","Ground",19,NA,"70% Ethanol","YES",18.5206944444444,-88.3680833333333
"70",NA,"Sauropsida","Teiidae","Aspidoscelis","angusticeps",NA,"Norma L. Manríquez Morán",2009,"México","Quintana Roo","Othón P. Blanco","Carr. Chetumal-Bacalar","18","31","39.4",88,22,"42.8","Norma L. Manríquez Morán","NLMM","384","10:32 h",23,"March",2009,NA,NA,"Rainforest","Ground",20,NA,"70% Ethanol","YES",18.5276111111111,-88.3785555555556
"71",NA,"Sauropsida","Teiidae","Aspidoscelis","angusticeps",NA,"Norma L. Manríquez Morán",2009,"México","Quintana Roo","Othón P. Blanco","Carr. Chetumal-Bacalar","18","31","39.4",88,22,"42.8","Norma L. Manríquez Morán","NLMM","385","10:48 h",23,"March",2009,NA,NA,"Rainforest","Ground",20,NA,"70% Ethanol","YES",18.5276111111111,-88.3785555555556
"72",NA,"Sauropsida","Teiidae","Aspidoscelis","angusticeps",NA,"Norma L. Manríquez Morán",2009,"México","Quintana Roo","Othón P. Blanco","Carr. Chetumal-Bacalar","18","31","39.4",88,22,"42.8","Norma L. Manríquez Morán","NLMM","387","11:31 h",23,"March",2009,NA,NA,"Rainforest","Ground",20,NA,"70% Ethanol","YES",18.5276111111111,-88.3785555555556
"73",NA,"Sauropsida","Teiidae","Aspidoscelis","angusticeps",NA,"Norma L. Manríquez Morán",2009,"México","Quintana Roo","Othón P. Blanco","Carr. Chetumal-Bacalar","18","31","9.4",88,22,"42.8","Norma L. Manríquez Morán","NLMM","389","12:03 h",23,"March",2009,NA,NA,"Rainforest","Ground",20,NA,"70% Ethanol","YES",18.5192777777778,-88.3785555555556
"74",NA,"Sauropsida","Teiidae","Aspidoscelis","angusticeps",NA,"Norma L. Manríquez Morán",2009,"México","Quintana Roo","Othón P. Blanco","Carr. Chetumal-Bacalar","18","31","14.5",88,22,"5.0999999999999996","Norma L. Manríquez Morán","NLMM","390","12:14 h",23,"March",2009,NA,NA,"Rainforest","Ground",19,NA,"70% Ethanol","YES",18.5206944444444,-88.3680833333333
"75",NA,"Sauropsida","Teiidae","Aspidoscelis","angusticeps",NA,"Norma L. Manríquez Morán",2009,"México","Quintana Roo","Othón P. Blanco","Carr. Chetumal-Bacalar","18","31","14.5",88,22,"5.0999999999999996","Norma L. Manríquez Morán","NLMM","391","12:35  h",23,"March",2009,NA,NA,"Rainforest","Ground",19,NA,"70% Ethanol","YES",18.5206944444444,-88.3680833333333
"76",NA,"Sauropsida","Teiidae","Aspidoscelis","angusticeps",NA,"Norma L. Manríquez Morán",2009,"México","Quintana Roo","Othón P. Blanco","Carr. Chetumal-Bacalar","18","31","14.5",88,22,"5.0999999999999996","Norma L. Manríquez Morán","NLMM","392","13: 08 h",23,"March",2009,NA,NA,"Rainforest","Ground",19,NA,"70% Ethanol","YES",18.5206944444444,-88.3680833333333
"77",NA,"Sauropsida","Teiidae","Aspidoscelis","angusticeps",NA,"Norma L. Manríquez Morán",2009,"México","Quintana Roo","Othón P. Blanco","Carr. Chetumal-Bacalar","18","31","14.5",88,22,"5.0999999999999996","Norma L. Manríquez Morán","NLMM","393","13: 15 h",23,"March",2009,NA,NA,"Rainforest","Ground",19,NA,"70% Ethanol","YES",18.5206944444444,-88.3680833333333
"78",NA,"Sauropsida","Teiidae","Aspidoscelis","angusticeps",NA,"Norma L. Manríquez Morán",1999,"México","Quintana Roo","Othón P. Blanco","Luis Echeverria","18","39","11.44",88,12,"59.63","Norma L. Manríquez Morán","NLMM","132",NA,13,"July",1999,NA,NA,"Rainforest","Among bushes",5,NA,"70% Ethanol","YES",18.6531777777778,-88.2165638888889
"79",NA,"Sauropsida","Teiidae","Aspidoscelis","angusticeps",NA,"Norma L. Manríquez Morán",1999,"México","Quintana Roo","Othón P. Blanco","Luis Echeverria","18","39","11.44",88,12,"59.63","Norma L. Manríquez Morán","NLMM","133",NA,13,"July",1999,NA,NA,"Rainforest","Among bushes",5,NA,"70% Ethanol",NA,18.6531777777778,-88.2165638888889
"80",NA,"Sauropsida","Teiidae","Aspidoscelis","angusticeps",NA,"Norma L. Manríquez Morán",2009,"México","Quintana Roo","Othón P. Blanco","Pedro A Santos","18","57","5",88,10,"38.4","Norma L. Manríquez Morán","NLMM","388","14:46 h",24,"March",2009,NA,NA,"Rainforest","Ground",17,NA,"70% Ethanol","YES",18.9513888888889,-88.1773333333333
"81",NA,"Sauropsida","Teiidae","Aspidoscelis","angusticeps",NA,"Norma L. Manríquez Morán",2009,"México","Quintana Roo","Othón P. Blanco","Pedro A Santos","18","57","5",88,10,"38.4","Norma L. Manríquez Morán","NLMM","394","14:54 h",24,"March",2009,NA,NA,"Rainforest","Ground",17,NA,"70% Ethanol","YES",18.9513888888889,-88.1773333333333
"82",NA,"Sauropsida","Teiidae","Aspidoscelis","angusticeps",NA,"Saúl F. Domínguez Guerrero",2010,"México","Quintana Roo","Othón P. Blanco","Pedro A. Santos","18","57","9.6999999999999993",88,9,"59.3","Saúl F. Domínguez Guerrero","SFDG","176","0.44513888888888892",9,"September",2010,NA,NA,"Rainforesttropical perenne","Ground",23,NA,"70% Ethanol","YES",18.9526944444444,-88.1664722222222
"83",NA,"Sauropsida","Teiidae","Aspidoscelis","angusticeps",NA,"Norma L. Manríquez Morán",1999,"México","Yucatán","Celestún","Celestún","20","51","49.36",90,23,"57.7","Norma L. Manríquez Morán","NLMM","138",NA,22,"August",1999,NA,NA,"Halophytic vegetation","Beach",1,NA,"70% Ethanol","YES",20.8637111111111,-90.3993611111111
"84",NA,"Sauropsida","Teiidae","Aspidoscelis","angusticeps",NA,"Norma L. Manríquez Morán",1999,"México","Yucatán","Celestún","Celestún","20","51","49.36",90,23,"57.7","Norma L. Manríquez Morán","NLMM","139",NA,22,"August",1999,NA,NA,"Halophytic vegetation","Beach",1,NA,"70% Ethanol","YES",20.8637111111111,-90.3993611111111
"85",NA,"Sauropsida","Teiidae","Aspidoscelis","angusticeps",NA,"Norma L. Manríquez Morán",1999,"México","Yucatán","Celestún","Celestún","20","51","49.36",90,23,"57.7","Norma L. Manríquez Morán","NLMM","140",NA,22,"August",1999,NA,NA,"Halophytic vegetation","Beach",1,NA,"70% Ethanol","YES",20.8637111111111,-90.3993611111111
"86",NA,"Sauropsida","Teiidae","Aspidoscelis","angusticeps",NA,"Norma L. Manríquez Morán",1999,"México","Yucatán","Celestún","Celestún","20","51","49.36",90,23,"57.7","Norma L. Manríquez Morán","NLMM","141",NA,22,"August",1999,NA,NA,"Halophytic vegetation","Beach",1,NA,"70% Ethanol",NA,20.8637111111111,-90.3993611111111
"87",NA,"Sauropsida","Teiidae","Aspidoscelis","angusticeps",NA,"Norma L. Manríquez Morán",1999,"México","Yucatán","Celestún","Celestún","20","51","49.36",90,23,"57.7","Norma L. Manríquez Morán","NLMM","142",NA,22,"August",1999,NA,NA,"Halophytic vegetation","Beach",1,NA,"70% Ethanol",NA,20.8637111111111,-90.3993611111111
"88",NA,"Sauropsida","Teiidae","Aspidoscelis","angusticeps",NA,"Norma L. Manríquez Morán",1999,"México","Yucatán","Celestún","Celestún","20","51","49.36",90,23,"57.7","Norma L. Manríquez Morán","NLMM","143",NA,22,"August",1999,NA,NA,"Halophytic vegetation","Beach",1,NA,"70% Ethanol","YES",20.8637111111111,-90.3993611111111
"89",NA,"Sauropsida","Teiidae","Aspidoscelis","angusticeps",NA,"Norma L. Manríquez Morán",1999,"México","Yucatán","Celestún","Celestún","20","51","49.36",90,23,"57.7","Norma L. Manríquez Morán","NLMM","144",NA,22,"August",1999,NA,NA,"Halophytic vegetation","Beach",1,NA,"70% Ethanol","YES",20.8637111111111,-90.3993611111111
"90",NA,"Sauropsida","Teiidae","Aspidoscelis","angusticeps",NA,"Norma L. Manríquez Morán",1999,"México","Yucatán","Celestún","Celestún","20","51","49.36",90,23,"57.7","Norma L. Manríquez Morán","NLMM","145",NA,22,"August",1999,NA,NA,"Halophytic vegetation","Beach",1,NA,"70% Ethanol",NA,20.8637111111111,-90.3993611111111
"91",NA,"Sauropsida","Teiidae","Aspidoscelis","angusticeps",NA,"Norma L. Manríquez Morán",1999,"México","Yucatán","Celestún","Celestún","20","51","49.36",90,23,"57.7","Norma L. Manríquez Morán","NLMM","146",NA,22,"August",1999,NA,NA,"Halophytic vegetation","Beach",1,NA,"70% Ethanol","YES",20.8637111111111,-90.3993611111111
"92",NA,"Sauropsida","Teiidae","Aspidoscelis","angusticeps",NA,"Norma L. Manríquez Morán",2000,"México","Yucatán","Celestún","Celestún","20","51","49.36",90,23,"57.7","Norma L. Manríquez Morán","NLMM","162",NA,6,"July",2000,NA,NA,"Halophytic vegetation","Beach",1,NA,"70% Ethanol",NA,20.8637111111111,-90.3993611111111
"93",NA,"Sauropsida","Teiidae","Aspidoscelis","angusticeps",NA,"Norma L. Manríquez Morán",2000,"México","Yucatán","Celestún","Celestún","20","51","49.36",90,23,"57.7","Norma L. Manríquez Morán","NLMM","163",NA,6,"July",2000,NA,NA,"Halophytic vegetation","Beach",1,NA,"70% Ethanol",NA,20.8637111111111,-90.3993611111111
"94",NA,"Sauropsida","Teiidae","Aspidoscelis","angusticeps",NA,"Norma L. Manríquez Morán",2000,"México","Yucatán","Celestún","Celestún","20","51","49.36",90,23,"57.7","Norma L. Manríquez Morán","NLMM","164",NA,6,"July",2000,NA,NA,"Halophytic vegetation","Beach",1,NA,"70% Ethanol",NA,20.8637111111111,-90.3993611111111
"95",NA,"Sauropsida","Teiidae","Aspidoscelis","angusticeps",NA,"Norma L. Manríquez Morán",2000,"México","Yucatán","Celestún","Celestún","20","51","49.36",90,23,"57.7","Norma L. Manríquez Morán","NLMM","165",NA,6,"July",2000,NA,NA,"Halophytic vegetation","Beach",1,NA,"70% Ethanol",NA,20.8637111111111,-90.3993611111111
"96",NA,"Sauropsida","Teiidae","Aspidoscelis","angusticeps",NA,"Norma L. Manríquez Morán",2000,"México","Yucatán","Celestún","Celestún","20","51","49.36",90,23,"57.7","Norma L. Manríquez Morán","NLMM","166",NA,6,"July",2000,NA,NA,"Halophytic vegetation","Beach",1,NA,"70% Ethanol",NA,20.8637111111111,-90.3993611111111
"97",NA,"Sauropsida","Teiidae","Aspidoscelis","angusticeps",NA,"Norma L. Manríquez Morán",2000,"México","Yucatán","Celestún","Celestún","20","51","49.36",90,23,"57.7","Norma L. Manríquez Morán","NLMM","167",NA,6,"July",2000,NA,NA,"Halophytic vegetation","Beach",1,NA,"70% Ethanol",NA,20.8637111111111,-90.3993611111111
"98",NA,"Sauropsida","Teiidae","Aspidoscelis","angusticeps",NA,"Norma L. Manríquez Morán",2000,"México","Yucatán","Celestún","Celestún","20","51","49.36",90,23,"57.7","Norma L. Manríquez Morán","NLMM","168",NA,6,"July",2000,NA,NA,"Halophytic vegetation","Beach",1,NA,"70% Ethanol",NA,20.8637111111111,-90.3993611111111
"99",NA,"Sauropsida","Teiidae","Aspidoscelis","angusticeps",NA,"Norma L. Manríquez Morán",2000,"México","Yucatán","Celestún","Celestún","20","51","49.36",90,23,"57.7","Norma L. Manríquez Morán","NLMM","169",NA,6,"July",2000,NA,NA,"Halophytic vegetation","Beach",1,NA,"70% Ethanol",NA,20.8637111111111,-90.3993611111111
"100",NA,"Sauropsida","Teiidae","Aspidoscelis","angusticeps",NA,"Norma L. Manríquez Morán",2000,"México","Yucatán","Celestún","Celestún","20","51","49.36",90,23,"57.7","Norma L. Manríquez Morán","NLMM","170",NA,6,"July",2000,NA,NA,"Halophytic vegetation","Beach",1,NA,"70% Ethanol","YES",20.8637111111111,-90.3993611111111
"101",NA,"Sauropsida","Teiidae","Aspidoscelis","angusticeps",NA,"Norma L. Manríquez Morán",2009,"México","Yucatán","Celestún","Celestún","20","51","33",90,23,"40","Norma L. Manríquez Morán","NLMM","395","11: 50 h",18,"April",2009,NA,NA,"Vegetación halofita","Beach",1,NA,"70% Ethanol","YES",20.8591666666667,-90.3944444444444
"102",NA,"Sauropsida","Teiidae","Aspidoscelis","angusticeps",NA,"Norma L. Manríquez Morán",2009,"México","Yucatán","Celestún","Celestún","20","51","33",90,23,"40","Norma L. Manríquez Morán","NLMM","396","12:22 h",18,"April",2009,NA,NA,"Vegetación halofita","Beach",1,NA,"70% Ethanol","YES",20.8591666666667,-90.3944444444444
"103",NA,"Sauropsida","Teiidae","Aspidoscelis","angusticeps",NA,"Norma L. Manríquez Morán",2009,"México","Yucatán","Celestún","Celestún","20","51","33",90,23,"40","Norma L. Manríquez Morán","NLMM","397","12:33 h",18,"April",2009,NA,NA,"Vegetación halofita","Beach",1,NA,"70% Ethanol","YES",20.8591666666667,-90.3944444444444
"104",NA,"Sauropsida","Teiidae","Aspidoscelis","angusticeps",NA,"Norma L. Manríquez Morán",2009,"México","Yucatán","Celestún","Celestún","20","51","33",90,23,"40","Norma L. Manríquez Morán","NLMM","398","12:52 h",18,"April",2009,NA,NA,"Vegetación halofita","Beach",1,NA,"70% Ethanol","YES",20.8591666666667,-90.3944444444444
"105",NA,"Sauropsida","Teiidae","Aspidoscelis","angusticeps",NA,"Norma L. Manríquez Morán",2009,"México","Yucatán","Celestún","Celestún","20","51","33",90,23,"40","Norma L. Manríquez Morán","NLMM","399","13:08 h",18,"April",2009,NA,NA,"Vegetación halofita","Beach",1,NA,"70% Ethanol","YES",20.8591666666667,-90.3944444444444
"106",NA,"Sauropsida","Teiidae","Aspidoscelis","angusticeps",NA,"Saúl F. Domínguez Guerrero",2010,"México","Yucatán","Motul","Motul","21","5","37.4",89,18,"3.8","Saúl F. Domínguez Guerrero","SFDG","120","0.5",21,"June",2010,"Female",NA,"Rainforest","Under rock",15,NA,"70% Ethanol","YES",21.0937222222222,-89.3010555555555
"107",NA,"Sauropsida","Teiidae","Aspidoscelis","angusticeps",NA,"Saúl F. Domínguez Guerrero",2010,"México","Yucatán","Motul","Motul","21","5","26.4",89,18,"11.2","Saúl F. Domínguez Guerrero","SFDG","121","0.57291666666666663",21,"June",2010,"Male",NA,"Rainforest","Under rock",16,NA,"70% Ethanol","YES",21.0906666666667,-89.3031111111111
"108",NA,"Sauropsida","Teiidae","Aspidoscelis","angusticeps",NA,"Saúl F. Domínguez Guerrero",2010,"México","Yucatán","Motul","Motul","21","5","26.4",89,18,"11.2","Saúl F. Domínguez Guerrero","SFDG","122","0.58333333333333337",21,"June",2010,"Male",NA,"Rainforest","Under rock",15,NA,"70% Ethanol","YES",21.0906666666667,-89.3031111111111
"109",NA,"Sauropsida","Teiidae","Aspidoscelis","angusticeps",NA,"Saúl F. Domínguez Guerrero",2010,"México","Yucatán","Motul","Motul","21","5","26.4",89,18,"11.2","Saúl F. Domínguez Guerrero","SFDG","123","0.61527777777777781",21,"June",2010,"Male",NA,"Rainforest","Under bush",15,NA,"70% Ethanol","YES",21.0906666666667,-89.3031111111111
"110",NA,"Sauropsida","Teiidae","Aspidoscelis","angusticeps",NA,"Saúl F. Domínguez Guerrero",2010,"México","Yucatán","Motul","Motul","21","5","36.799999999999997",89,18,"3.4","Leonardo D. Orozco Rodríguez","LDOR","51","0.48958333333333331",21,"June",2010,"Male",NA,"Rainforest","Under rock",13,NA,"70% Ethanol","YES",21.0935555555556,-89.3009444444444
"111",NA,"Sauropsida","Teiidae","Aspidoscelis","angusticeps",NA,"Saúl F. Domínguez Guerrero",2010,"México","Yucatán","Motul","Motul","21","5","22.1",89,18,"11.3","Leonardo D. Orozco Rodríguez","LDOR","52","0.6430555555555556",21,"June",2010,"Male",NA,"Rainforest","Under bush",13,NA,"70% Ethanol","YES",21.0894722222222,-89.3031388888889
"112",NA,"Sauropsida","Teiidae","Aspidoscelis","angusticeps",NA,"Saúl F. Domínguez Guerrero",2010,"México","Yucatán","Oxkutzcab","Oxkutzcab","20","16","49",89,23,"57.9","Saúl F. Domínguez Guerrero","SFDG","179","0.67569444444444438",12,"September",2010,NA,NA,"Rainforesttropical caducifolia","Ground",38,NA,"70% Ethanol","YES",20.2802777777778,-89.3994166666667
"113",NA,"Sauropsida","Teiidae","Aspidoscelis","angusticeps",NA,"Saúl F. Domínguez Guerrero",2010,"México","Yucatán","Oxkutzcab","Oxkutzcab","20","16","49",89,23,"57.9","Saúl F. Domínguez Guerrero","SFDG","180","0.6875",12,"September",2010,NA,NA,"Rainforesttropical caducifolia","Ground",41,NA,"70% Ethanol","YES",20.2802777777778,-89.3994166666667
"114",NA,"Sauropsida","Teiidae","Aspidoscelis","angusticeps",NA,"Anahi Esquvel Ramírez",2010,"México","Yucatán","Oxkutzcab","Oxkutzcab","20","16","49.7",89,23,"57.2","Anahí Esquivel Ramírez","AER","7","0.62847222222222221",12,"September",2010,NA,NA,"Rainforesttropical caducifolia","Under rock",50,NA,"70% Ethanol","YES",20.2804722222222,-89.3992222222222
"115",NA,"Sauropsida","Teiidae","Aspidoscelis","angusticeps",NA,"Norma L. Manríquez Morán",1999,"México","Yucatán","Telchac Puerto","Telchac","21","20","37.78",89,15,"44.85","Norma L. Manríquez Morán","NLMM","137",NA,21,"August",1999,NA,NA,"Halophytic vegetation","Beach",1,NA,"70% Ethanol","YES",21.3438277777778,-89.2624583333333
"116",NA,"Sauropsida","Teiidae","Aspidoscelis","angusticeps",NA,"Anahí Esquivel Ramírez",2011,"México","Yucatán","Tizimin","Rio Lagartos","21","34","54.1",88,9,"32.200000000000003","Francisco T. Quezada Quezada","FTQQ","15","0.625",8,"September",2011,NA,NA,"Rainforest (modified)",NA,4,NA,"70% Ethanol","YES",21.5816944444444,-88.1589444444444
"117",NA,"Sauropsida","Teiidae","Aspidoscelis","angusticeps",NA,"Anahí Esquivel Ramírez",2011,"México","Yucatán","Tizimin","Rio Lagartos","21","34","54.1",88,9,"32.200000000000003","Francisco T. Quezada Quezada","FTQQ","16","0.66666666666666663",8,"September",2011,NA,NA,"Rainforest (modified)",NA,4,NA,"70% Ethanol","YES",21.5816944444444,-88.1589444444444
"118",NA,"Sauropsida","Teiidae","Aspidoscelis","angusticeps",NA,"Anahí Esquivel Ramírez",2011,"México","Yucatán","Tizimin","Río Lagartos","21","34","57.7",88,9,"26.3","Anahi Esquivel Ramírez","AER","48","0.60416666666666663",7,"September",2011,NA,NA,"Rainforest (modified)",NA,6,NA,"70% Ethanol","YES",21.5826944444444,-88.1573055555556
"119",NA,"Sauropsida","Teiidae","Aspidoscelis","angusticeps",NA,"Saúl F. Domínguez Guerrero",2010,"México","Yucatán","Umán","Umán","20","52","3.1",89,46,"25","Leonardo Daniel Orozco Rodríguez","LDOR","46","0.4861111111111111",19,"June",2010,"Female",NA,"Tropical forest","Under bush",13,NA,"70% Ethanol","YES",20.8675277777778,-89.7736111111111
"120",NA,"Sauropsida","Teiidae","Aspidoscelis","angusticeps",NA,"Saúl F. Domínguez Guerrero",2010,"México","Yucatán","Umán","Umán","20","52","24.1",89,46,"26","Leonardo Daniel Orozco Rodríguez","LDOR","47","0.50416666666666665",19,"June",2010,"Female",NA,"Tropical forest","Under bush",12,NA,"70% Ethanol","YES",20.8733611111111,-89.7738888888889
"121",NA,"Sauropsida","Teiidae","Aspidoscelis","angusticeps",NA,"Saúl F. Domínguez Guerrero",2010,"México","Yucatán","Umán","Umán","20","52","27.9",89,46,"25.7","Leonardo D. Orozco Rodríguez","LDOR","48","0.45833333333333331",20,"June",2010,"Female",NA,"Tropical forest","Under bush",12,NA,"70% Ethanol","YES",20.8744166666667,-89.7738055555556
"122",NA,"Sauropsida","Teiidae","Aspidoscelis","angusticeps",NA,"Saúl F. Domínguez Guerrero",2010,"México","Yucatán","Umán","Umán","20","52","27.7",89,46,"25.7","Leonardo D. Orozco Rodríguez","LDOR","49","0.54166666666666663",20,"June",2010,"Male",NA,"Tropical forest","Under rock",12,NA,"70% Ethanol","YES",20.8743611111111,-89.7738055555556
"123",NA,"Sauropsida","Teiidae","Aspidoscelis","angusticeps",NA,"Saúl F. Domínguez Guerrero",2010,"México","Yucatán","Umán","Umán","20","52","27.7",89,46,"25.7","Leonardo D. Orozco Rodríguez","LDOR","50","0.58333333333333337",20,"June",2010,"Male",NA,"Tropical forest","Under bush",12,NA,"70% Ethanol","YES",20.8743611111111,-89.7738055555556
"124",NA,"Sauropsida","Teiidae","Aspidoscelis","angusticeps",NA,"Saúl F. Domínguez Guerrero",2010,"México","Yucatán","Umán","Umán","20","52","22.8",89,46,"26.9","Saúl F. Domínguez Guerrero","SFDG","117","0.48749999999999999",20,"June",2010,"Male",NA,"Tropical forest","Under rock",8,NA,"70% Ethanol","YES",20.873,-89.7741388888889
"125",NA,"Sauropsida","Teiidae","Aspidoscelis","angusticeps",NA,"Saúl F. Domínguez Guerrero",2010,"México","Yucatán","Umán","Umán","20","52","22.6",89,46,"25.6","Saúl F. Domínguez Guerrero","SFDG","118","0.52777777777777779",20,"June",2010,"Male",NA,"Tropical forest","Under rock",10,NA,"70% Ethanol","YES",20.8729444444444,-89.7737777777778
"126",NA,"Sauropsida","Teiidae","Aspidoscelis","angusticeps",NA,"Saúl F. Domínguez Guerrero",2010,"México","Yucatán","Umán","Umán","20","52","22.6",89,46,"25.6","Saúl F. Domínguez Guerrero","SFDG","119","0.61805555555555558",20,"June",2010,"Male",NA,"Tropical forest","Under bush",10,NA,"70% Ethanol","YES",20.8729444444444,-89.7737777777778
"127",NA,"Sauropsida","Teiidae","Aspidoscelis","angusticeps",NA,"Saúl F. Domínguez Guerrero",2010,"México","Yucatán","Valladolid","Dzinup","20","39","14.9",88,14,"39","Saúl F. Domínguez Guerrero","SFDG","124","0.5444444444444444",23,"June",2010,"Male",NA,"Rainforest","Under rock",27,NA,"70% Ethanol","YES",20.6541388888889,-88.2441666666667
"128",NA,"Sauropsida","Teiidae","Aspidoscelis","angusticeps",NA,"Saúl F. Domínguez Guerrero",2010,"México","Yucatán","Valladolid","Dzinup","20","39","16.399999999999999",88,14,"38.6","Saúl F. Domínguez Guerrero","SFDG","125","0.56041666666666667",23,"June",2010,"Male",NA,"Rainforest","Under rock",27,NA,"70% Ethanol","YES",20.6545555555556,-88.2440555555556
"129",NA,"Sauropsida","Teiidae","Aspidoscelis","angusticeps",NA,"Saúl F. Domínguez Guerrero",2010,"México","Yucatán","Valladolid","Dzinup","20","39","16.399999999999999",88,14,"38.6","Saúl F. Domínguez Guerrero","SFDG","126","0.58333333333333337",23,"June",2010,"Female",NA,"Rainforest","Under rock",27,NA,"70% Ethanol","YES",20.6545555555556,-88.2440555555556
"130",NA,"Sauropsida","Teiidae","Aspidoscelis","angusticeps",NA,"Saúl F. Domínguez Guerrero",2010,"México","Yucatán","Valladolid","Dzinup","20","39","16.399999999999999",88,14,"38.6","Saúl F. Domínguez Guerrero","SFDG","127","0.59236111111111112",23,"June",2010,"Male",NA,"Rainforest","Under bush",27,NA,"70% Ethanol","YES",20.6545555555556,-88.2440555555556
"131",NA,"Sauropsida","Teiidae","Aspidoscelis","angusticeps",NA,"Saúl F. Domínguez Guerrero",2010,"México","Yucatán","Valladolid","Dzinup","20","39","35.6",88,14,"37.1","Leonardo D. Orozco Rodríguez","LDOR","53","0.46875",23,"June",2010,"Male",NA,"Rainforest","Ground",27,NA,"70% Ethanol","YES",20.6598888888889,-88.2436388888889
"132",NA,"Sauropsida","Teiidae","Aspidoscelis","angusticeps",NA,"Saúl F. Domínguez Guerrero",2010,"México","Yucatán","Valladolid","Dzinup","20","39","17.3",88,14,"40.5","Leonardo D. Orozco Rodríguez","LDOR","54","0.5083333333333333",23,"June",2010,"Female",NA,"Rainforest","Ground",27,NA,"70% Ethanol","YES",20.6548055555556,-88.2445833333333
"133",NA,"Sauropsida","Teiidae","Aspidoscelis","angusticeps",NA,"Saúl F. Domínguez Guerrero",2010,"México","Yucatán","Valladolid","Dzinup","20","39","17.3",88,14,"40.5","Leonardo D. Orozco Rodríguez","LDOR","55","0.52638888888888891",23,"June",2010,"Female",NA,"Rainforest","Ground",27,NA,"70% Ethanol","YES",20.6548055555556,-88.2445833333333
"134",NA,"Sauropsida","Teiidae","Aspidoscelis","angusticeps",NA,"Saúl F. Domínguez Guerrero",2010,"México","Yucatán","Valladolid","Dzinup","20","39","17.3",88,14,"40.5","Leonardo D. Orozco Rodríguez","LDOR","56","0.57291666666666663",23,"June",2010,"Female",NA,"Rainforest","Ground",27,NA,"70% Ethanol","YES",20.6548055555556,-88.2445833333333
"135",NA,"Sauropsida","Teiidae","Aspidoscelis","Aspidoscis","angusticeps","Jorge E. González Espinoza",2011,"México","Quintana Roo","Sian Kaan","Isla Chaal",NA,NA,NA,NA,NA,NA,"Jorge E. González Espinoza","JEGE","362","0.65",10,"May",2011,NA,"Adult","Halophytic vegetation","Beach",1,NA,"70% Ethanol",NA,NA,NA
"136",NA,"Sauropsida","Teiidae","Aspidoscelis","cozumelus",NA,"Norma L. Manríquez Morán",1999,"México","Quintana Roo","Cozumel","Isla Cozumel","20","25","31.96",86,50,"27.87","Norma L. Manríquez Morán","NLMM","035","0.40833333333333338",10,"March",1999,"Female","Adult","Halophytic vegetation","Beach",1,"Pathenogenetic","70% Ethanol","YES",20.4255444444444,-86.841075
"137",NA,"Sauropsida","Teiidae","Aspidoscelis","cozumelus",NA,"Norma L. Manríquez Morán",1999,"México","Quintana Roo","Cozumel","Isla Cozumel","20","25","31.96",86,50,"27.87","Norma L. Manríquez Morán","NLMM","036","0.4145833333333333",10,"March",1999,"Female","Adult","Halophytic vegetation","Beach",1,"Pathenogenetic","70% Ethanol",NA,20.4255444444444,-86.841075
"138",NA,"Sauropsida","Teiidae","Aspidoscelis","cozumelus",NA,"Norma L. Manríquez Morán",1999,"México","Quintana Roo","Cozumel","Isla Cozumel","20","25","31.96",86,50,"27.87","Norma L. Manríquez Morán","NLMM","037","0.4201388888888889",10,"March",1999,"Female","Adult","Halophytic vegetation","Beach",1,"Pathenogenetic","70% Ethanol",NA,20.4255444444444,-86.841075
"139",NA,"Sauropsida","Teiidae","Aspidoscelis","cozumelus",NA,"Norma L. Manríquez Morán",1999,"México","Quintana Roo","Cozumel","Isla Cozumel","20","25","31.96",86,50,"27.87","Norma L. Manríquez Morán","NLMM","038","0.42569444444444443",10,"March",1999,"Female","Adult","Halophytic vegetation","Beach",1,"Pathenogenetic","70% Ethanol",NA,20.4255444444444,-86.841075
"140",NA,"Sauropsida","Teiidae","Aspidoscelis","cozumelus",NA,"Norma L. Manríquez Morán",1999,"México","Quintana Roo","Cozumel","Isla Cozumel","20","25","31.96",86,50,"27.87","Norma L. Manríquez Morán","NLMM","039","0.4368055555555555",10,"March",1999,"Female","Adult","Halophytic vegetation","Beach",1,"Pathenogenetic","70% Ethanol",NA,20.4255444444444,-86.841075
"141",NA,"Sauropsida","Teiidae","Aspidoscelis","cozumelus",NA,"Norma L. Manríquez Morán",1999,"México","Quintana Roo","Cozumel","Isla Cozumel","20","25","31.96",86,50,"27.87","Norma L. Manríquez Morán","NLMM","040","0.44305555555555554",10,"March",1999,"Female","Adult","Halophytic vegetation","Beach",1,"Pathenogenetic","70% Ethanol",NA,20.4255444444444,-86.841075
"142",NA,"Sauropsida","Teiidae","Aspidoscelis","cozumelus",NA,"Norma L. Manríquez Morán",1999,"México","Quintana Roo","Cozumel","Isla Cozumel","20","25","31.96",86,50,"27.87","Norma L. Manríquez Morán","NLMM","041","0.4513888888888889",10,"March",1999,"Female","Adult","Halophytic vegetation","Beach",1,"Pathenogenetic","70% Ethanol",NA,20.4255444444444,-86.841075
"143",NA,"Sauropsida","Teiidae","Aspidoscelis","cozumelus",NA,"Norma L. Manríquez Morán",1999,"México","Quintana Roo","Cozumel","Isla Cozumel","20","25","31.96",86,50,"27.87","Norma L. Manríquez Morán","NLMM","042","0.45763888888888887",10,"March",1999,"Female","Adult","Halophytic vegetation","Beach",1,"Pathenogenetic","70% Ethanol",NA,20.4255444444444,-86.841075
"144",NA,"Sauropsida","Teiidae","Aspidoscelis","cozumelus",NA,"Norma L. Manríquez Morán",1999,"México","Quintana Roo","Cozumel","Isla Cozumel","20","25","31.96",86,50,"27.87","Norma L. Manríquez Morán","NLMM","043","0.46666666666666662",10,"March",1999,"Female","Adult","Halophytic vegetation","Beach",1,"Pathenogenetic","70% Ethanol",NA,20.4255444444444,-86.841075
"145",NA,"Sauropsida","Teiidae","Aspidoscelis","cozumelus",NA,"Norma L. Manríquez Morán",1999,"México","Quintana Roo","Cozumel","Isla Cozumel","20","25","31.96",86,50,"27.87","Norma L. Manríquez Morán","NLMM","044","0.4777777777777778",10,"March",1999,"Female","Adult","Halophytic vegetation","Beach",1,"Pathenogenetic","70% Ethanol",NA,20.4255444444444,-86.841075
"146",NA,"Sauropsida","Teiidae","Aspidoscelis","cozumelus",NA,"Norma L. Manríquez Morán",1999,"México","Quintana Roo","Cozumel","Isla Cozumel","20","25","31.96",86,50,"27.87","Norma L. Manríquez Morán","NLMM","045","0.49305555555555558",10,"March",1999,"Female","Adult","Halophytic vegetation","Beach",1,"Pathenogenetic","70% Ethanol",NA,20.4255444444444,-86.841075
"147",NA,"Sauropsida","Teiidae","Aspidoscelis","cozumelus",NA,"Norma L. Manríquez Morán",1999,"México","Quintana Roo","Cozumel","Mezcalitos","20","25","31.96",86,50,"27.87","Norma L. Manríquez Morán","NLMM","104",NA,10,"July",1999,"Female","Adult","Halophytic vegetation","Beach",1,"Pathenogenetic","70% Ethanol",NA,20.4255444444444,-86.841075
"148",NA,"Sauropsida","Teiidae","Aspidoscelis","cozumelus",NA,"Norma L. Manríquez Morán",1999,"México","Quintana Roo","Cozumel","Mezcalitos","20","25","31.96",86,50,"27.87","Norma L. Manríquez Morán","NLMM","105",NA,10,"July",1999,"Female","Adult","Halophytic vegetation","Beach",1,"Pathenogenetic","70% Ethanol","YES",20.4255444444444,-86.841075
"149",NA,"Sauropsida","Teiidae","Aspidoscelis","cozumelus",NA,"Norma L. Manríquez Morán",1999,"México","Quintana Roo","Cozumel","Mezcalitos","20","25","31.96",86,50,"27.87","Norma L. Manríquez Morán","NLMM","106",NA,10,"July",1999,"Female","Adult","Halophytic vegetation","Beach",1,"Pathenogenetic","70% Ethanol","YES",20.4255444444444,-86.841075
"150",NA,"Sauropsida","Teiidae","Aspidoscelis","cozumelus",NA,"Norma L. Manríquez Morán",1999,"México","Quintana Roo","Cozumel","Mezcalitos","20","25","31.96",86,50,"27.87","Norma L. Manríquez Morán","NLMM","107",NA,10,"July",1999,"Female","Adult","Halophytic vegetation","Beach",1,"Pathenogenetic","70% Ethanol","YES",20.4255444444444,-86.841075
"151",NA,"Sauropsida","Teiidae","Aspidoscelis","cozumelus",NA,"Norma L. Manríquez Morán",1999,"México","Quintana Roo","Cozumel","Mezcalitos","20","25","31.96",86,50,"27.87","Norma L. Manríquez Morán","NLMM","108",NA,10,"July",1999,"Female","Adult","Halophytic vegetation","Beach",1,"Pathenogenetic","70% Ethanol","YES",20.4255444444444,-86.841075
"152",NA,"Sauropsida","Teiidae","Aspidoscelis","cozumelus",NA,"Norma L. Manríquez Morán",1999,"México","Quintana Roo","Cozumel","Mezcalitos","20","25","31.96",86,50,"27.87","Norma L. Manríquez Morán","NLMM","109",NA,10,"July",1999,"Female","Adult","Halophytic vegetation","Beach",1,"Pathenogenetic","70% Ethanol",NA,20.4255444444444,-86.841075
"153",NA,"Sauropsida","Teiidae","Aspidoscelis","cozumelus",NA,"Norma L. Manríquez Morán",1999,"México","Quintana Roo","Cozumel","Mezcalitos","20","25","31.96",86,50,"27.87","Norma L. Manríquez Morán","NLMM","110",NA,10,"July",1999,"Female","Adult","Halophytic vegetation","Beach",1,"Pathenogenetic","70% Ethanol",NA,20.4255444444444,-86.841075
"154",NA,"Sauropsida","Teiidae","Aspidoscelis","cozumelus",NA,"Norma L. Manríquez Morán",1999,"México","Quintana Roo","Cozumel","Mezcalitos","20","25","31.96",86,50,"27.87","Norma L. Manríquez Morán","NLMM","111",NA,10,"July",1999,"Female","Adult","Halophytic vegetation","Beach",1,"Pathenogenetic","70% Ethanol","YES",20.4255444444444,-86.841075
"155",NA,"Sauropsida","Teiidae","Aspidoscelis","cozumelus",NA,"Norma L. Manríquez Morán",1999,"México","Quintana Roo","Cozumel","Mezcalitos","20","25","31.96",86,50,"27.87","Norma L. Manríquez Morán","NLMM","112",NA,10,"July",1999,"Female","Adult","Halophytic vegetation","Beach",1,"Pathenogenetic","70% Ethanol",NA,20.4255444444444,-86.841075
"156",NA,"Sauropsida","Teiidae","Aspidoscelis","cozumelus",NA,"Norma L. Manríquez Morán",1999,"México","Quintana Roo","Cozumel","Mezcalitos","20","25","31.96",86,50,"27.87","Norma L. Manríquez Morán","NLMM","113",NA,10,"July",1999,"Female","Adult","Halophytic vegetation","Beach",1,"Pathenogenetic","70% Ethanol","YES",20.4255444444444,-86.841075
"157",NA,"Sauropsida","Teiidae","Aspidoscelis","cozumelus",NA,"Norma L. Manríquez Morán",1999,"México","Quintana Roo","Cozumel","Mezcalitos","20","25","31.96",86,50,"27.87","Norma L. Manríquez Morán","NLMM","114",NA,10,"July",1999,"Female","Adult","Halophytic vegetation","Beach",1,"Pathenogenetic","70% Ethanol",NA,20.4255444444444,-86.841075
"158",NA,"Sauropsida","Teiidae","Aspidoscelis","cozumelus",NA,"Norma L. Manríquez Morán",1999,"México","Quintana Roo","Cozumel","Mezcalitos","20","25","31.96",86,50,"27.87","Norma L. Manríquez Morán","NLMM","115",NA,10,"July",1999,"Female","Adult","Halophytic vegetation","Beach",1,"Pathenogenetic","70% Ethanol",NA,20.4255444444444,-86.841075
"159",NA,"Sauropsida","Teiidae","Aspidoscelis","cozumelus",NA,"Norma L. Manríquez Morán",1999,"México","Quintana Roo","Cozumel","Mezcalitos","20","25","31.96",86,50,"27.87","Norma L. Manríquez Morán","NLMM","116",NA,10,"July",1999,"Female","Adult","Halophytic vegetation","Beach",1,"Pathenogenetic","70% Ethanol","YES",20.4255444444444,-86.841075
"160",NA,"Sauropsida","Teiidae","Aspidoscelis","cozumelus",NA,"Norma L. Manríquez Morán",1999,"México","Quintana Roo","Cozumel","Mezcalitos","20","25","31.96",86,50,"27.87","Norma L. Manríquez Morán","NLMM","117",NA,10,"July",1999,"Female","Adult","Halophytic vegetation","Beach",1,"Pathenogenetic","70% Ethanol",NA,20.4255444444444,-86.841075
"161",NA,"Sauropsida","Teiidae","Aspidoscelis","cozumelus",NA,"Norma L. Manríquez Morán",1999,"México","Quintana Roo","Cozumel","Mezcalitos","20","25","31.96",86,50,"27.87","Norma L. Manríquez Morán","NLMM","118",NA,10,"July",1999,"Female","Adult","Halophytic vegetation","Beach",1,"Pathenogenetic","70% Ethanol","YES",20.4255444444444,-86.841075
"162",NA,"Sauropsida","Teiidae","Aspidoscelis","cozumelus",NA,"Norma L. Manríquez Morán",1999,"México","Quintana Roo","Cozumel","Mezcalitos","20","25","31.96",86,50,"27.87","Norma L. Manríquez Morán","NLMM","119",NA,10,"July",1999,"Female","Adult","Halophytic vegetation","Beach",1,"Pathenogenetic","70% Ethanol",NA,20.4255444444444,-86.841075
"163",NA,"Sauropsida","Teiidae","Aspidoscelis","cozumelus",NA,"Norma L. Manríquez Morán",1999,"México","Quintana Roo","Cozumel","Mezcalitos","20","25","31.96",86,50,"27.87","Norma L. Manríquez Morán","NLMM","135",NA,20,"August",1999,"Female","Adult","Halophytic vegetation","Beach",1,"Pathenogenetic","70% Ethanol",NA,20.4255444444444,-86.841075
"164",NA,"Sauropsida","Teiidae","Aspidoscelis","cozumelus",NA,"Norma L. Manríquez Morán",1999,"México","Quintana Roo","Cozumel","Mezcalitos","20","25","31.96",86,50,"27.87","Norma L. Manríquez Morán","NLMM","136",NA,20,"August",1999,"Female","Adult","Halophytic vegetation","Beach",1,"Pathenogenetic","70% Ethanol","YES",20.4255444444444,-86.841075
"165",NA,"Sauropsida","Teiidae","Aspidoscelis","cozumelus",NA,"Norma L. Manríquez Morán",2000,"México","Quintana Roo","Cozumel","Mezcalitos","20","25","31.96",86,50,"27.87","Norma L. Manríquez Morán","NLMM","551",NA,20,"August",1999,"Female","Adult","Halophytic vegetation","Beach",1,"Pathenogenetic","70% Ethanol",NA,20.4255444444444,-86.841075
"166",NA,"Sauropsida","Teiidae","Aspidoscelis","cozumelus",NA,"Norma L. Manríquez Morán",2001,"México","Quintana Roo","Cozumel","Mezcalitos","20","25","31.96",86,50,"27.87","Norma L. Manríquez Morán","NLMM","552",NA,20,"August",1999,"Female","Adult","Halophytic vegetation","Beach",1,"Pathenogenetic","70% Ethanol",NA,20.4255444444444,-86.841075
"167",NA,"Sauropsida","Teiidae","Aspidoscelis","cozumelus",NA,"Norma L. Manríquez Morán",2002,"México","Quintana Roo","Cozumel","Mezcalitos","20","25","31.96",86,50,"27.87","Norma L. Manríquez Morán","NLMM","553",NA,20,"August",1999,"Female","Adult","Halophytic vegetation","Beach",1,"Pathenogenetic","70% Ethanol",NA,20.4255444444444,-86.841075
"168",NA,"Sauropsida","Teiidae","Aspidoscelis","cozumelus",NA,"Norma L. Manríquez Morán",2003,"México","Quintana Roo","Cozumel","Mezcalitos","20","25","31.96",86,50,"27.87","Norma L. Manríquez Morán","NLMM","554",NA,20,"August",1999,"Female","Adult","Halophytic vegetation","Beach",1,"Pathenogenetic","70% Ethanol",NA,20.4255444444444,-86.841075
"169",NA,"Sauropsida","Teiidae","Aspidoscelis","cozumelus",NA,"Norma L. Manríquez Morán",2004,"México","Quintana Roo","Cozumel","Mezcalitos","20","25","31.96",86,50,"27.87","Norma L. Manríquez Morán","NLMM","555",NA,20,"August",1999,"Female","Adult","Halophytic vegetation","Beach",1,"Pathenogenetic","70% Ethanol",NA,20.4255444444444,-86.841075
"170",NA,"Sauropsida","Teiidae","Aspidoscelis","cozumelus",NA,"Norma L. Manríquez Morán",2005,"México","Quintana Roo","Cozumel","Mezcalitos","20","25","31.96",86,50,"27.87","Norma L. Manríquez Morán","NLMM","556",NA,20,"August",1999,"Female","Adult","Halophytic vegetation","Beach",1,"Pathenogenetic","70% Ethanol",NA,20.4255444444444,-86.841075
"171",NA,"Sauropsida","Teiidae","Aspidoscelis","cozumelus",NA,"Norma L. Manríquez Morán",2006,"México","Quintana Roo","Cozumel","Mezcalitos","20","25","31.96",86,50,"27.87","Norma L. Manríquez Morán","NLMM","557",NA,20,"August",1999,"Female","Adult","Halophytic vegetation","Beach",1,"Pathenogenetic","70% Ethanol",NA,20.4255444444444,-86.841075
"172",NA,"Sauropsida","Teiidae","Aspidoscelis","cozumelus",NA,"Norma L. Manríquez Morán",2007,"México","Quintana Roo","Cozumel","Mezcalitos","20","25","31.96",86,50,"27.87","Norma L. Manríquez Morán","NLMM","558",NA,20,"August",1999,"Female","Adult","Halophytic vegetation","Beach",1,"Pathenogenetic","70% Ethanol",NA,20.4255444444444,-86.841075
"173",NA,"Sauropsida","Teiidae","Aspidoscelis","cozumelus",NA,"Norma L. Manríquez Morán",2008,"México","Quintana Roo","Cozumel","Mezcalitos","20","25","31.96",86,50,"27.87","Norma L. Manríquez Morán","NLMM","559",NA,20,"August",1999,"Female","Adult","Halophytic vegetation","Beach",1,"Pathenogenetic","70% Ethanol",NA,20.4255444444444,-86.841075
"174",NA,"Sauropsida","Teiidae","Aspidoscelis","cozumelus",NA,"Norma L. Manríquez Morán",2009,"México","Quintana Roo","Cozumel","Mezcalitos","20","25","31.96",86,50,"27.87","Norma L. Manríquez Morán","NLMM","560",NA,20,"August",1999,"Female","Adult","Halophytic vegetation","Beach",1,"Pathenogenetic","70% Ethanol",NA,20.4255444444444,-86.841075
"175",NA,"Sauropsida","Teiidae","Aspidoscelis","cozumelus",NA,"Norma L. Manríquez Morán",2010,"México","Quintana Roo","Cozumel","Mezcalitos","20","25","31.96",86,50,"27.87","Norma L. Manríquez Morán","NLMM","561",NA,20,"August",1999,"Female","Adult","Halophytic vegetation","Beach",1,"Pathenogenetic","70% Ethanol",NA,20.4255444444444,-86.841075
"176",NA,"Sauropsida","Teiidae","Aspidoscelis","cozumelus",NA,"Norma L. Manríquez Morán",2000,"México","Quintana Roo","Cozumel","Mezcalitos","20","25","31.96",86,50,"27.87","Norma L. Manríquez Morán","NLMM","181",NA,9,"July",2000,"Female","Adult","Halophytic vegetation","Beach",1,"Pathenogenetic","70% Ethanol",NA,20.4255444444444,-86.841075
"177",NA,"Sauropsida","Teiidae","Aspidoscelis","cozumelus",NA,"Norma L. Manríquez Morán",2000,"México","Quintana Roo","Cozumel","Mezcalitos","20","25","31.96",86,50,"27.87","Norma L. Manríquez Morán","NLMM","182",NA,9,"July",2000,"Female","Adult","Halophytic vegetation","Beach",1,"Pathenogenetic","70% Ethanol",NA,20.4255444444444,-86.841075
"178",NA,"Sauropsida","Teiidae","Aspidoscelis","cozumelus",NA,"Norma L. Manríquez Morán",2000,"México","Quintana Roo","Cozumel","Mezcalitos","20","25","31.96",86,50,"27.87","Norma L. Manríquez Morán","NLMM","183",NA,9,"July",2000,"Female","Adult","Halophytic vegetation","Beach",1,"Pathenogenetic","70% Ethanol",NA,20.4255444444444,-86.841075
"179",NA,"Sauropsida","Teiidae","Aspidoscelis","cozumelus",NA,"Norma L. Manríquez Morán",2000,"México","Quintana Roo","Cozumel","Mezcalitos","20","25","31.96",86,50,"27.87","Norma L. Manríquez Morán","NLMM","184",NA,9,"July",2000,"Female","Adult","Halophytic vegetation","Beach",1,"Pathenogenetic","70% Ethanol",NA,20.4255444444444,-86.841075
"180",NA,"Sauropsida","Teiidae","Aspidoscelis","cozumelus",NA,"Norma L. Manríquez Morán",2000,"México","Quintana Roo","Cozumel","Mezcalitos","20","25","31.96",86,50,"27.87","Norma L. Manríquez Morán","NLMM","185",NA,9,"July",2000,"Female","Adult","Halophytic vegetation","Beach",1,"Pathenogenetic","70% Ethanol","YES",20.4255444444444,-86.841075
"181",NA,"Sauropsida","Teiidae","Aspidoscelis","cozumelus",NA,"Norma L. Manríquez Morán",2000,"México","Quintana Roo","Cozumel","Mezcalitos","20","25","31.96",86,50,"27.87","Norma L. Manríquez Morán","NLMM","186",NA,9,"July",2000,"Female","Adult","Halophytic vegetation","Beach",1,"Pathenogenetic","70% Ethanol",NA,20.4255444444444,-86.841075
"182",NA,"Sauropsida","Teiidae","Aspidoscelis","cozumelus",NA,"Norma L. Manríquez Morán",2000,"México","Quintana Roo","Cozumel","Mezcalitos","20","25","31.96",86,50,"27.87","Norma L. Manríquez Morán","NLMM","187",NA,9,"July",2000,"Female","Adult","Halophytic vegetation","Beach",1,"Pathenogenetic","70% Ethanol",NA,20.4255444444444,-86.841075
"183",NA,"Sauropsida","Teiidae","Aspidoscelis","cozumelus",NA,"Norma L. Manríquez Morán",2000,"México","Quintana Roo","Cozumel","Mezcalitos","20","25","31.96",86,50,"27.87","Norma L. Manríquez Morán","NLMM","188",NA,9,"July",2000,"Female","Adult","Halophytic vegetation","Beach",1,"Pathenogenetic","70% Ethanol",NA,20.4255444444444,-86.841075
"184",NA,"Sauropsida","Teiidae","Aspidoscelis","cozumelus",NA,"Norma L. Manríquez Morán",2000,"México","Quintana Roo","Cozumel","Mezcalitos","20","25","31.96",86,50,"27.87","Norma L. Manríquez Morán","NLMM","189",NA,9,"July",2000,"Female","Adult","Halophytic vegetation","Beach",1,"Pathenogenetic","70% Ethanol",NA,20.4255444444444,-86.841075
"185",NA,"Sauropsida","Teiidae","Aspidoscelis","cozumelus",NA,"Norma L. Manríquez Morán",2000,"México","Quintana Roo","Cozumel","Mezcalitos","20","25","31.96",86,50,"27.87","Norma L. Manríquez Morán","NLMM","190",NA,9,"July",2000,"Female","Adult","Halophytic vegetation","Beach",1,"Pathenogenetic","70% Ethanol",NA,20.4255444444444,-86.841075
"186",NA,"Sauropsida","Teiidae","Aspidoscelis","cozumelus",NA,"Norma L. Manríquez Morán",2000,"México","Quintana Roo","Cozumel","San Gervacio","20","29","53.58",86,50,"41.39","Norma L. Manríquez Morán","NLMM","191",NA,9,"July",2000,"Female","Adult","Rainforest","Among bushes",1,"Pathenogenetic","70% Ethanol","YES",20.4982166666667,-86.8448305555555
"187",NA,"Sauropsida","Teiidae","Aspidoscelis","deppii",NA,"Saúl F. Domínguez Guerrero",2010,"México","Campeche","Carmen","Ciudad del Carmen","18","39","50.7",91,49,"9.1999999999999993","Saúl F. Domínguez Guerrero","SFDG","105","0.5625",15,"June",2010,"Male",NA,"Halophytic vegetation","Ground",3,NA,"70% Ethanol","YES",18.6640833333333,-91.8192222222222
"188",NA,"Sauropsida","Teiidae","Aspidoscelis","deppii",NA,"Saúl F. Domínguez Guerrero",2010,"México","Campeche","Carmen","Ciudad del Carmen","18","39","50.9",91,49,"9.6","Saúl F. Domínguez Guerrero","SFDG","106","0.58333333333333337",15,"June",2010,"Male",NA,"Halophytic vegetation","Ground",3,NA,"70% Ethanol","YES",18.6641388888889,-91.8193333333333
"189",NA,"Sauropsida","Teiidae","Aspidoscelis","deppii",NA,"Saúl F. Domínguez Guerrero",2010,"México","Campeche","Carmen","Ciudad del Carmen","18","39","50.6",91,49,"9.1999999999999993","Saúl F. Domínguez Guerrero","SFDG","107","0.59513888888888888",15,"June",2010,"Male",NA,"Halophytic vegetation","Ground",3,NA,"70% Ethanol","YES",18.6640555555556,-91.8192222222222
"190",NA,"Sauropsida","Teiidae","Aspidoscelis","deppii",NA,"Saúl F. Domínguez Guerrero",2010,"México","Campeche","Carmen","Ciudad del Carmen","18","39","50.5",91,49,"9","Saúl F. Domínguez Guerrero","SFDG","108","0.60972222222222217",15,"June",2010,"Female",NA,"Halophytic vegetation","Ground",3,NA,"70% Ethanol","YES",18.6640277777778,-91.8191666666667
"191",NA,"Sauropsida","Teiidae","Aspidoscelis","deppii",NA,"Saúl F. Domínguez Guerrero",2010,"México","Campeche","Carmen","Ciudad del Carmen","18","39","50.8",91,49,"9.8000000000000007","Saúl F. Domínguez Guerrero","SFDG","109","0.6430555555555556",15,"June",2010,"Male",NA,"Halophytic vegetation","Ground",3,NA,"70% Ethanol","YES",18.6641111111111,-91.8193888888889
"192",NA,"Sauropsida","Teiidae","Aspidoscelis","deppii",NA,"Saúl F. Domínguez Guerrero",2010,"México","Campeche","Carmen","Ciudad del Carmen","18","39","50.8",91,49,"9.4","Leonardo D. Orozco Rodríguez","LDOR","37","0.55277777777777781",15,"June",2010,"Female",NA,"Halophytic vegetation","Ground",3,NA,"70% Ethanol","YES",18.6641111111111,-91.8192777777778
"193",NA,"Sauropsida","Teiidae","Aspidoscelis","deppii",NA,"Saúl F. Domínguez Guerrero",2010,"México","Campeche","Carmen","Ciudad del Carmen","18","39","50.7",91,49,"9.1999999999999993","Leonardo D. Orozco Rodríguez","LDOR","38","0.58194444444444449",15,"June",2010,"Female",NA,"Halophytic vegetation","Ground",3,NA,"70% Ethanol","YES",18.6640833333333,-91.8192222222222
"194",NA,"Sauropsida","Teiidae","Aspidoscelis","deppii",NA,"Saúl F. Domínguez Guerrero",2010,"México","Campeche","Carmen","Ciudad del Carmen","18","39","50.6",91,49,"9.8000000000000007","Leonardo D. Orozco Rodríguez","LDOR","39","0.60416666666666663",15,"June",2010,"Male",NA,"Halophytic vegetation","Ground",3,NA,"70% Ethanol","YES",18.6640555555556,-91.8193888888889
"195",NA,"Sauropsida","Teiidae","Aspidoscelis","deppii",NA,"Saúl F. Domínguez Guerrero",2010,"México","Campeche","Carmen","Ciudad del Carmen","18","39","50.2",91,49,"9.4","Leonardo D. Orozco Rodríguez","LDOR","40","0.62083333333333335",15,"June",2010,"Female",NA,"Halophytic vegetation","Ground",3,NA,"70% Ethanol","YES",18.6639444444444,-91.8192777777778
"196",NA,"Sauropsida","Teiidae","Aspidoscelis","deppii",NA,"Saúl F. Domínguez Guerrero",2010,"México","Campeche","Carmen","Ciudad del Carmen","18","39","50.7",91,49,"9.4","Leonardo D. Orozco Rodríguez","LDOR","41","0.63749999999999996",15,"June",2010,"Female",NA,"Halophytic vegetation","Ground",3,NA,"70% Ethanol","YES",18.6640833333333,-91.8192777777778
"197",NA,"Sauropsida","Teiidae","Aspidoscelis","deppii",NA,"Saúl F. Domínguez Guerrero",2010,"México","Campeche","Carmen","Ciudad del Carmen","18","39","50.4",91,49,"9.1999999999999993","Saúl F. Domínguez Guerrero","SFDG","110","0.5",16,"June",2010,"Male",NA,"Halophytic vegetation","Ground",3,NA,"70% Ethanol","YES",18.664,-91.8192222222222
"198",NA,"Sauropsida","Teiidae","Aspidoscelis","deppii",NA,"Saúl F. Domínguez Guerrero",2010,"México","Campeche","Carmen","Ciudad del Carmen","18","39","50",91,49,"10.7","Saúl F. Domínguez Guerrero","SFDG","111","0.50694444444444442",16,"June",2010,"Female",NA,"Halophytic vegetation","Ground",3,NA,"70% Ethanol","YES",18.6638888888889,-91.8196388888889
"199",NA,"Sauropsida","Teiidae","Aspidoscelis","deppii",NA,"Saúl F. Domínguez Guerrero",2010,"México","Campeche","Carmen","Ciudad del Carmen","18","39","50",91,49,"10.7","Saúl F. Domínguez Guerrero","SFDG","112","0.51736111111111105",16,"June",2010,"Male",NA,"Halophytic vegetation","Ground",3,NA,"70% Ethanol","YES",18.6638888888889,-91.8196388888889
"200",NA,"Sauropsida","Teiidae","Aspidoscelis","deppii",NA,"Saúl F. Domínguez Guerrero",2010,"México","Campeche","Carmen","Ciudad del Carmen","18","39","50",91,49,"10.7","Saúl F. Domínguez Guerrero","SFDG","113","0.52430555555555558",16,"June",2010,"Male",NA,"Halophytic vegetation","Ground",3,NA,"70% Ethanol","YES",18.6638888888889,-91.8196388888889
"201",NA,"Sauropsida","Teiidae","Aspidoscelis","deppii",NA,"Saúl F. Domínguez Guerrero",2010,"México","Campeche","Carmen","Ciudad del Carmen","18","39","50",91,49,"10.7","Leonardo D. Orozco Rodríguez","LDOR","42","0.51041666666666663",16,"June",2010,"Male",NA,"Halophytic vegetation","Ground",3,NA,"70% Ethanol","YES",18.6638888888889,-91.8196388888889
"202",NA,"Sauropsida","Teiidae","Aspidoscelis","deppii",NA,"Saúl F. Domínguez Guerrero",2010,"México","Campeche","Carmen","Ciudad del Carmen","18","39","50",91,49,"10.7","Leonardo D. Orozco Rodríguez","LDOR","43","0.52430555555555558",16,"June",2010,"Female",NA,"Halophytic vegetation","Ground",3,NA,"70% Ethanol","YES",18.6638888888889,-91.8196388888889
"203",NA,"Sauropsida","Teiidae","Aspidoscelis","deppii",NA,"Saúl F. Domínguez Guerrero",2010,"México","Campeche","Carmen","Ciudad del Carmen","18","39","50",91,49,"10.7","Leonardo D. Orozco Rodríguez","LDOR","44","0.53819444444444442",16,"June",2010,"Male",NA,"Halophytic vegetation","Ground",3,NA,"70% Ethanol","YES",18.6638888888889,-91.8196388888889
"204",NA,"Sauropsida","Teiidae","Aspidoscelis","deppii",NA,"Saúl F. Domínguez Guerrero",2010,"México","Campeche","Carmen","Ciudad del Carmen","18","39","50",91,49,"10.7","Leonardo D. Orozco Rodríguez","LDOR","45","0.54166666666666663",16,"June",2010,"Male",NA,"Halophytic vegetation","Ground",3,NA,"70% Ethanol","YES",18.6638888888889,-91.8196388888889
"205",NA,"Sauropsida","Teiidae","Aspidoscelis","deppii",NA,"Norma L. Manríquez Morán",2012,"México","Chiapas","Acala","20 de Noviembre","16","30","47",92,53,"5.9","Saúl F. Domínguez Guerrero","SFDG","298","0.66666666666666663",11,"July",2012,"Male","Adult",NA,NA,470,NA,"70% Ethanol","YES",16.5130555555556,-92.8849722222222
"206",NA,"Sauropsida","Teiidae","Aspidoscelis","deppii",NA,"Norma L. Manríquez Morán",2011,"México","Chiapas","Chiapa de Corzo","Chiapa de Corzo","16","42","35.4",92,59,"40.700000000000003","Saúl F. Domínguez Guerrero","SFDG","271","0.54374999999999996",1,"June",2011,"Male",NA,"Rainforest (modified)","En Ground",456,NA,"70% Ethanol","YES",16.7098333333333,-92.9946388888889
"207",NA,"Sauropsida","Teiidae","Aspidoscelis","deppii",NA,"Norma L. Manríquez Morán",2011,"México","Chiapas","Frontera Comalapa","Pablo L. Sidar","15","50","28.3",92,16,"35.6","Norma L. Manríquez Morán","NLMM","441","0.64583333333333337",29,"May",2011,"Male","Adult","Rainforest","Ground",680,NA,"70% Ethanol","YES",15.8411944444444,-92.2765555555556
"208",NA,"Sauropsida","Teiidae","Aspidoscelis","deppii",NA,"Norma L. Manríquez Morán",2011,"México","Chiapas","Frontera Comalapa",NA,"15","43","43.7",92,14,"15.7","Norma L. Manríquez Morán","NLMM","437","0.51388888888888895",29,"May",2011,NA,NA,"Rainforest","Ground",608,NA,"70% Ethanol",NA,15.7288055555556,-92.2376944444444
"209",NA,"Sauropsida","Teiidae","Aspidoscelis","deppii",NA,"Norma L. Manríquez Morán",2011,"México","Chiapas","La Trinitaria","La Campana","16","0","57.7",92,2,"4.5999999999999996","Saúl F. Domínguez Guerrero","SFDG","238","0.4236111111111111",26,"May",2011,"Female",NA,"Rainforest (modified)","Ground",768,NA,"70% Ethanol","YES",16.0160277777778,-92.0346111111111
"210",NA,"Sauropsida","Teiidae","Aspidoscelis","deppii",NA,"Norma L. Manríquez Morán",2011,"México","Chiapas","La Trinitaria","La Campana","16","1","2",92,2,"11.3","Saúl F. Domínguez Guerrero","SFDG","239","0.4375",26,"May",2011,"Male",NA,"Rainforest (modified)","Ground",760,NA,"70% Ethanol","YES",16.0172222222222,-92.0364722222222
"211",NA,"Sauropsida","Teiidae","Aspidoscelis","deppii",NA,"Norma L. Manríquez Morán",2011,"México","Chiapas","La Trinitaria","La Campana","16","1","4.4000000000000004",92,2,"15","Saúl F. Domínguez Guerrero","SFDG","244","0.47222222222222227",26,"May",2011,"Male",NA,"Rainforest (modified)","Ground",765,NA,"70% Ethanol","YES",16.0178888888889,-92.0375
"212",NA,"Sauropsida","Teiidae","Aspidoscelis","deppii",NA,"Norma L. Manríquez Morán",2012,"México","Chiapas","La Trinitaria","La Campana","16","0","11",92,0,"52.8","Norma L. Manríquez Morán","NLMM","433","0.46875",27,"May",2011,NA,NA,"Rainforest","Ground",789,NA,"70% Ethanol","YES",16.0030555555556,-92.0146666666667
"213",NA,"Sauropsida","Teiidae","Aspidoscelis","deppii",NA,"Norma L. Manríquez Morán",2011,"México","Chiapas","La Trinitaria","Nuevo Zapaluta","16","1","50.9",92,5,"38.4","Saúl F. Domínguez Guerrero","SFDG","254","0.51111111111111118",28,"May",2011,"Female",NA,"Rainforest (modified)","Ground",725,NA,"70% Ethanol","YES",16.0308055555556,-92.094
"214",NA,"Sauropsida","Teiidae","Aspidoscelis","deppii",NA,"Norma L. Manríquez Morán",2014,"México","Chiapas","La Trinitaria","San Francisco","16","1","14.9",92,2,"32.700000000000003","Norma L. Manríquez Morán","NLMM","435","0.53263888888888888",27,"May",2011,NA,NA,"Rainforest","Ground",780,NA,"70% Ethanol","YES",16.0208055555556,-92.0424166666667
"215",NA,"Sauropsida","Teiidae","Aspidoscelis","deppii",NA,"Norma L. Manríquez Morán",2015,"México","Chiapas","La Trinitaria","San Francisco","16","0","0",92,1,"21.5","Norma L. Manríquez Morán","NLMM","436","0.70833333333333337",27,"May",2011,NA,NA,"Rainforest","Ground",770,NA,"70% Ethanol",NA,16,-92.0226388888889
"216",NA,"Sauropsida","Teiidae","Aspidoscelis","deppii",NA,"Norma L. Manríquez Morán",2011,"México","Chiapas","La Trinitaria","San Francisco","16","1","16.600000000000001",92,2,"36.200000000000003","Norma L. Manríquez Morán","NLMM","442","0.57152777777777775",30,"May",2011,"Female","Adult","Rainforest","Ground",773,NA,"70% Ethanol","YES",16.0212777777778,-92.0433888888889
"217",NA,"Sauropsida","Teiidae","Aspidoscelis","deppii",NA,"Norma L. Manríquez Morán",2011,"México","Chiapas","La Trinitaria","San Francisco","16","0","51.7",92,1,"50.7","Norma L. Manríquez Morán","NLMM","445","0.69305555555555554",30,"May",2011,"Male","Adult","Rainforest","Ground",787,NA,"70% Ethanol","YES",16.0143611111111,-92.03075
"218",NA,"Sauropsida","Teiidae","Aspidoscelis","deppii",NA,"Norma L. Manríquez Morán",2012,"México","Chiapas","La Trinitaria","San Francisco","16","0","25.5",92,1,"16.7","Víctor M. Martínez Bustos","VMMB","8","0.51388888888888895",8,"July",2012,NA,"Adult",NA,NA,765,NA,"70% Ethanol","YES",16.0070833333333,-92.0213055555556
"219",NA,"Sauropsida","Teiidae","Aspidoscelis","deppii",NA,"Norma L. Manríquez Morán",2012,"México","Chiapas","Venustiano Carranza","Paraíso Grijalva","16","13","3.2",92,39,"44","Saúl F. Domínguez Guerrero","SFDG","294","0.53819444444444442",10,"July",2012,"Male","Adult","Rainforest (modified)",NA,533,NA,"70% Ethanol","YES",16.2175555555556,-92.6622222222222
"220",NA,"Sauropsida","Teiidae","Aspidoscelis","deppii",NA,"Norma L. Manríquez Morán",2011,"México","Chiapas","Venustiano Carranza","Venustiano Carranza","16","19","9.1999999999999993",92,34,"10.5","Saúl F. Domínguez Guerrero","SFDG","262","0.4458333333333333",31,"May",2011,"Male","Adult","Rainforest (modified)","Ground",632,NA,"70% Ethanol",NA,16.3192222222222,-92.5695833333333
"221",NA,"Sauropsida","Teiidae","Aspidoscelis","deppii",NA,"Norma L. Manríquez Morán",2011,"México","Chiapas","Venustiano Carranza","Venustiano Carranza","16","19","9.1999999999999993",92,34,"10.5","Saúl F. Domínguez Guerrero","SFDG","263","0.44791666666666669",31,"May",2011,"Male","Adult","Rainforest (modified)","Ground",632,NA,"70% Ethanol",NA,16.3192222222222,-92.5695833333333
"222",NA,"Sauropsida","Teiidae","Aspidoscelis","deppii",NA,"Norma L. Manríquez Morán",2011,"México","Chiapas","Venustiano Carranza","Venustiano Carranza","16","19","9.1999999999999993",92,34,"10.5","Saúl F. Domínguez Guerrero","SFDG","264","0.44861111111111113",31,"May",2011,"Male","Adult","Rainforest (modified)","Ground",632,NA,"70% Ethanol",NA,16.3192222222222,-92.5695833333333
"223",NA,"Sauropsida","Teiidae","Aspidoscelis","deppii",NA,"Norma L. Manríquez Morán",2011,"México","Chiapas","Venustiano Carranza","Venustiano Carranza","16","19","9.1999999999999993",92,34,"10.5","Saúl F. Domínguez Guerrero","SFDG","265","0.4513888888888889",31,"May",2011,"Male","Adult","Rainforest (modified)","Ground",632,NA,"70% Ethanol","YES",16.3192222222222,-92.5695833333333
"224",NA,"Sauropsida","Teiidae","Aspidoscelis","deppii",NA,"Norma L. Manríquez Morán",2011,"México","Chiapas","Venustiano Carranza","Venustiano Carranza","16","19","9.1999999999999993",92,34,"10.5","Saúl F. Domínguez Guerrero","SFDG","266","0.45833333333333331",31,"May",2011,"Female","Adult","Rainforest (modified)","Ground",632,NA,"70% Ethanol","YES",16.3192222222222,-92.5695833333333
"225",NA,"Sauropsida","Teiidae","Aspidoscelis","deppii",NA,"Norma L. Manríquez Morán",2011,"México","Chiapas","Venustiano Carranza","Venustiano Carranza","16","19","9.1999999999999993",92,34,"10.5","Saúl F. Domínguez Guerrero","SFDG","267","0.47222222222222227",31,"May",2011,"Female","Adult","Rainforest (modified)","Ground",632,NA,"70% Ethanol","YES",16.3192222222222,-92.5695833333333
"226",NA,"Sauropsida","Teiidae","Aspidoscelis","deppii",NA,"Norma L. Manríquez Morán",2011,"México","Chiapas","Venustiano Carranza","Venustiano Carranza","16","19","7.7",92,34,"13.6","Saúl F. Domínguez Guerrero","SFDG","268","0.4861111111111111",31,"May",2011,NA,NA,"Rainforest (modified)","Ground",613,NA,"70% Ethanol","YES",16.3188055555556,-92.5704444444444
"227",NA,"Sauropsida","Teiidae","Aspidoscelis","deppii",NA,"Norma L. Manríquez Morán",2011,"México","Chiapas","Venustiano Carranza","Venustiano Carranza","16","19","7.7",92,34,"13.6","Saúl F. Domínguez Guerrero","SFDG","269","0.48958333333333331",31,"May",2011,"Female","Adult","Rainforest (modified)","Ground",613,NA,"70% Ethanol","YES",16.3188055555556,-92.5704444444444
"228",NA,"Sauropsida","Teiidae","Aspidoscelis","deppii",NA,"Norma L. Manríquez Morán",2011,"México","Chiapas","Venustiano Carranza","Venustiano Carranza","16","19","7.7",92,34,"13.6","Saúl F. Domínguez Guerrero","SFDG","270","0.49305555555555558",31,"May",2011,"Male","Adult","Rainforest (modified)","Ground",613,NA,"70% Ethanol",NA,16.3188055555556,-92.5704444444444
"229",NA,"Sauropsida","Teiidae","Aspidoscelis","deppii",NA,"Norma L. Manríquez Morán",2011,"México","Chiapas","Venustiano Carranza","Venustiano Carranza","16","19","9.1999999999999993",92,34,"10.7","Norma L. Manríquez Morán","NLMM","446","0.47569444444444442",31,"May",2011,"Male","Adult","Rainforest (modified)","Ground",632,NA,"70% Ethanol",NA,16.3192222222222,-92.5696388888889
"230",NA,"Sauropsida","Teiidae","Aspidoscelis","deppii",NA,"Norma L. Manríquez Morán",2011,"México","Chiapas","Venustiano Carranza","Venustiano Carranza","16","19","7.1",92,34,"19.07","Norma L. Manríquez Morán","NLMM","447","0.50694444444444442",31,"May",2011,"Male","Adult","Rainforest (modified)","Ground",619,NA,"70% Ethanol","YES",16.3186388888889,-92.5719638888889
"231",NA,"Sauropsida","Teiidae","Aspidoscelis","deppii",NA,"Norma L. Manríquez Morán",1999,"México","Tabasco","Centla","Playa Miramar","18","29","10.89",92,47,"41.85","Norma L. Manríquez Morán","NLMM","059","0.40277777777777773",23,"May",1999,NA,NA,"Halophytic vegetation","Beach",2,NA,"70% Ethanol",NA,18.4863583333333,-92.7949583333333
"232",NA,"Sauropsida","Teiidae","Aspidoscelis","deppii",NA,"Norma L. Manríquez Morán",1999,"México","Tabasco","Centla","Playa Miramar","18","29","10.89",92,47,"41.85","Norma L. Manríquez Morán","NLMM","060","0.41388888888888892",23,"May",1999,NA,NA,"Halophytic vegetation","Beach",2,NA,"70% Ethanol",NA,18.4863583333333,-92.7949583333333
"233",NA,"Sauropsida","Teiidae","Aspidoscelis","deppii",NA,"Norma L. Manríquez Morán",1999,"México","Tabasco","Centla","Playa Miramar","18","29","10.89",92,47,"41.85","Norma L. Manríquez Morán","NLMM","061","0.42569444444444443",23,"May",1999,NA,NA,"Halophytic vegetation","Beach",2,NA,"70% Ethanol",NA,18.4863583333333,-92.7949583333333
"234",NA,"Sauropsida","Teiidae","Aspidoscelis","deppii",NA,"Norma L. Manríquez Morán",1999,"México","Tabasco","Centla","Playa Miramar","18","29","10.89",92,47,"41.85","Norma L. Manríquez Morán","NLMM","062","0.43541666666666662",23,"May",1999,NA,NA,"Halophytic vegetation","Beach",2,NA,"70% Ethanol","YES",18.4863583333333,-92.7949583333333
"235",NA,"Sauropsida","Teiidae","Aspidoscelis","deppii",NA,"Norma L. Manríquez Morán",1999,"México","Tabasco","Centla","Playa Miramar","18","29","10.89",92,47,"41.85","Norma L. Manríquez Morán","NLMM","063","0.44305555555555554",23,"May",1999,NA,NA,"Halophytic vegetation","Beach",2,NA,"70% Ethanol",NA,18.4863583333333,-92.7949583333333
"236",NA,"Sauropsida","Teiidae","Aspidoscelis","deppii",NA,"Norma L. Manríquez Morán",1999,"México","Tabasco","Centla","Playa Miramar","18","29","10.89",92,47,"41.85","Norma L. Manríquez Morán","NLMM","064","0.45277777777777778",23,"May",1999,NA,NA,"Halophytic vegetation","Beach",2,NA,"70% Ethanol",NA,18.4863583333333,-92.7949583333333
"237",NA,"Sauropsida","Teiidae","Aspidoscelis","deppii",NA,"Norma L. Manríquez Morán",1999,"México","Tabasco","Centla","Playa Miramar","18","29","10.89",92,47,"41.85","Norma L. Manríquez Morán","NLMM","065","0.45624999999999999",23,"May",1999,NA,NA,"Halophytic vegetation","Beach",2,NA,"70% Ethanol","YES",18.4863583333333,-92.7949583333333
"238",NA,"Sauropsida","Teiidae","Aspidoscelis","G",NA,"Norma L. Manríquez Morán",2011,"México","Chiapas","La Trinitaria","La Campana","16","1","4.4000000000000004",92,2,"15","Saúl F. Domínguez Guerrero","SFDG","243","0.46736111111111112",26,"May",2011,"Female","Adult","Rainforest (modified)","Ground",765,"Pathenogenetic","70% Ethanol","YES",16.0178888888889,-92.0375
"239",NA,"Sauropsida","Teiidae","Aspidoscelis","G",NA,"Norma L. Manríquez Morán",2011,"México","Chiapas","La Trinitaria","La Campana","16","1","15.2",92,2,"33.4","Saúl F. Domínguez Guerrero","SFDG","260","0.52083333333333337",30,"May",2011,"Female","Adult","Rainforest (modified)","Ground",779,NA,"70% Ethanol","YES",16.0208888888889,-92.0426111111111
"240",NA,"Sauropsida","Teiidae","Aspidoscelis","G",NA,"Norma L. Manríquez Morán",2011,"México","Chiapas","La Trinitaria","La Campana","16","1","21.4",92,2,"40","Saúl F. Domínguez Guerrero","SFDG","261","0.58333333333333337",30,"May",2011,"Female","Adult","Rainforest (modified)","Ground",777,NA,"70% Ethanol","YES",16.0226111111111,-92.0444444444444
"241",NA,"Sauropsida","Teiidae","Aspidoscelis","G",NA,"Norma L. Manríquez Morán",2012,"México","Chiapas","La Trinitaria","La Campana","16","1","25.6",92,2,"48.3","Saúl F. Domínguez Guerrero","SFDG","286","0.44097222222222227",5,"July",2012,"Female","Adult","Rainforest (modified)",NA,763,NA,"70% Ethanol","YES",16.0237777777778,-92.04675
"242",NA,"Sauropsida","Teiidae","Aspidoscelis","G",NA,"Norma L. Manríquez Morán",2012,"México","Chiapas","La Trinitaria","La Campana","16","1","25.6",92,2,"48.3","Víctor M. Martínez Bustos","VMMB","1","0.44444444444444442",5,"July",2012,"Female","Adult","Rainforest (modified)",NA,763,NA,"70% Ethanol","YES",16.0237777777778,-92.04675
"243",NA,"Sauropsida","Teiidae","Aspidoscelis","G",NA,"Norma L. Manríquez Morán",2012,"México","Chiapas","La Trinitaria","La Campana","16","1","16.3",92,2,"34.299999999999997","Saúl F. Domínguez Guerrero","SFDG","287","0.55555555555555558",5,"July",2012,"Female","Adult","Rainforest (modified)",NA,779,NA,"70% Ethanol","YES",16.0211944444444,-92.0428611111111
"244",NA,"Sauropsida","Teiidae","Aspidoscelis","G",NA,"Norma L. Manríquez Morán",2012,"México","Chiapas","La Trinitaria","La Campana","16","0","24.5",92,1,"16.8","Víctor M. Martínez Bustos","VMMB","2","0.54652777777777783",6,"July",2012,"Female","Adult","Avocado garden",NA,763,NA,"70% Ethanol","YES",16.0068055555556,-92.0213333333333
"245",NA,"Sauropsida","Teiidae","Aspidoscelis","G",NA,"Norma L. Manríquez Morán",2012,"México","Chiapas","La Trinitaria","La Campana","16","0","23.2",92,1,"15.2","Saúl F. Domínguez Guerrero","SFDG","288","0.56111111111111112",6,"July",2012,"Female","Adult","Rainforest (modified)",NA,763,NA,"70% Ethanol","YES",16.0064444444444,-92.0208888888889
"246",NA,"Sauropsida","Teiidae","Aspidoscelis","G",NA,"Norma L. Manríquez Morán",2012,"México","Chiapas","La Trinitaria","La Campana","16","0","21.4",92,1,"13.9","Víctor M. Martínez Bustos","VMMB","3","0.57916666666666672",6,"July",2012,"Female","Adult","Avocado garden",NA,764,NA,"70% Ethanol","YES",16.0059444444444,-92.0205277777778
"247",NA,"Sauropsida","Teiidae","Aspidoscelis","G",NA,"Norma L. Manríquez Morán",2012,"México","Chiapas","La Trinitaria","La Campana","16","0","53.2",92,1,"51","Saúl F. Domínguez Guerrero","SFDG","289","0.62847222222222221",6,"July",2012,"Female","Adult","Rainforest (modified)",NA,790,NA,"70% Ethanol","YES",16.0147777777778,-92.0308333333333
"248",NA,"Sauropsida","Teiidae","Aspidoscelis","G",NA,"Norma L. Manríquez Morán",2011,"México","Chiapas","La Trinitaria","Nuevo Zapaluta","16","1","50.9",92,5,"38.4","Saúl F. Domínguez Guerrero","SFDG","255","0.51249999999999996",28,"May",2011,"Female",NA,"Rainforest (modified)","Ground",725,NA,"70% Ethanol","YES",16.0308055555556,-92.094
"249",NA,"Sauropsida","Teiidae","Aspidoscelis","G",NA,"Norma L. Manríquez Morán",2011,"México","Chiapas","La Trinitaria","Nuevo Zapaluta","16","1","50.9",92,5,"38.4","Saúl F. Domínguez Guerrero","SFDG","256","0.52083333333333337",28,"May",2011,"Female",NA,"Rainforest (modified)","Ground",725,NA,"70% Ethanol","YES",16.0308055555556,-92.094
"250",NA,"Sauropsida","Teiidae","Aspidoscelis","G",NA,"Norma L. Manríquez Morán",2011,"México","Chiapas","La Trinitaria","San Francisco","16","1","24.9",92,2,"46.4","Norma L. Manríquez Morán","NLMM","432","0.49791666666666662",26,"May",2011,"Female","Adult","Rainforest (modified)","Ground",770,"Pathenogenetic","70% Ethanol","YES",16.0235833333333,-92.0462222222222
"251",NA,"Sauropsida","Teiidae","Aspidoscelis","G",NA,"Norma L. Manríquez Morán",2011,"México","Chiapas","La Trinitaria","San Francisco","16","1","14.9",92,2,"32.700000000000003","Saúl F. Domínguez Guerrero","SFDG","250","0.50763888888888886",27,"May",2011,"Female","Adult",NA,"Ground",780,"Pathenogenetic","70% Ethanol","YES",16.0208055555556,-92.0424166666667
"252",NA,"Sauropsida","Teiidae","Aspidoscelis","G",NA,"Norma L. Manríquez Morán",2011,"México","Chiapas","La Trinitaria","San Francisco","16","1","14.9",92,2,"32.700000000000003","Saúl F. Domínguez Guerrero","SFDG","251","0.52083333333333337",27,"May",2011,"Female","Adult",NA,"Ground",780,"Pathenogenetic","70% Ethanol",NA,16.0208055555556,-92.0424166666667
"253",NA,"Sauropsida","Teiidae","Aspidoscelis","G",NA,"Norma L. Manríquez Morán",2011,"México","Chiapas","La Trinitaria","San Francisco","16","1","17.399999999999999",92,2,"37.4","Saúl F. Domínguez Guerrero","SFDG","252","0.55347222222222225",27,"May",2011,"Female","Adult",NA,"Ground",782,"Pathenogenetic","70% Ethanol","YES",16.0215,-92.0437222222222
"254",NA,"Sauropsida","Teiidae","Aspidoscelis","G",NA,"Norma L. Manríquez Morán",2011,"México","Chiapas","La Trinitaria","San Francisco","16","1","18.8",92,2,"38.9","Saúl F. Domínguez Guerrero","SFDG","253","0.57777777777777783",27,"May",2011,"Female","Adult","Rainforest (modified)","Ground",777,"Pathenogenetic","70% Ethanol","YES",16.0218888888889,-92.0441388888889
"255",NA,"Sauropsida","Teiidae","Aspidoscelis","G",NA,"Norma L. Manríquez Morán",2011,"México","Chiapas","La Trinitaria","San Francisco","16","1","23.1",92,2,"40.1","Norma L. Manríquez Morán","NLMM","443","0.58680555555555558",30,"May",2011,"Female","Adult","Rainforest","Ground",775,NA,"70% Ethanol","YES",16.0230833333333,-92.0444722222222
"256",NA,"Sauropsida","Teiidae","Aspidoscelis","G",NA,"Norma L. Manríquez Morán",2011,"México","Chiapas","La Trinitaria","San Francisco","16","0","51.7",92,1,"50.7","Norma L. Manríquez Morán","NLMM","444","0.69097222222222221",30,"May",2011,"Female","Adult","Rainforest","Ground",787,NA,"70% Ethanol","YES",16.0143611111111,-92.03075
"257",NA,"Sauropsida","Teiidae","Aspidoscelis","G",NA,"Norma L. Manríquez Morán",2012,"México","Chiapas","La Trinitaria","San Francisco","16","0","24.5",92,1,"15.3","Saúl F. Domínguez Guerrero","SFDG","290","0.46875",8,"July",2012,"Female","Adult","Rainforest (modified)",NA,760,NA,"70% Ethanol","YES",16.0068055555556,-92.0209166666667
"258",NA,"Sauropsida","Teiidae","Aspidoscelis","G",NA,"Norma L. Manríquez Morán",2012,"México","Chiapas","La Trinitaria","San Francisco","16","0","24.5",92,1,"15.3","Saúl F. Domínguez Guerrero","SFDG","291","0.4861111111111111",8,"July",2012,"Female","Adult","Rainforest (modified)",NA,760,NA,"70% Ethanol","YES",16.0068055555556,-92.0209166666667
"259",NA,"Sauropsida","Teiidae","Aspidoscelis","G",NA,"Norma L. Manríquez Morán",2012,"México","Chiapas","La Trinitaria","San Francisco","16","0","25.5",92,1,"16.7","Saúl F. Domínguez Guerrero","SFDG","292","0.50277777777777777",8,"July",2012,"Female","Adult","Rainforest (modified)",NA,765,NA,"70% Ethanol","YES",16.0070833333333,-92.0213055555556
"260",NA,"Sauropsida","Teiidae","Aspidoscelis","G",NA,"Norma L. Manríquez Morán",2012,"México","Chiapas","La Trinitaria","San Francisco","16","0","25.5",92,1,"16.7","Víctor M. Martínez Bustos","VMMB","4","0.50694444444444442",8,"July",2012,"Female","Adult","Rainforest (modified)",NA,765,NA,"70% Ethanol","YES",16.0070833333333,-92.0213055555556
"261",NA,"Sauropsida","Teiidae","Aspidoscelis","G",NA,"Norma L. Manríquez Morán",2012,"México","Chiapas","Venustiano Carranza","Paraíso Grijalva","16","13","13.7",92,38,"57.8","Saúl F. Domínguez Guerrero","SFDG","293","0.63194444444444442",9,"July",2012,"Female","Adult","Rainforest (modified)",NA,635,NA,"70% Ethanol",NA,16.2204722222222,-92.6493888888889
"262",NA,"Sauropsida","Teiidae","Aspidoscelis","G",NA,"Norma L. Manríquez Morán",2012,"México","Chiapas","Venustiano Carranza","Paraíso Grijalva","16","13","13.1",92,39,"0.5","Saúl F. Domínguez Guerrero","SFDG","295","0.61388888888888882",10,"July",2012,"Female","Adult","Rainforest (modified)",NA,620,NA,"70% Ethanol",NA,16.2203055555556,-92.6501388888889
"263",NA,"Sauropsida","Teiidae","Aspidoscelis","G",NA,"Norma L. Manríquez Morán",2012,"México","Chiapas","Venustiano Carranza","Paraíso Grijalva","16","13","14.4",92,38,"53.3","Víctor M. Martínez Bustos","VMMB","5","0.6333333333333333",10,"July",2012,"Female","Adult","Rainforest (modified)",NA,638,NA,"70% Ethanol","YES",16.2206666666667,-92.6481388888889
"264",NA,"Sauropsida","Teiidae","Aspidoscelis","gularis","A. gularis","Norma L. Manríquez Morán",2011,"México","Hidalgo","Huasca de Ocampo","Huasca",NA,NA,NA,NA,NA,NA,"Norma L. Manríquez Morán","NLMM","449",NA,5,"June",2011,NA,"Young",NA,NA,NA,NA,"70% Ethanol","YES",NA,NA
"265",NA,"Sauropsida","Teiide","Aspidoscelis","gularis","pallidus","Uri Omar García Vázquez",2010,"México","Coahuila","Cuatrocienegas","Cuatrocienegas","27","0","33.7",102,4,"42.3","Uri O. Garcia Vázquez","UOGV","2024","0.4375",4,"June",2010,NA,NA,"Xerophytic scrub","Over limestone rock",770,NA,"70% Ethanol","YES",27.0093611111111,-102.078416666667
"266",NA,"Sauropsida","Teiide","Aspidoscelis","gularis","pallidus","Uri Omar García Vázquez",2010,"México","Coahuila","Cuatrocienegas","Cuatrocienegas","21","0","7.4",102,4,"25.3","Uri O. Garcia Vázquez","UOGV","2025","0.61527777777777781",4,"June",2010,NA,NA,"Xerophytic scrub","Over limestone rock",761,NA,"70% Ethanol","YES",21.0020555555556,-102.073694444444
"267",NA,"Sauropsida","Teiide","Aspidoscelis","gularis","pallidus","Uri Omar García Vázquez",2010,"México","Coahuila","Cuatrocienegas","Cuatrocienegas","27","0","3.8",102,4,"23.2","Uri O. Garcia Vázquez","UOGV","2026","1.0416666666666666E-2",4,"June",2010,NA,NA,"Xerophytic scrub","Over limestone rock",758,NA,"70% Ethanol","YES",27.0010555555556,-102.073111111111
"268",NA,"Sauropsida","Teiide","Aspidoscelis","gularis","pallidus","Uri Omar García Vázquez",2010,"México","Coahuila","Cuatrocienegas","Cuatrocienegas","27","0","19.1",102,4,"31.2","Uri O. Garcia Vázquez","UOGV","2027","0.45555555555555555",4,"June",2010,NA,NA,"Xerophytic scrub","Over limestone rock",764,NA,"70% Ethanol","YES",27.0053055555556,-102.075333333333
"269",NA,"Sauropsida","Teiide","Aspidoscelis","gularis","pallidus","Uri Omar García Vázquez",2010,"México","Coahuila","Cuatrocienegas","Cuatrocienegas","27","0","28.3",102,4,"36.3","Juan C. Hernández Zenil Zenil","JCHZ","34","11:20AM",4,"June",2010,NA,NA,"Xerophytic scrub","Over limestone rock",766,NA,"70% Ethanol","YES",27.0078611111111,-102.07675
"270",NA,"Sauropsida","Teiidae","Aspidoscelis","gularis",NA,"Carlos Pérez Almazán",2013,"México","Aguascalientes","Calvillo","El Sauz","21","53","0.63",102,37,"5.3","Carlos Pérez Almazán","CPA","60",NA,19,"July",2013,NA,NA,NA,NA,1942,NA,"70% Ethanol","YES",21.8835083333333,-102.618138888889
"271",NA,"Sauropsida","Teiidae","Aspidoscelis","gularis",NA,"Carlos Pérez Almazán",2013,"México","Aguascalientes","Calvillo","El Sauz","21","53","0.63",102,37,"5.3","Carlos Pérez Almazán","CPA","61",NA,19,"July",2013,NA,NA,NA,NA,1942,NA,"70% Ethanol","YES",21.8835083333333,-102.618138888889
"272",NA,"Sauropsida","Teiidae","Aspidoscelis","gularis",NA,"Carlos Pérez Almazán",2013,"México","Aguascalientes","Calvillo","El Sauz","21","53","0.63",102,37,"5.3","Carlos Pérez Almazán","CPA","62",NA,19,"July",2013,NA,NA,NA,NA,1942,NA,"70% Ethanol","YES",21.8835083333333,-102.618138888889
"273",NA,"Sauropsida","Teiidae","Aspidoscelis","gularis",NA,"Carlos Pérez Almazán",2013,"México","Aguascalientes","Calvillo","El Sauz","21","53","0.63",102,37,"5.3","Carlos Pérez Almazán","CPA","63",NA,19,"July",2013,NA,NA,NA,NA,1942,NA,"70% Ethanol","YES",21.8835083333333,-102.618138888889
"274",NA,"Sauropsida","Teiidae","Aspidoscelis","gularis",NA,"Carlos Pérez Almazán",2013,"México","Aguascalientes","Calvillo","El Sauz","21","53","0.63",102,37,"5.3","Carlos Pérez Almazán","CPA","64",NA,19,"July",2013,NA,NA,NA,NA,1942,NA,"70% Ethanol","YES",21.8835083333333,-102.618138888889
"275",NA,"Sauropsida","Teiidae","Aspidoscelis","gularis",NA,"Carlos Pérez Almazán",2013,"México","Aguascalientes","Calvillo","El Sauz","21","53","0.63",102,37,"5.3","Carlos Pérez Almazán","CPA","65",NA,19,"July",2013,NA,NA,NA,NA,1942,NA,"70% Ethanol","YES",21.8835083333333,-102.618138888889
"276",NA,"Sauropsida","Teiidae","Aspidoscelis","gularis",NA,"Carlos Pérez Almazán",2013,"México","Aguascalientes","Calvillo","El Sauz","21","53","0.63",102,37,"5.3","Carlos Pérez Almazán","CPA","66",NA,19,"July",2013,NA,NA,NA,NA,1942,NA,"70% Ethanol","YES",21.8835083333333,-102.618138888889
"277",NA,"Sauropsida","Teiidae","Aspidoscelis","gularis",NA,"Carlos Pérez Almazán",2013,"México","Aguascalientes","Calvillo","El Sauz","21","53","0.63",102,37,"5.3","Carlos Pérez Almazán","CPA","67",NA,19,"July",2013,NA,NA,NA,NA,1942,NA,"70% Ethanol","YES",21.8835083333333,-102.618138888889
"278",NA,"Sauropsida","Teiidae","Aspidoscelis","gularis",NA,"Carlos Pérez Almazán",2013,"México","Aguascalientes","Calvillo","El Sauz","21","53","0.63",102,37,"5.3","Carlos Pérez Almazán","CPA","68",NA,19,"July",2013,NA,NA,NA,NA,1942,NA,"70% Ethanol","YES",21.8835083333333,-102.618138888889
"279",NA,"Sauropsida","Teiidae","Aspidoscelis","gularis",NA,"Anahí Esquivel Ramírez",2018,"México","Coahuila","Cuatro Ciénegas","Carretera Ocampo, 3 km al N de Cuatro Ciénegas","27","0","36",102,4,"45.22","Anahí Esquivel Ramírez","AER","50","0.62222222222222223",8,"July",2018,"Male","Adult","Xerophytic scrub","Ground",766,"Cloudy day","70% Ethanol","YES",27.01,-102.079227777778
"280",NA,"Sauropsida","Teiidae","Aspidoscelis","gularis",NA,"Anahí Esquivel Ramírez",2018,"México","Coahuila","Cuatro Ciénegas","Carretera Ocampo, 3 km al N de Cuatro Ciénegas","27","0","36",102,4,"45.22","Anahí Esquivel Ramírez","AER","51","0.65833333333333333",8,"July",2018,"Female","Adult","Xerophytic scrub","Among bushes",766,"Cloudy day","70% Ethanol","YES",27.01,-102.079227777778
"281",NA,"Sauropsida","Teiidae","Aspidoscelis","gularis",NA,"Anahí Esquivel Ramírez",2018,"México","Coahuila","Cuatro Ciénegas","Carretera Ocampo, 3 km al N de Cuatro Ciénegas","27","0","36",102,4,"45.22","Anahí Esquivel Ramírez","AER","52","0.72916666666666663",8,"July",2018,"Male","Adult","Xerophytic scrub","Among bushes",766,"Cloudy day","70% Ethanol","YES",27.01,-102.079227777778
"282",NA,"Sauropsida","Teiidae","Aspidoscelis","gularis",NA,"Anahí Esquivel Ramírez",2018,"México","Coahuila","Cuatro Ciénegas","Carretera Ocampo, 3 km al N de Cuatro Ciénegas","27","0","36",102,4,"45.22","Anahí Esquivel Ramírez","AER","66","0.4201388888888889",13,"July",2018,"Female","Adult","Matorral desértico micrófilo","Ground",766,NA,"70% Ethanol","YES",27.01,-102.079227777778
"283",NA,"Sauropsida","Teiide","Aspidoscelis","gularis",NA,"Uri Omar García Vázquez",2010,"México","Coahuila","Cuatrocienegas","Antiguos Mineros","26","46","57.7",102,0,"20.2","Uri O. Garcia Vázquez","UOGV","2031","0.45208333333333334",8,"June",2010,NA,NA,"Xerophytic scrub","Over limestone rock",725,NA,"70% Ethanol","YES",26.7826944444444,-102.005611111111
"284",NA,"Sauropsida","Teiide","Aspidoscelis","gularis",NA,"Uri Omar García Vázquez",2010,"México","Coahuila","Cuatrocienegas","Antiguos Mineros","26","46","55.7",102,0,"22.9","Uri O. Garcia Vázquez","UOGV","2032","0.46736111111111112",8,"June",2010,NA,NA,"Xerophytic scrub","Over limestone rock",730,NA,"70% Ethanol","YES",26.7821388888889,-102.006361111111
"285",NA,"Sauropsida","Teiide","Aspidoscelis","gularis",NA,"Uri Omar García Vázquez",2010,"México","Coahuila","Cuatrocienegas","Antiguos Mineros","26","46","53.2",102,0,"36","Uri O. Garcia Vázquez","UOGV","2033","0.48958333333333331",8,"June",2010,NA,NA,"Xerophytic scrub","Over limestone rock",750,NA,"70% Ethanol","YES",26.7814444444444,-102.01
"286",NA,"Sauropsida","Teiide","Aspidoscelis","gularis",NA,"Uri Omar García Vázquez",2010,"México","Coahuila","Cuatrocienegas","Cuatrocienegas","27","6","45.4",102,23,"39.7","Uri O. Garcia Vázquez","UOGV","2029","0.4604166666666667",6,"June",2010,NA,NA,"Xerophytic scrub","Over limestone rock",1291,NA,"70% Ethanol","YES",27.1126111111111,-102.394361111111
"287",NA,"Sauropsida","Teiide","Aspidoscelis","gularis",NA,"Uri Omar García Vázquez",2010,"México","Coahuila","Cuatrocienegas","Cuatrocienegas","27","6","47.8",102,23,"34.1","Uri O. Garcia Vázquez","UOGV","2030","0.4861111111111111",6,"June",2010,NA,NA,"Xerophytic scrub","Over limestone rock",1284,NA,"70% Ethanol","YES",27.1132777777778,-102.392805555556
"288",NA,"Sauropsida","Teiidae","Aspidoscelis","gularis",NA,"Anahí Esquivel Ramírez",2018,"México","Coahuila","Lamadrid","Carretera Sacramento-Monclova 1 km al oeste de Lamadrid","27","1","42.29",101,49,"45","Anahí Esquivel Ramírez","AER","58","0.54166666666666663",10,"July",2018,"Male","Adult","Matorral desértico rosetófilo","Among bushes",643,NA,"70% Ethanol","YES",27.0284138888889,-101.829166666667
"289",NA,"Sauropsida","Teiidae","Aspidoscelis","gularis",NA,"Anahí Esquivel Ramírez",2018,"México","Coahuila","Nadadores","Carretera Sacramento-Monclova 1.5 km al este de Nadadores","27","1","57.74",101,34.11,"6.92","Anahí Esquivel Ramírez","AER","49","0.68263888888888891",7,"July",2018,"Female","Adult","Xerophytic scrub","Among bushes",514,"Cloudy day","70% Ethanol","YES",27.0327055555556,-101.570422222222
"290",NA,"Sauropsida","Teiidae","Aspidoscelis","gularis",NA,"Anahí Esquivel Ramírez",2018,"México","Coahuila","Nadadores","Carretera Sacramento-Monclova 1.5 km al este de Nadadores","27","1","57.74",101,34.11,"6.92","Anahí Esquivel Ramírez","AER","53","0.56527777777777777",9,"July",2018,"Male","Adult","Xerophytic scrub","Under bush de Huizache",514,"Cloudy day","70% Ethanol","YES",27.0327055555556,-101.570422222222
"291",NA,"Sauropsida","Teiidae","Aspidoscelis","gularis",NA,"Anahí Esquivel Ramírez",2018,"México","Coahuila","Nadadores","Carretera Sacramento-Monclova 1.5 km al este de Nadadores","27","1","57.74",101,34.11,"6.92","Anahí Esquivel Ramírez","AER","54","0.59791666666666665",9,"July",2018,"Female","Adult","Xerophytic scrub","Ground",514,"Cloudy day","70% Ethanol","YES",27.0327055555556,-101.570422222222
"292",NA,"Sauropsida","Teiidae","Aspidoscelis","gularis",NA,"Anahí Esquivel Ramírez",2018,"México","Coahuila","Nadadores","Carretera Sacramento-Monclova 1.5 km al este de Nadadores","27","1","57.74",101,34.11,"6.92","Anahí Esquivel Ramírez","AER","55","0.63124999999999998",9,"July",2018,"Female","Adult","Xerophytic scrub","Ground",514,"Cloudy day","70% Ethanol","YES",27.0327055555556,-101.570422222222
"293",NA,"Sauropsida","Teiidae","Aspidoscelis","gularis",NA,"Anahí Esquivel Ramírez",2018,"México","Coahuila","Nadadores","Carretera Sacramento-Monclova 1.5 km al este de Nadadores","27","1","57.74",101,34.11,"6.92","Anahí Esquivel Ramírez","AER","56","0.64583333333333337",9,"July",2018,"Male","Adult","Xerophytic scrub","Ground",514,"Cloudy day","70% Ethanol","YES",27.0327055555556,-101.570422222222
"294",NA,"Sauropsida","Teiidae","Aspidoscelis","gularis",NA,"Anahí Esquivel Ramírez",2018,"México","Coahuila","Nadadores","Carretera Sacramento-Monclova 1.5 km al este de Nadadores","27","1","57.74",101,34.11,"6.92","Anahí Esquivel Ramírez","AER","57","0.68055555555555547",9,"July",2018,"Male","Adult","Xerophytic scrub","Ground",514,"Cloudy day","70% Ethanol","YES",27.0327055555556,-101.570422222222
"295",NA,"Sauropsida","Teiidae","Aspidoscelis","gularis",NA,"Anahí Esquivel Ramírez",2018,"México","Coahuila","Nadadores","Carretera Sacramento-Monclova 3.5 km al oeste de Nadadores","27","2","16.18",101,37,"32.729999999999997","Anahí Esquivel Ramírez","AER","59","0.3833333333333333",11,"July",2018,"Male","Adult","Xerophytic scrub","Ground",520,NA,"70% Ethanol","YES",27.0378277777778,-101.625758333333
"296",NA,"Sauropsida","Teiidae","Aspidoscelis","gularis",NA,"Anahí Esquivel Ramírez",2018,"México","Coahuila","Nadadores","Carretera Sacramento-Monclova 3.5 km al oeste de Nadadores","27","2","16.18",101,37,"32.729999999999997","Anahí Esquivel Ramírez","AER","60","0.42777777777777781",11,"July",2018,"Female","Adult","Xerophytic scrub","Ground",520,NA,"70% Ethanol","YES",27.0378277777778,-101.625758333333
"297",NA,"Sauropsida","Teiidae","Aspidoscelis","gularis",NA,"Anahí Esquivel Ramírez",2018,"México","Coahuila","Nadadores","Carretera Sacramento-Monclova 3.5 km al oeste de Nadadores","27","2","16.18",101,37,"32.729999999999997","Anahí Esquivel Ramírez","AER","61","0.46736111111111112",11,"July",2018,"Male","Adult","Xerophytic scrub","Ground",520,NA,"70% Ethanol","YES",27.0378277777778,-101.625758333333
"298",NA,"Sauropsida","Teiidae","Aspidoscelis","gularis",NA,"Anahí Esquivel Ramírez",2018,"México","Coahuila","Nadadores","Carretera Sacramento-Monclova 3.5 km al oeste de Nadadores","27","2","16.18",101,37,"32.729999999999997","Anahí Esquivel Ramírez","AER","62","0.68263888888888891",11,"July",2018,"Female","Adult","Xerophytic scrub","Ground",520,NA,"70% Ethanol","YES",27.0378277777778,-101.625758333333
"299",NA,"Sauropsida","Teiidae","Aspidoscelis","gularis",NA,"Anahí Esquivel Ramírez",2018,"México","Coahuila","Nadadores","Carretera Sacramento-Monclova 3.5 km al oeste de Nadadores","27","2","16.18",101,37,"32.729999999999997","Anahí Esquivel Ramírez","AER","63","0.76041666666666663",11,"July",2018,"Male","Adult","Xerophytic scrub","Ground",520,NA,"70% Ethanol","YES",27.0378277777778,-101.625758333333
"300",NA,"Sauropsida","Teiidae","Aspidoscelis","gularis",NA,"Carlos Pérez Almazán",2015,"México","Guanajuato","El Valle de Santiago","Jerónimo de Araceo","20","20","7.62",101,11,"17","Carlos Pérez Almazán","CPA","111",NA,NA,NA,2015,"Male",NA,NA,NA,NA,NA,"70% Ethanol","YES",20.33545,-101.188055555556
"301",NA,"Sauropsida","Teiidae","Aspidoscelis","gularis",NA,"Carlos Pérez Almazán",2015,"México","Guanajuato","El Valle de Santiago","Jerónimo de Araceo","20","20","7.62",101,11,"17","Carlos Pérez Almazán","CPA","112",NA,NA,NA,2015,"Male",NA,NA,NA,NA,NA,"70% Ethanol","YES",20.33545,-101.188055555556
"302",NA,"Sauropsida","Teiidae","Aspidoscelis","gularis",NA,"Carlos Pérez Almazán",2015,"México","Guanajuato","El Valle de Santiago","Jerónimo de Araceo","20","20","7.62",101,11,"17","Carlos Pérez Almazán","CPA","113",NA,NA,NA,2015,"Male",NA,NA,NA,NA,NA,"70% Ethanol","YES",20.33545,-101.188055555556
"303",NA,"Sauropsida","Teiidae","Aspidoscelis","gularis",NA,"Carlos Pérez Almazán",2015,"México","Guanajuato","El Valle de Santiago","Jerónimo de Araceo","20","20","7.62",101,11,"17","Carlos Pérez Almazán","CPA","114",NA,NA,NA,2015,"Female",NA,NA,NA,NA,NA,"70% Ethanol","YES",20.33545,-101.188055555556
"304",NA,"Sauropsida","Teiidae","Aspidoscelis","gularis",NA,"Carlos Pérez Almazán",2015,"México","Guanajuato","El Valle de Santiago","Jerónimo de Araceo","20","20","7.62",101,11,"17","Carlos Pérez Almazán","CPA","115",NA,NA,NA,2015,"Male",NA,NA,NA,NA,NA,"70% Ethanol","YES",20.33545,-101.188055555556
"305",NA,"Sauropsida","Teiidae","Aspidoscelis","gularis",NA,"Carlos Pérez Almazán",2015,"México","Guanajuato","El Valle de Santiago","Jerónimo de Araceo","20","20","7.62",101,11,"17","Carlos Pérez Almazán","CPA","116",NA,NA,NA,2015,"Female",NA,NA,NA,NA,NA,"70% Ethanol","YES",20.33545,-101.188055555556
"306",NA,"Sauropsida","Teiidae","Aspidoscelis","gularis",NA,"Carlos Pérez Almazán",2015,"México","Guanajuato","El Valle de Santiago","Jerónimo de Araceo","20","20","7.62",101,11,"17","Carlos Pérez Almazán","CPA","117",NA,NA,NA,2015,"Male",NA,NA,NA,NA,NA,"70% Ethanol","YES",20.33545,-101.188055555556
"307",NA,"Sauropsida","Teiidae","Aspidoscelis","gularis",NA,"Carlos Pérez Almazán",2015,"México","Guanajuato","El Valle de Santiago","Jerónimo de Araceo","20","31","3.26",100,18,"46.64","Carlos Pérez Almazán","CPA","118",NA,NA,NA,2015,"Male",NA,NA,NA,NA,NA,"70% Ethanol","YES",20.5175722222222,-100.312955555556
"308",NA,"Sauropsida","Teiidae","Aspidoscelis","gularis",NA,"Carlos Pérez Almazán",2013,"México","Guanajuato","San Luis de la Paz","Mineral de Pozos","21","9","56.21",100,30,"7.35","Carlos Pérez Almazán","CPA","1","0.50763888888888886",14,"April",2013,"Male",NA,"Xerophytic scrub","Under bush",2143,NA,"70% Ethanol","YES",21.1656138888889,-100.502041666667
"309",NA,"Sauropsida","Teiidae","Aspidoscelis","gularis",NA,"Carlos Pérez Almazán",2013,"México","Guanajuato","San Luis de la Paz","Mineral de Pozos","21","13","33.590000000000003",100,30,"16.350000000000001","Carlos Pérez Almazán","CPA","2","0.48333333333333334",15,"April",2013,"Female",NA,"Xerophytic scrub","Under agave",2244,NA,"70% Ethanol","YES",21.2259972222222,-100.504541666667
"310",NA,"Sauropsida","Teiidae","Aspidoscelis","gularis",NA,"Carlos Pérez Almazán",2013,"México","Guanajuato","San Luis de la Paz","Mineral de Pozos","21","13","33.47",100,30,"25.92","Carlos Pérez Almazán","CPA","3","0.5180555555555556",15,"April",2013,"Female",NA,"Xerophytic scrub","Under agave",2256,NA,"70% Ethanol","YES",21.2259638888889,-100.5072
"311",NA,"Sauropsida","Teiidae","Aspidoscelis","gularis",NA,"Carlos Pérez Almazán",2013,"México","Guanajuato","San Luis de la Paz","Mineral de Pozos","21","13","41.12",100,30,"39.909999999999997","Carlos Pérez Almazán","CPA","4","0.54861111111111105",15,"April",2013,"Male",NA,"Xerophytic scrub","Under agave",2288,NA,"70% Ethanol","YES",21.2280888888889,-100.511086111111
"312",NA,"Sauropsida","Teiidae","Aspidoscelis","gularis",NA,"Carlos Pérez Almazán",2013,"México","Guanajuato","San Luis de la Paz","Mineral de Pozos","21","13","49.73",100,30,"33.270000000000003","Carlos Pérez Almazán","CPA","5","0.50694444444444442",29,"April",2013,"Male",NA,"Xerophytic scrub","Under bush",2254,NA,"70% Ethanol","YES",21.2304805555556,-100.509241666667
"313",NA,"Sauropsida","Teiidae","Aspidoscelis","gularis",NA,"Carlos Pérez Almazán",2013,"México","Guanajuato","San Luis de la Paz","Mineral de Pozos","21","13","40.08",100,30,"31.85","Carlos Pérez Almazán","CPA","6","0.56041666666666667",29,"April",2013,"Female",NA,"Xerophytic scrub","Under bush",2287,NA,"70% Ethanol","YES",21.2278,-100.508847222222
"314",NA,"Sauropsida","Teiidae","Aspidoscelis","gularis",NA,"Carlos Pérez Almazán",2013,"México","Guanajuato","San Luis de la Paz","Mineral de Pozos","21","13","40.17",100,30,"29.25","Carlos Pérez Almazán","CPA","7","0.67013888888888884",29,"April",2013,"Male",NA,"Xerophytic scrub","Under bush",2286,NA,"70% Ethanol","YES",21.227825,-100.508125
"315",NA,"Sauropsida","Teiidae","Aspidoscelis","gularis",NA,"Carlos Pérez Almazán",2013,"México","Guanajuato","San Luis de la Paz","Mineral de Pozos","21","13","57.56",100,30,"23.36","Carlos Pérez Almazán","CPA","8","0.65972222222222221",30,"April",2013,"Female",NA,"Xerophytic scrub","Under agave",2285,NA,"70% Ethanol","YES",21.2326555555556,-100.506488888889
"316",NA,"Sauropsida","Teiidae","Aspidoscelis","gularis",NA,"Carlos Pérez Almazán",2013,"México","Guanajuato","San Luis de la Paz","Mineral de Pozos","21","13","32.119999999999997",100,30,"55.35","Carlos Pérez Almazán","CPA","9","0.47569444444444442",1,"May",2013,"Male",NA,"Xerophytic scrub","Under agave",2234,NA,"70% Ethanol","YES",21.2255888888889,-100.515375
"317",NA,"Sauropsida","Teiidae","Aspidoscelis","gularis",NA,"Carlos Pérez Almazán",2013,"México","Guanajuato","San Luis de la Paz","Mineral de Pozos","21","13","38.92",100,30,"27.75","Carlos Pérez Almazán","CPA","10","0.61458333333333337",1,"May",2013,"Male",NA,"Xerophytic scrub","Under agave",2273,NA,"70% Ethanol","YES",21.2274777777778,-100.507708333333
"318",NA,"Sauropsida","Teiidae","Aspidoscelis","gularis",NA,"Carlos Pérez Almazán",2013,"México","Guanajuato","San Luis de la Paz","Mineral de Pozos","21","13","41.14",100,30,"26.8","Carlos Pérez Almazán","CPA","11","0.67708333333333337",1,"May",2013,"Male",NA,"Xerophytic scrub","Under agave",2280,NA,"70% Ethanol","YES",21.2280944444444,-100.507444444444
"319",NA,"Sauropsida","Teiidae","Aspidoscelis","gularis",NA,"Carlos Pérez Almazán",2013,"México","Guanajuato","San Luis de la Paz","Mineral de Pozos","21","13","36.369999999999997",100,30,"22.14","Carlos Pérez Almazán","CPA","12","0.55555555555555558",2,"May",2013,"Female",NA,"Xerophytic scrub","Under bush",2291,NA,"70% Ethanol","YES",21.2267694444444,-100.50615
"320",NA,"Sauropsida","Teiidae","Aspidoscelis","gularis",NA,"Carlos Pérez Almazán",2013,"México","Guanajuato","Valle de Santiago","Jerónimo de Araceo","20","20","7.62",101,11,"17","Carlos Pérez Almazán","CPA","47",NA,16,"July",2013,NA,NA,NA,NA,1950,NA,"70% Ethanol","YES",20.33545,-101.188055555556
"321",NA,"Sauropsida","Teiidae","Aspidoscelis","gularis",NA,"Carlos Pérez Almazán",2013,"México","Guanajuato","Valle de Santiago","Jerónimo de Araceo","20","20","7.62",101,11,"17","Carlos Pérez Almazán","CPA","48",NA,16,"July",2013,NA,NA,NA,NA,1950,NA,"70% Ethanol","YES",20.33545,-101.188055555556
"322",NA,"Sauropsida","Teiidae","Aspidoscelis","gularis",NA,"Carlos Pérez Almazán",2013,"México","Guanajuato","Valle de Santiago","Jerónimo de Araceo","20","20","7.62",101,11,"17","Carlos Pérez Almazán","CPA","49",NA,16,"July",2013,NA,NA,NA,NA,1950,NA,"70% Ethanol","YES",20.33545,-101.188055555556
"323",NA,"Sauropsida","Teiidae","Aspidoscelis","gularis",NA,"Carlos Pérez Almazán",2013,"México","Guanajuato","Valle de Santiago","Jerónimo de Araceo","20","20","7.62",101,11,"17","Carlos Pérez Almazán","CPA","50",NA,16,"July",2013,NA,NA,NA,NA,1950,NA,"70% Ethanol","YES",20.33545,-101.188055555556
"324",NA,"Sauropsida","Teiidae","Aspidoscelis","gularis",NA,"Carlos Pérez Almazán",2013,"México","Guanajuato","Valle de Santiago","Jerónimo de Araceo","20","20","7.62",101,11,"17","Carlos Pérez Almazán","CPA","51",NA,16,"July",2013,NA,NA,NA,NA,1950,NA,"70% Ethanol","YES",20.33545,-101.188055555556
"325",NA,"Sauropsida","Teiidae","Aspidoscelis","gularis",NA,"Carlos Pérez Almazán",2013,"México","Guanajuato","Valle de Santiago","Jerónimo de Araceo","20","20","7.62",101,11,"17","Carlos Pérez Almazán","CPA","52",NA,16,"July",2013,NA,NA,NA,NA,1950,NA,"70% Ethanol","YES",20.33545,-101.188055555556
"326",NA,"Sauropsida","Teiidae","Aspidoscelis","gularis",NA,"Carlos Pérez Almazán",2013,"México","Guanajuato","Valle de Santiago","Jerónimo de Araceo","20","20","7.62",101,11,"17","Carlos Pérez Almazán","CPA","53",NA,16,"July",2013,NA,NA,NA,NA,1950,NA,"70% Ethanol","YES",20.33545,-101.188055555556
"327",NA,"Sauropsida","Teiidae","Aspidoscelis","gularis",NA,"Norma L. Manríquez Morán",2009,"México","Hidalgo","Ajacuba","Tulancalco","20","9","28",98,53,"37.5","Jorge E. González Espinoza","JEGE","1","12:20 h",12,"December",2009,NA,NA,"Xerophytic scrub","Ground",2238,NA,"70% Ethanol",NA,20.1577777777778,-98.89375
"328",NA,"Sauropsida","Teiidae","Aspidoscelis","gularis",NA,"Norma L. Manríquez Morán",2009,"México","Hidalgo","Ajacuba","Tulancalco","20","9","28",98,53,"37.5","Victor Vite Silva","VDVS","119","13:02 h",12,"December",2009,NA,NA,"Xerophytic scrub","Ground",2238,NA,"70% Ethanol",NA,20.1577777777778,-98.89375
"329",NA,"Sauropsida","Teiidae","Aspidoscelis","gularis",NA,"Juan C. Hernández Zenil Zenil",2011,"México","Hidalgo","Cardonal","Grutas de Tolantongo","20","38","57.8",98,59,"41.7","Juan C. Hernández Zenil Zenil","JCHZ","49","0.55902777777777779",19,"February",2011,NA,NA,"Cultivo","Entre plantas de cultivo",1265,NA,"70% Ethanol","YES",20.6493888888889,-98.9949166666667
"330",NA,"Sauropsida","Teiidae","Aspidoscelis","gularis",NA,"Norma L. Manríquez Morán",2010,"México","Hidalgo","Eloxochitán","San Juan Amajac","20","42","40",98,56,"50","Leonardo D. Orozco Rodríguez","LDOR","32","0.50694444444444442",7,"May",2010,NA,NA,"Xerophytic scrub","Ground",910,NA,"70% Ethanol","YES",20.7111111111111,-98.9472222222222
"331",NA,"Sauropsida","Teiidae","Aspidoscelis","gularis",NA,"Norma L. Manríquez Morán",2010,"México","Hidalgo","Eloxochitán","San Juan Amajac","20","43","40",98,56,"51.8","Leonardo D. Orozco Rodríguez","LDOR","33","0.55902777777777779",7,"May",2010,NA,NA,"Xerophytic scrub","Ground",911,NA,"70% Ethanol","YES",20.7277777777778,-98.9477222222222
"332",NA,"Sauropsida","Teiidae","Aspidoscelis","gularis",NA,"Norma L. Manríquez Morán",2010,"México","Hidalgo","Eloxochitán","San Juan Amajac","20","43","43",98,56,"50.5","Leonardo D. Orozco Rodríguez","LDOR","34","0.63888888888888895",7,"May",2010,NA,NA,"Xerophytic scrub","Ground",910,NA,"70% Ethanol","YES",20.7286111111111,-98.9473611111111
"333",NA,"Sauropsida","Teiidae","Aspidoscelis","gularis",NA,"Norma L. Manríquez Morán",2010,"México","Hidalgo","Eloxochitlán","San Juan Amajac","20","42","39.200000000000003",98,56,"50.4","Saúl F. Domínguez Guerrero","SFDG","82","0.41111111111111115",7,"May",2010,"Male",NA,"Xerophytic scrub","Ground",912,NA,"70% Ethanol","YES",20.7108888888889,-98.9473333333333
"334",NA,"Sauropsida","Teiidae","Aspidoscelis","gularis",NA,"Norma L. Manríquez Morán",2010,"México","Hidalgo","Eloxochitlán","San Juan Amajac","20","42","38.799999999999997",98,56,"50.1","Saúl F. Domínguez Guerrero","SFDG","84","0.4861111111111111",7,"May",2010,"Male",NA,"Xerophytic scrub","Ground",892,NA,"70% Ethanol","YES",20.7107777777778,-98.94725
"335",NA,"Sauropsida","Teiidae","Aspidoscelis","gularis",NA,"Norma L. Manríquez Morán",2010,"México","Hidalgo","Eloxochitlán","San Juan Amajac","20","42","46.1",98,56,"51","Saúl F. Domínguez Guerrero","SFDG","85","0.49444444444444446",7,"May",2010,"Male",NA,"Xerophytic scrub","Ground",889,NA,"70% Ethanol","YES",20.7128055555556,-98.9475
"336",NA,"Sauropsida","Teiidae","Aspidoscelis","gularis",NA,"Norma L. Manríquez Morán",2010,"México","Hidalgo","Eloxochitlán","San Juan Amajac","20","42","44.6",98,56,"50.7","Saúl F. Domínguez Guerrero","SFDG","86","0.52083333333333337",7,"May",2010,"Male",NA,"Xerophytic scrub","Ground",913,NA,"70% Ethanol","YES",20.7123888888889,-98.9474166666667
"337",NA,"Sauropsida","Teiidae","Aspidoscelis","gularis",NA,"Norma L. Manríquez Morán",2010,"México","Hidalgo","Eloxochitlán","San Juan Amajac","20","42","42.9",98,56,"52.2","Saúl F. Domínguez Guerrero","SFDG","87","0.52777777777777779",7,"May",2010,"Male",NA,"Xerophytic scrub","Ground",908,NA,"70% Ethanol","YES",20.7119166666667,-98.9478333333333
"338",NA,"Sauropsida","Teiidae","Aspidoscelis","gularis",NA,"Norma L. Manríquez Morán",2010,"México","Hidalgo","Eloxochitlán","San Juan Amajac","20","42","46.2",98,56,"51","Saúl F. Domínguez Guerrero","SFDG","88","0.5493055555555556",7,"May",2010,"Female",NA,"Xerophytic scrub","Ground",909,NA,"70% Ethanol","YES",20.7128333333333,-98.9475
"339",NA,"Sauropsida","Teiidae","Aspidoscelis","gularis",NA,"Norma L. Manríquez Morán",2010,"México","Hidalgo","Eloxochitlán","San Juan Amajac","20","42","43",98,56,"51.1","Saúl F. Domínguez Guerrero","SFDG","89","0.5756944444444444",7,"May",2010,"Female",NA,"Xerophytic scrub","Ground",909,NA,"70% Ethanol","YES",20.7119444444444,-98.9475277777778
"340",NA,"Sauropsida","Teiidae","Aspidoscelis","gularis",NA,"Norma L. Manríquez Morán",2010,"México","Hidalgo","Huejutla","Candelaria","21","4","55",98,24,"32","Leonardo D. Orozco Rodríguez","LDOR","28","0.73611111111111116",3,"May",2010,NA,NA,"Rainforest","Under rock",190,NA,"70% Ethanol","YES",21.0819444444444,-98.4088888888889
"341",NA,"Sauropsida","Teiidae","Aspidoscelis","gularis",NA,"Norma L. Manríquez Morán",2009,"México","Hidalgo","Ixmiquilpan","10 Km al O de Ixmiquilpan","20","30","28.3",99,18,"38.1","Juan C. Hernández Zenil","NLMM","406","15:38 h",11,"July",2009,NA,NA,"Xerophytic scrub","Sobre matorral",1847,NA,"70% Ethanol","YES",20.5078611111111,-99.3105833333333
"342",NA,"Sauropsida","Teiidae","Aspidoscelis","gularis",NA,"Norma L. Manríquez Morán",2010,"México","Hidalgo","Ixmiquilpan","El Espino","20","32","44.2",99,10,"39.799999999999997","Saúl F. Domínguez Guerrero","SFDG","31","0.5625",27,"February",2010,NA,NA,"Xerophytic scrub","Sobre roca",1808,NA,"70% Ethanol","YES",20.5456111111111,-99.1777222222222
"343",NA,"Sauropsida","Teiidae","Aspidoscelis","gularis",NA,"Norma L. Manríquez Morán",2010,"México","Hidalgo","Ixmiquilpan","El Espino","20","32","44.8",99,10,"39.799999999999997","Leonardo D. Orozco Rodríguez","LDOR","10","0.16666666666666666",27,"February",2010,NA,NA,"Xerophytic scrub","Bajo cardon",1804,NA,"70% Ethanol","YES",20.5457777777778,-99.1777222222222
"344",NA,"Sauropsida","Teiidae","Aspidoscelis","gularis",NA,"Norma L. Manríquez Morán",2010,"México","Hidalgo","Ixmiquilpan","El Espino","20","32","41.3",99,10,"38.5","Saúl F. Domínguez Guerrero","SFDG","60","0.58194444444444449",25,"April",2010,NA,NA,"Xerophytic scrub","Sobre roca",1804,NA,"70% Ethanol","YES",20.5448055555556,-99.1773611111111
"345",NA,"Sauropsida","Teiidae","Aspidoscelis","gularis",NA,"Norma L. Manríquez Morán",2010,"México","Hidalgo","Ixmiquilpan","El Espino","20","32","44.8",99,10,"42.2","Saúl F. Domínguez Guerrero","SFDG","61","0.625",25,"April",2010,"Male",NA,"Xerophytic scrub","Ground",1808,NA,"70% Ethanol","YES",20.5457777777778,-99.1783888888889
"346",NA,"Sauropsida","Teiidae","Aspidoscelis","gularis",NA,"Norma L. Manríquez Morán",2010,"México","Hidalgo","Ixmiquilpan","El Espino","20","32","40",99,10,"42","Leonardo D. Orozco Rodríguez","LDOR","17","0.5625",25,"April",2010,NA,NA,"Xerophytic scrub","Ground",1803,NA,"70% Ethanol","YES",20.5444444444444,-99.1783333333333
"347",NA,"Sauropsida","Teiidae","Aspidoscelis","gularis",NA,"Norma L. Manríquez Morán",2010,"México","Hidalgo","Ixmiquilpan","El Espino","20","32","40",99,10,"38.299999999999997","Saúl F. Domínguez Guerrero","SFDG","63","0.50416666666666665",26,"April",2010,"Male",NA,"Xerophytic scrub","Ground",1803,NA,"70% Ethanol","YES",20.5444444444444,-99.1773055555556
"348",NA,"Sauropsida","Teiidae","Aspidoscelis","gularis",NA,"Norma L. Manríquez Morán",2010,"México","Hidalgo","Ixmiquilpan","El Espino","20","32","45.6",99,10,"42.5","Saúl F. Domínguez Guerrero","SFDG","64","0.71875",26,"April",2010,"Female",NA,"Xerophytic scrub","Ground",1805,NA,"70% Ethanol","YES",20.546,-99.1784722222222
"349",NA,"Sauropsida","Teiidae","Aspidoscelis","gularis",NA,"Norma L. Manríquez Morán",2010,"México","Hidalgo","Ixmiquilpan","El Espino","20","32","44.8",99,10,"42.2","Juan C. Hernández Zenil Zenil","JCHZ","22","0.51874999999999993",26,"April",2010,NA,NA,"Xerophytic scrub","Ground",1808,NA,"70% Ethanol","YES",20.5457777777778,-99.1783888888889
"350",NA,"Sauropsida","Teiidae","Aspidoscelis","gularis",NA,"Norma L. Manríquez Morán",2010,"México","Hidalgo","Ixmiquilpan","El Espino","20","32","45",99,10,"43.2","Juan C. Hernández Zenil Zenil","JCHZ","23","0.7055555555555556",26,"April",2010,NA,NA,"Xerophytic scrub","Ground",1810,NA,"70% Ethanol","YES",20.5458333333333,-99.1786666666667
"351",NA,"Sauropsida","Teiidae","Aspidoscelis","gularis",NA,"Norma L. Manríquez Morán",2010,"México","Hidalgo","Ixmiquilpan","El Espino","20","32","33",99,10,"44.3","Leonardo D. Orozco Rodríguez","LDOR","18","0.55902777777777779",26,"April",2010,NA,NA,"Xerophytic scrub","Ground",1804,NA,"70% Ethanol","YES",20.5425,-99.1789722222222
"352",NA,"Sauropsida","Teiidae","Aspidoscelis","gularis",NA,"Norma L. Manríquez Morán",2010,"México","Hidalgo","Ixmiquilpan","El Espino","20","32","41.6",99,10,"44.3","Leonardo D. Orozco Rodríguez","LDOR","19","0.6069444444444444",26,"April",2010,NA,NA,"Xerophytic scrub","Ground",1803,NA,"70% Ethanol","YES",20.5448888888889,-99.1789722222222
"353",NA,"Sauropsida","Teiidae","Aspidoscelis","gularis",NA,"Norma L. Manríquez Morán",2010,"México","Hidalgo","Ixmiquilpan","El Espino","20","32","33.5",99,10,"33","Leonardo D. Orozco Rodríguez","LDOR","20","0.67013888888888884",26,"April",2010,NA,NA,"Xerophytic scrub","Ground",1804,NA,"70% Ethanol","YES",20.5426388888889,-99.1758333333333
"354",NA,"Sauropsida","Teiidae","Aspidoscelis","gularis",NA,"Carlos Pérez Almazán",2015,"México","Hidalgo","Jacala","San Nicolas","20","56","40.659999999999997",99,9,"43.77","Carlos Pérez Almazán","CPA","89",NA,NA,NA,2015,"Male",NA,NA,NA,NA,NA,"70% Ethanol","YES",20.9446277777778,-99.1621583333333
"355",NA,"Sauropsida","Teiidae","Aspidoscelis","gularis",NA,"Carlos Pérez Almazán",2015,"México","Hidalgo","Jacala","San Nicolas","20","56","40.659999999999997",99,9,"43.77","Carlos Pérez Almazán","CPA","90",NA,NA,NA,2015,"Male",NA,NA,NA,NA,NA,"70% Ethanol","YES",20.9446277777778,-99.1621583333333
"356",NA,"Sauropsida","Teiidae","Aspidoscelis","gularis",NA,"Carlos Pérez Almazán",2015,"México","Hidalgo","Jacala","San Nicolas","20","56","40.659999999999997",99,9,"43.77","Carlos Pérez Almazán","CPA","91",NA,NA,NA,2015,"Female",NA,NA,NA,NA,NA,"70% Ethanol","YES",20.9446277777778,-99.1621583333333
"357",NA,"Sauropsida","Teiidae","Aspidoscelis","gularis",NA,"Carlos Pérez Almazán",2015,"México","Hidalgo","Jacala","San Nicolas","20","56","40.659999999999997",99,9,"43.77","Carlos Pérez Almazán","CPA","92",NA,NA,NA,2015,"Female",NA,NA,NA,NA,NA,"70% Ethanol","YES",20.9446277777778,-99.1621583333333
"358",NA,"Sauropsida","Teiidae","Aspidoscelis","gularis",NA,"Carlos Pérez Almazán",2015,"México","Hidalgo","Jacala","San Nicolas","20","56","40.659999999999997",99,9,"43.77","Carlos Pérez Almazán","CPA","93",NA,NA,NA,2015,"Female",NA,NA,NA,NA,NA,"70% Ethanol","YES",20.9446277777778,-99.1621583333333
"359",NA,"Sauropsida","Teiidae","Aspidoscelis","gularis",NA,"Carlos Pérez Almazán",2015,"México","Hidalgo","Jacala","San Nicolas","20","56","40.659999999999997",99,9,"43.77","Carlos Pérez Almazán","CPA","94",NA,NA,NA,2015,"Male",NA,NA,NA,NA,NA,"70% Ethanol","YES",20.9446277777778,-99.1621583333333
"360",NA,"Sauropsida","Teiidae","Aspidoscelis","gularis",NA,"Carlos Pérez Almazán",2015,"México","Hidalgo","Jacala","San Nicolas","20","56","40.659999999999997",99,9,"43.77","Carlos Pérez Almazán","CPA","95",NA,NA,NA,2015,"Male",NA,NA,NA,NA,NA,"70% Ethanol","YES",20.9446277777778,-99.1621583333333
"361",NA,"Sauropsida","Teiidae","Aspidoscelis","gularis",NA,"Carlos Pérez Almazán",2015,"México","Hidalgo","Jacala","San Nicolas","20","56","40.659999999999997",99,9,"43.77","Carlos Pérez Almazán","CPA","96",NA,NA,NA,2015,"Female",NA,NA,NA,NA,NA,"70% Ethanol","YES",20.9446277777778,-99.1621583333333
"362",NA,"Sauropsida","Teiidae","Aspidoscelis","gularis",NA,"Carlos Pérez Almazán",2015,"México","Hidalgo","Jacala","San Nicolas","20","56","40.659999999999997",99,9,"43.77","Carlos Pérez Almazán","CPA","97",NA,NA,NA,2015,"Male",NA,NA,NA,NA,NA,"70% Ethanol","YES",20.9446277777778,-99.1621583333333
"363",NA,"Sauropsida","Teiidae","Aspidoscelis","gularis",NA,"Carlos Pérez Almazán",2015,"México","Hidalgo","Jacala","San Nicolas","20","56","40.659999999999997",99,9,"43.77","Carlos Pérez Almazán","CPA","98",NA,NA,NA,2015,"Female",NA,NA,NA,NA,NA,"70% Ethanol","YES",20.9446277777778,-99.1621583333333
"364",NA,"Sauropsida","Teiidae","Aspidoscelis","gularis",NA,"Carlos Pérez Almazán",2015,"México","Hidalgo","Jacala","San Nicolas","20","56","40.659999999999997",99,9,"43.77","Carlos Pérez Almazán","CPA","99",NA,NA,NA,2015,"Female",NA,NA,NA,NA,NA,"70% Ethanol","YES",20.9446277777778,-99.1621583333333
"365",NA,"Sauropsida","Teiidae","Aspidoscelis","gularis",NA,"Carlos Pérez Almazán",2015,"México","Hidalgo","Jacala","San Nicolas","20","56","40.659999999999997",99,9,"43.77","Carlos Pérez Almazán","CPA","100",NA,NA,NA,2015,"Female",NA,NA,NA,NA,NA,"70% Ethanol","YES",20.9446277777778,-99.1621583333333
"366",NA,"Sauropsida","Teiidae","Aspidoscelis","gularis",NA,"Carlos Pérez Almazán",2015,"México","Hidalgo","Jacala","San Nicolas","20","56","40.659999999999997",99,9,"43.77","Carlos Pérez Almazán","CPA","101",NA,NA,NA,2015,"Female",NA,NA,NA,NA,NA,"70% Ethanol","YES",20.9446277777778,-99.1621583333333
"367",NA,"Sauropsida","Teiidae","Aspidoscelis","gularis",NA,"Carlos Pérez Almazán",2014,"México","Hidalgo","Mezquitiltán","Milpillas","20","31","6.97",98,39,"45.86","Carlos Pérez Almazán","CPA","74",NA,NA,NA,2014,NA,NA,NA,NA,NA,NA,"70% Ethanol","YES",20.5186027777778,-98.6627388888889
"368",NA,"Sauropsida","Teiidae","Aspidoscelis","gularis",NA,"Carlos Pérez Almazán",2014,"México","Hidalgo","Mezquitiltán","Milpillas","20","31","6.97",98,39,"45.86","Carlos Pérez Almazán","CPA","75",NA,NA,NA,2014,NA,NA,NA,NA,NA,NA,"70% Ethanol","YES",20.5186027777778,-98.6627388888889
"369",NA,"Sauropsida","Teiidae","Aspidoscelis","gularis",NA,"Carlos Pérez Almazán",2014,"México","Hidalgo","Mezquitiltán","Milpillas","20","31","6.97",98,39,"45.86","Carlos Pérez Almazán","CPA","76",NA,NA,NA,2014,NA,NA,NA,NA,NA,NA,"70% Ethanol","YES",20.5186027777778,-98.6627388888889
"370",NA,"Sauropsida","Teiidae","Aspidoscelis","gularis",NA,"Carlos Pérez Almazán",2014,"México","Hidalgo","Mezquitiltán","Milpillas","20","31","6.97",98,39,"45.86","Carlos Pérez Almazán","CPA","77",NA,NA,NA,2014,NA,NA,NA,NA,NA,NA,"70% Ethanol","YES",20.5186027777778,-98.6627388888889
"371",NA,"Sauropsida","Teiidae","Aspidoscelis","gularis",NA,"Carlos Pérez Almazán",2014,"México","Hidalgo","Mezquitiltán","Milpillas","20","31","6.97",98,39,"45.86","Carlos Pérez Almazán","CPA","78",NA,NA,NA,2014,NA,NA,NA,NA,NA,NA,"70% Ethanol","YES",20.5186027777778,-98.6627388888889
"372",NA,"Sauropsida","Teiidae","Aspidoscelis","gularis",NA,"Carlos Pérez Almazán",2014,"México","Hidalgo","Mezquitiltán","Milpillas","20","31","6.97",98,39,"45.86","Carlos Pérez Almazán","CPA","79",NA,NA,NA,2014,NA,NA,NA,NA,NA,NA,"70% Ethanol","YES",20.5186027777778,-98.6627388888889
"373",NA,"Sauropsida","Teiidae","Aspidoscelis","gularis",NA,"Carlos Pérez Almazán",2015,"México","Hidalgo","Mezquitiltán","Milpillas","20","31","6.97",98,39,"45.86","Carlos Pérez Almazán","CPA","80",NA,NA,NA,2015,"Male",NA,NA,NA,1340,NA,"70% Ethanol","YES",20.5186027777778,-98.6627388888889
"374",NA,"Sauropsida","Teiidae","Aspidoscelis","gularis",NA,"Carlos Pérez Almazán",2015,"México","Hidalgo","Mezquitiltán","Milpillas","20","31","13.94",98,39,"51.9","Carlos Pérez Almazán","CPA","81",NA,NA,NA,2015,"Male",NA,NA,NA,1340,NA,"70% Ethanol","YES",20.5205388888889,-98.6644166666667
"375",NA,"Sauropsida","Teiidae","Aspidoscelis","gularis",NA,"Carlos Pérez Almazán",2015,"México","Hidalgo","Mezquitiltán","Milpillas","20","31","13.94",98,39,"51.9","Carlos Pérez Almazán","CPA","82",NA,NA,NA,2015,"Female",NA,NA,NA,1340,NA,"70% Ethanol","YES",20.5205388888889,-98.6644166666667
"376",NA,"Sauropsida","Teiidae","Aspidoscelis","gularis",NA,"Carlos Pérez Almazán",2015,"México","Hidalgo","Mezquitiltán","Milpillas","20","31","13.94",98,39,"51.9","Carlos Pérez Almazán","CPA","83",NA,NA,NA,2015,"Female",NA,NA,NA,1340,NA,"70% Ethanol","YES",20.5205388888889,-98.6644166666667
"377",NA,"Sauropsida","Teiidae","Aspidoscelis","gularis",NA,"Carlos Pérez Almazán",2015,"México","Hidalgo","Mezquitiltán","Milpillas","20","31","13.94",98,39,"51.9","Carlos Pérez Almazán","CPA","86",NA,NA,NA,2015,"Male",NA,NA,NA,NA,NA,"70% Ethanol","YES",20.5205388888889,-98.6644166666667
"378",NA,"Sauropsida","Teiidae","Aspidoscelis","gularis",NA,"Carlos Pérez Almazán",2015,"México","Hidalgo","Mezquitiltán","Milpillas","20","31","13.94",98,39,"51.9","Carlos Pérez Almazán","CPA","87",NA,NA,NA,2015,"Male",NA,NA,NA,NA,NA,"70% Ethanol","YES",20.5205388888889,-98.6644166666667
"379",NA,"Sauropsida","Teiidae","Aspidoscelis","gularis",NA,"Carlos Pérez Almazán",2015,"México","Hidalgo","Mezquitiltán","Milpillas","20","31","13.94",98,39,"51.9","Carlos Pérez Almazán","CPA","88",NA,NA,NA,2015,"Female",NA,NA,NA,NA,NA,"70% Ethanol","YES",20.5205388888889,-98.6644166666667
"380",NA,"Sauropsida","Teiidae","Aspidoscelis","gularis",NA,"Carlos Pérez Almazán",2015,"México","Hidalgo","Mezquitiltán","Milpillas","20","31","13.94",98,39,"51.9","Carlos Pérez Almazán","CPA","102",NA,NA,NA,2015,"Female",NA,NA,NA,NA,NA,"70% Ethanol","YES",20.5205388888889,-98.6644166666667
"381",NA,"Sauropsida","Teiidae","Aspidoscelis","gularis",NA,"Norma L. Manríquez Morán",2010,"México","Hidalgo","Pacula","Río Moctezuma (Paso a Membrillar)","20","57","22.78",99,23,"26.22","Carmen García Chávez","CGCH","13","0.5",26,"May",2010,NA,NA,"Tropical forest","River bank",895,NA,"70% Ethanol",NA,20.9563277777778,-99.3906166666667
"382",NA,"Sauropsida","Teiidae","Aspidoscelis","gularis",NA,"Norma L. Manríquez Morán",2010,"México","Hidalgo","Pacula","Río Moctezuma (Paso a Membrillar)","20","57","22.78",99,23,"26.22","Victor Vite Silva Silva","VDVS","262","0.5",26,"May",2010,NA,NA,"Tropical forest","River bank",895,NA,"70% Ethanol",NA,20.9563277777778,-99.3906166666667
"383",NA,"Sauropsida","Teiidae","Aspidoscelis","gularis",NA,"Norma L. Manríquez Morán",2010,"México","Hidalgo","Pacula","Río Moctezuma (Paso a Membrillar)","20","57","22.78",99,23,"26.22","Victor Vite Silva Silva","VDVS","263","0.5",26,"May",2010,NA,NA,"Tropical forest","River bank",895,NA,"70% Ethanol",NA,20.9563277777778,-99.3906166666667
"384",NA,"Sauropsida","Teiidae","Aspidoscelis","gularis",NA,"Norma L. Manríquez Morán",2009,"México","Hidalgo","Pisaflores","Miraflores","21","9","28.4",99,1,"44.7","Victor Vite Silva","VDVS","116",NA,12,"December",2009,NA,NA,NA,NA,284,NA,"70% Ethanol",NA,21.1578888888889,-99.0290833333333
"385",NA,"Sauropsida","Teiidae","Aspidoscelis","gularis",NA,"Leonardo D. Orozco Rodríguez",2011,"México","Hidalgo","Progreso de Obregon",NA,"20","14","84",99,12,"39","Leonardo D. Orozco Rodríguez","LDOR","81","0.46736111111111112",18,"May",2011,NA,NA,"Vegetación riparia","Ground",1920,NA,"70% Ethanol","YES",20.2566666666667,-99.2108333333333
"386",NA,"Sauropsida","Teiide","Aspidoscelis","gularis",NA,"Norma L. Manríquez Morán",2010,"México","Hidalgo","San Agustin Metzquititlán","Milpillas","20","31","10.4",98,39,"47.1","Leonardo D. Orozco Rodríguez","LDOR","58","0.4465277777777778",7,"August",2010,NA,NA,"Ribereña","Ground",1315,NA,"70% Ethanol","YES",20.5195555555556,-98.6630833333333
"387",NA,"Sauropsida","Teiide","Aspidoscelis","gularis",NA,"Norma L. Manríquez Morán",2010,"México","Hidalgo","San Agustin Metzquititlán","Milpillas","20","31","8.9",98,39,"46.3","Leonardo D. Orozco Rodríguez","LDOR","59","0.4861111111111111",8,"August",2010,NA,NA,"Riverside","Under rock",1328,NA,"70% Ethanol",NA,20.5191388888889,-98.6628611111111
"388",NA,"Sauropsida","Teiide","Aspidoscelis","gularis",NA,"Norma L. Manríquez Morán",2010,"México","Hidalgo","San Agustin Metzquititlán","Milpillas","20","31","21.2",98,39,"45.2","Leonardo D. Orozco Rodríguez","LDOR","60","0.54166666666666663",8,"August",2010,NA,NA,"Riverside","Under rock",1330,NA,"70% Ethanol","YES",20.5225555555556,-98.6625555555556
"389",NA,"Sauropsida","Teiidae","Aspidoscelis","gularis",NA,"Anahi Esquivel Ramírez",2018,"México","Hidalgo","San Agustín Metzquititlán","Milpillas","20","31","32.619999999999997",98,39,"28.14","Norma L. Manríquez Morán","NLMM","547","0.41666666666666669",5,"April",2018,"Male","Adult","Crop","Among bushes, rodeado de zona de cultivos",1328,NA,"70% Ethanol","YES",20.5257277777778,-98.6578166666667
"390",NA,"Sauropsida","Teiidae","Aspidoscelis","gularis",NA,"Anahi Esquivel Ramírez",2018,"México","Hidalgo","San Agustín Metzquititlán","Milpillas","20","31","33.03",98,39,"31.43","Norma L. Manríquez Morán","NLMM","548","0.47986111111111113",5,"April",2018,"Female","Young","Xerophytic scrub","Under bush",1329,NA,"70% Ethanol","YES",20.5258416666667,-98.6587305555556
"391",NA,"Sauropsida","Teiidae","Aspidoscelis","gularis",NA,"Anahi Esquivel Ramírez",2018,"México","Hidalgo","San Agustín Metzquititlán","Milpillas","20","31","34.46",98,39,"28.3","Norma L. Manríquez Morán","NLMM","549","0.5",5,"April",2018,"Male","Adult","Riparian","River bank",1328,NA,"70% Ethanol","YES",20.5262388888889,-98.6578611111111
"392",NA,"Sauropsida","Teiidae","Aspidoscelis","gularis",NA,"Anahi Esquivel Ramírez",2018,"México","Hidalgo","San Agustín Metzquititlán","Milpillas","20","31","34.46",98,39,"28.3","Norma L. Manríquez Morán","NLMM","550","0.5180555555555556",5,"April",2018,"Male","Young","Riparian","Under bush",1328,NA,"70% Ethanol","YES",20.5262388888889,-98.6578611111111
"393",NA,"Sauropsida","Teiidae","Aspidoscelis","gularis",NA,"Saúl F. Domínguez Guerrero",2010,"México","Hidalgo","San Agustín Metzquitítlan","Milpillas","20","31","7.8",98,39,"45.1","Saúl F. Domínguez Guerrero","SFDG","144","0.43055555555555558",7,"August",2010,"Female",NA,"Xerophytic scrub","En Ground",1321,NA,"70% Ethanol","YES",20.5188333333333,-98.6625277777778
"394",NA,"Sauropsida","Teiidae","Aspidoscelis","gularis",NA,"Saúl F. Domínguez Guerrero",2010,"México","Hidalgo","San Agustín Metzquitítlan","Milpillas","20","31","14",98,39,"52","Saúl F. Domínguez Guerrero","SFDG","145","0.46180555555555558",7,"August",2010,"Male",NA,"Xerophytic scrub","En Ground",1311,NA,"70% Ethanol","YES",20.5205555555556,-98.6644444444445
"395",NA,"Sauropsida","Teiidae","Aspidoscelis","gularis",NA,"Saúl F. Domínguez Guerrero",2010,"México","Hidalgo","San Agustín Metzquitítlan","Milpillas","20","31","16",98,39,"55","Saúl F. Domínguez Guerrero","SFDG","146","0.5",7,"August",2010,"Female",NA,"Xerophytic scrub","En Ground",1329,NA,"70% Ethanol","YES",20.5211111111111,-98.6652777777778
"396",NA,"Sauropsida","Teiidae","Aspidoscelis","gularis",NA,"Saúl F. Domínguez Guerrero",2010,"México","Hidalgo","San Agustín Metzquitítlan","Milpillas","20","31","10",98,39,"43.5","Saúl F. Domínguez Guerrero","SFDG","147","0.51944444444444449",7,"August",2010,"Male",NA,"Xerophytic scrub","En Ground",1328,NA,"70% Ethanol","YES",20.5194444444444,-98.6620833333333
"397",NA,"Sauropsida","Teiidae","Aspidoscelis","gularis",NA,"Saúl F. Domínguez Guerrero",2010,"México","Hidalgo","San Agustín Metzquitítlan","Milpillas","20","31","11.9",98,39,"42.2","Saúl F. Domínguez Guerrero","SFDG","148","0.52916666666666667",7,"August",2010,"Male",NA,"Xerophytic scrub","En Ground",1318,NA,"70% Ethanol","YES",20.5199722222222,-98.6617222222222
"398",NA,"Sauropsida","Teiidae","Aspidoscelis","gularis",NA,"Saúl F. Domínguez Guerrero",2010,"México","Hidalgo","San Agustín Metzquitítlan","Milpillas","20","31","12.7",98,39,"51.1","Saúl F. Domínguez Guerrero","SFDG","149","0.65625",7,"August",2010,"Female",NA,"Xerophytic scrub","En Ground",1315,NA,"70% Ethanol","YES",20.5201944444444,-98.6641944444444
"399",NA,"Sauropsida","Teiidae","Aspidoscelis","gularis",NA,"Saúl F. Domínguez Guerrero",2010,"México","Hidalgo","San Agustín Metzquitítlan","Milpillas","20","31","13.1",98,39,"50","Saúl F. Domínguez Guerrero","SFDG","150","0.42708333333333331",8,"August",2010,"Male",NA,"Xerophytic scrub","Ground",1306,NA,"70% Ethanol",NA,20.5203055555556,-98.6638888888889
"400",NA,"Sauropsida","Teiidae","Aspidoscelis","gularis",NA,"Saúl F. Domínguez Guerrero",2010,"México","Hidalgo","San Agustín Metzquitítlan","Milpillas","20","31","13.7",98,39,"52.7","Saúl F. Domínguez Guerrero","SFDG","151","0.43263888888888885",8,"August",2010,"Male",NA,"Xerophytic scrub","Ground",1319,NA,"70% Ethanol","YES",20.5204722222222,-98.6646388888889
"401",NA,"Sauropsida","Teiidae","Aspidoscelis","gularis",NA,"Saúl F. Domínguez Guerrero",2010,"México","Hidalgo","San Agustín Metzquitítlan","Milpillas","20","31","14.5",98,39,"54.2","Saúl F. Domínguez Guerrero","SFDG","152","0.46250000000000002",8,"August",2010,"Female",NA,"Xerophytic scrub","Ground",1315,NA,"70% Ethanol","YES",20.5206944444444,-98.6650555555556
"402",NA,"Sauropsida","Teiidae","Aspidoscelis","gularis",NA,"Norma L. Manríquez Morán",2012,"México","Hidalgo","San Agustín Metzquitítlan","Milpillas","20","32","8.6999999999999993",98,39,"3","Norma L. Manríquez Morán","NLMM","450","0.46875",31,"May",2012,"Male","Adult",NA,NA,1340,NA,"70% Ethanol","YES",20.53575,-98.6508333333333
"403",NA,"Sauropsida","Teiidae","Aspidoscelis","gularis",NA,"Norma L. Manríquez Morán",2012,"México","Hidalgo","San Agustín Metzquitítlan","Milpillas","20","32","9.1",98,39,"3.1","Norma L. Manríquez Morán","NLMM","451","0.47916666666666669",31,"May",2012,"Female","Adult",NA,NA,1340,NA,"70% Ethanol","YES",20.5358611111111,-98.6508611111111
"404",NA,"Sauropsida","Teiidae","Aspidoscelis","gularis",NA,"Norma L. Manríquez Morán",2012,"México","Hidalgo","San Agustín Metzquitítlan","Milpillas","20","32","23.2",98,39,"3.1","Norma L. Manríquez Morán","NLMM","453","0.52013888888888882",31,"May",2012,"Female","Adult",NA,NA,1334,NA,"70% Ethanol","YES",20.5397777777778,-98.6508611111111
"405",NA,"Sauropsida","Teiidae","Aspidoscelis","gularis",NA,"Norma L. Manríquez Morán",2012,"México","Hidalgo","San Agustín Metzquitítlan","Milpillas","20","32","30.1",98,39,"5.2","Norma L. Manríquez Morán","NLMM","457","0.55972222222222223",31,"May",2012,"Female","Adult",NA,NA,1353,NA,"70% Ethanol","YES",20.5416944444444,-98.6514444444445
"406",NA,"Sauropsida","Teiidae","Aspidoscelis","gularis",NA,"Norma L. Manríquez Morán",2012,"México","Hidalgo","San Agustín Metzquitítlan","Milpillas","20","32","35.4",98,39,"5.6","Norma L. Manríquez Morán","NLMM","458","0.56944444444444442",31,"May",2012,"Female","Adult",NA,NA,1355,NA,"70% Ethanol","YES",20.5431666666667,-98.6515555555556
"407",NA,"Sauropsida","Teiidae","Aspidoscelis","gularis",NA,"Norma L. Manríquez Morán",2009,"México","Hidalgo","San Agustín Tlaxiaca","Santa María","20","9","27.3",98,53,"32.4","Norma L. Manríquez Morán","NLMM","408","01:55 h",19,"September",2009,"Male",NA,"Xerophytic scrub","Among bushes",2264,NA,"70% Ethanol","YES",20.1575833333333,-98.8923333333333
"408",NA,"Sauropsida","Teiidae","Aspidoscelis","gularis",NA,"Norma L. Manríquez Morán",2009,"México","Hidalgo","San Agustín Tlaxiaca","Santa María","20","9","27.1",98,53,"36.1","Carmen García Chávez","CGCH","9","2:55 h",16,"October",2009,NA,NA,"Xerophytic scrub","Arbusto",2253,NA,"70% Ethanol","YES",20.1575277777778,-98.8933611111111
"409",NA,"Sauropsida","Teiidae","Aspidoscelis","gularis",NA,"Norma L. Manríquez Morán",2009,"México","Hidalgo","San Agustín Tlaxiaca","Santa María","20","9","26.9",98,53,"34.299999999999997","Leonardo D. Orozco Rodríguez","LDOR","3","1:40 h",16,"October",2009,NA,NA,"Xerophytic scrub","Ground",2257,NA,"70% Ethanol","YES",20.1574722222222,-98.8928611111111
"410",NA,"Sauropsida","Teiidae","Aspidoscelis","gularis",NA,"Norma L. Manríquez Morán",2009,"México","Hidalgo","San Agustín Tlaxiaca","Santa María","20","9","28.3",98,53,"39.700000000000003","Saúl F. Domínguez Guerrero","SFDG","14","15:45 h",16,"October",2009,NA,NA,"Xerophytic scrub","Ground",2252,NA,"70% Ethanol","YES",20.1578611111111,-98.8943611111111
"411",NA,"Sauropsida","Teiidae","Aspidoscelis","gularis",NA,"Norma L. Manríquez Morán",2009,"México","Hidalgo","San Agustín Tlaxiaca","Santa María","20","6","31.8",99,7,"36.700000000000003","Leonardo D. Orozco Rodríguez","LDOR","6","13:00 h",11,"December",2009,"Male",NA,"Xerophytic scrub","Ground",2103,NA,"70% Ethanol",NA,20.1088333333333,-99.1268611111111
"412",NA,"Sauropsida","Teiidae","Aspidoscelis","gularis",NA,"Norma L. Manríquez Morán",2010,"México","Hidalgo","San AgustínTlaxiaca","Santa María","20","8","54.9",98,53,"37.700000000000003","Saúl F. Domínguez Guerrero","SFDG","42","0.53125",8,"April",2010,NA,NA,"Xerophytic scrub","En hormiguero",2284,NA,"70% Ethanol","YES",20.1485833333333,-98.8938055555556
"413",NA,"Sauropsida","Teiidae","Aspidoscelis","gularis",NA,"Norma L. Manríquez Morán",2010,"México","Hidalgo","San AgustínTlaxiaca","Santa María","20","9","6.9",98,53,"48.7","Leonardo D. Orozco Rodríguez","LDOR","16","0.55208333333333337",8,"April",2010,NA,NA,"Xerophytic scrub","Under rock",2281,NA,"70% Ethanol","YES",20.1519166666667,-98.8968611111111
"414",NA,"Sauropsida","Teiidae","Aspidoscelis","gularis",NA,"Carlos Pérez Almazán",2015,"México","Hidalgo","Zimapan","Zimapan","20","44","22.39",99,21,"27.41","Carlos Pérez Almazán","CPA","84",NA,NA,NA,2015,"Male",NA,NA,NA,NA,NA,"70% Ethanol","YES",20.7395527777778,-99.3576138888889
"415",NA,"Sauropsida","Teiidae","Aspidoscelis","gularis",NA,"Carlos Pérez Almazán",2015,"México","Hidalgo","Zimapan","Zimapan","20","44","22.39",99,21,"27.41","Carlos Pérez Almazán","CPA","85",NA,NA,NA,2015,"Female",NA,NA,NA,NA,NA,"70% Ethanol","YES",20.7395527777778,-99.3576138888889
"416",NA,"Sauropsida","Teiidae","Aspidoscelis","gularis",NA,"Norma L. Manríquez Morán",2009,"México","Hidalgo","Zimapán","Cantera","20","44","34.15",99,20,"8.2100000000000009","Leonardo D. Orozco Rodríguez","LDOR","2","2:00 h",15,"October",2009,NA,NA,"Xerophytic scrub","Sobre roca",1871,NA,"70% Ethanol",NA,20.7428194444444,-99.3356138888889
"417",NA,"Sauropsida","Teiidae","Aspidoscelis","gularis",NA,"Norma L. Manríquez Morán",2010,"México","Hidalgo","Zimapán","El Muhi","20","44","48",99,21,"47.4","Saúl F. Domínguez Guerrero","SFDG","65","0.52083333333333337",27,"April",2010,NA,NA,"Xerophytic scrub","Ground",1775,NA,"70% Ethanol","YES",20.7466666666667,-99.3631666666667
"418",NA,"Sauropsida","Teiidae","Aspidoscelis","gularis",NA,"Norma L. Manríquez Morán",2010,"México","Hidalgo","Zimapán","El Muhi","20","44","46.8",99,21,"51.5","Saúl F. Domínguez Guerrero","SFDG","66","0.55277777777777781",27,"April",2010,"Male",NA,"Xerophytic scrub","Ground",1809,NA,"70% Ethanol","YES",20.7463333333333,-99.3643055555555
"419",NA,"Sauropsida","Teiidae","Aspidoscelis","gularis",NA,"Norma L. Manríquez Morán",2010,"México","Hidalgo","Zimapán","El Muhi","20","45","1.7",99,21,"32.200000000000003","Juan C. Hernández Zenil Zenil","JCHZ","25","0.59513888888888888",27,"April",2010,NA,NA,"Xerophytic scrub","Ground",1805,NA,"70% Ethanol",NA,20.7504722222222,-99.3589444444444
"420",NA,"Sauropsida","Teiidae","Aspidoscelis","gularis",NA,"Norma L. Manríquez Morán",2010,"México","Hidalgo","Zimapán","El Muhi","20","45","1.5",99,21,"34.200000000000003","Leonardo D. Orozco Rodríguez","LDOR","21","0.52083333333333337",27,"April",2010,NA,NA,"Xerophytic scrub","Ground",1807,NA,"70% Ethanol","YES",20.7504166666667,-99.3595
"421",NA,"Sauropsida","Teiidae","Aspidoscelis","gularis",NA,"Norma L. Manríquez Morán",2010,"México","Hidalgo","Zimapán","El Muhi","20","45","2.2999999999999998",99,21,"34","Leonardo D. Orozco Rodríguez","LDOR","22","0.54791666666666672",27,"April",2010,NA,NA,"Xerophytic scrub","Ground",1808,NA,"70% Ethanol","YES",20.7506388888889,-99.3594444444444
"422",NA,"Sauropsida","Teiidae","Aspidoscelis","gularis",NA,"Norma L. Manríquez Morán",2010,"México","Hidalgo","Zimapán","El Muhi","20","45","1.8",99,21,"34.4","Saúl F. Domínguez Guerrero","SFDG","67","0.53125",28,"April",2010,"Male",NA,"Xerophytic scrub","Ground",1807,NA,"70% Ethanol","YES",20.7505,-99.3595555555555
"423",NA,"Sauropsida","Teiidae","Aspidoscelis","gularis",NA,"Norma L. Manríquez Morán",2010,"México","Hidalgo","Zimapán","El Muhi","20","45","5",99,21,"33.4","Juan C. Hernández Zenil Zenil","JCHZ","26","0.60277777777777775",28,"April",2010,NA,NA,"Xerophytic scrub","Ground",1804,NA,"70% Ethanol","YES",20.7513888888889,-99.3592777777778
"424",NA,"Sauropsida","Teiidae","Aspidoscelis","gularis",NA,"Norma L. Manríquez Morán",2010,"México","Hidalgo","Zimapán","El Muhi","20","44","1.5",99,21,"45.6","Leonardo D. Orozco Rodríguez","LDOR","23","0.58888888888888891",28,"April",2010,NA,NA,"Xerophytic scrub","Ground",1810,NA,"70% Ethanol",NA,20.73375,-99.3626666666667
"425",NA,"Sauropsida","Teiidae","Aspidoscelis","gularis",NA,"Juan C. Hernández Zenil Zenil",2011,"México","Hidalgo","Zimapán","El Muhi","20","45","3.5",99,21,"34.1","Juan C. Hernández Zenil Zenil","JCHZ","50","0.52500000000000002",20,"February",2011,NA,NA,"Xerophytic scrub","Among bushes",NA,NA,"70% Ethanol","YES",20.7509722222222,-99.3594722222222
"426",NA,"Sauropsida","Teiidae","Aspidoscelis","gularis",NA,"Jorge E. González Espinoza",2011,"México","Hidalgo","Zimapán","El Muhi","20","45","4.7",99,21,"32","Jorge E. González Espinoza","JEGE","294","0.44097222222222227",20,"February",2011,"Female","Young","Xerophytic scrub","Among bushes",1780,NA,"70% Ethanol","YES",20.7513055555556,-99.3588888888889
"427",NA,"Sauropsida","Teiidae","Aspidoscelis","gularis",NA,"Norma L. Manríquez Morán",2009,"México","Hidalgo","Zimapán","La Tauna","20","44","24.07",99,22,"57.38","Juan C. Hernández Zenil","JCHZ","11","13:44 h",15,"August",2009,NA,NA,"Xerophytic scrub","Ground",1738,NA,"70% Ethanol","YES",20.7400194444444,-99.3826055555555
"428",NA,"Sauropsida","Teiidae","Aspidoscelis","gularis",NA,"Saúl F. Domínguez Guerrero",2010,"México","Hidalgo","Zimapán","Muhí","20","44","51.2",99,21,"49.8","Saúl F. Domínguez Guerrero","SFDG","40","0.52083333333333337",29,"March",2010,NA,NA,"Xerophytic scrub","Under rock",1776,NA,"70% Ethanol","YES",20.7475555555556,-99.3638333333333
"429",NA,"Sauropsida","Teiidae","Aspidoscelis","gularis",NA,"Norma L. Manríquez Morán",2009,"México","Hidalgo","Zimapán","Zimapán","20","44","24.07",99,22,"57.38","Saúl F. Domínguez Guerrero","SFDG","1","14:00 h",15,"August",2009,NA,NA,"Xerophytic scrub","Ground",1738,NA,"70% Ethanol","YES",20.7400194444444,-99.3826055555555
"430",NA,"Sauropsida","Teiidae","Aspidoscelis","gularis",NA,"Carlos Pérez Almazán",2013,"México","Jalisco",NA,"Rancho 1/4 de milla","21","19","32.299999999999997",101,53,"0.38","Carlos Pérez Almazán","CPA","54",NA,18,"July",2013,NA,NA,NA,NA,1925,NA,"70% Ethanol","YES",21.3256388888889,-101.883438888889
"431",NA,"Sauropsida","Teiidae","Aspidoscelis","gularis",NA,"Carlos Pérez Almazán",2013,"México","Jalisco",NA,"Rancho 1/4 de milla","21","19","32.299999999999997",101,53,"0.38","Carlos Pérez Almazán","CPA","55",NA,18,"July",2013,NA,NA,NA,NA,1925,NA,"70% Ethanol","YES",21.3256388888889,-101.883438888889
"432",NA,"Sauropsida","Teiidae","Aspidoscelis","gularis",NA,"Carlos Pérez Almazán",2013,"México","Jalisco",NA,"Rancho 1/4 de milla","21","19","32.299999999999997",101,53,"0.38","Carlos Pérez Almazán","CPA","56",NA,18,"July",2013,NA,NA,NA,NA,1925,NA,"70% Ethanol","YES",21.3256388888889,-101.883438888889
"433",NA,"Sauropsida","Teiidae","Aspidoscelis","gularis",NA,"Carlos Pérez Almazán",2013,"México","Jalisco",NA,"Rancho 1/4 de milla","21","19","32.299999999999997",101,53,"0.38","Carlos Pérez Almazán","CPA","57",NA,18,"July",2013,NA,NA,NA,NA,1925,NA,"70% Ethanol","YES",21.3256388888889,-101.883438888889
"434",NA,"Sauropsida","Teiidae","Aspidoscelis","gularis",NA,"Carlos Pérez Almazán",2013,"México","Jalisco",NA,"Rancho 1/4 de milla","21","19","32.299999999999997",101,53,"0.38","Carlos Pérez Almazán","CPA","58",NA,19,"July",2013,NA,NA,NA,NA,1925,NA,"70% Ethanol","YES",21.3256388888889,-101.883438888889
"435",NA,"Sauropsida","Teiidae","Aspidoscelis","gularis",NA,"Carlos Pérez Almazán",2013,"México","Jalisco",NA,"Rancho 1/4 de milla","21","19","32.299999999999997",101,53,"0.38","Carlos Pérez Almazán","CPA","59",NA,19,"July",2013,NA,NA,NA,NA,1925,NA,"70% Ethanol","YES",21.3256388888889,-101.883438888889
"436",NA,"Sauropsida","Teiidae","Aspidoscelis","gularis",NA,"Carlos Pérez Almazán",2013,"México","Nuevo León","Galeana","San Roberto","24","41","9.35",100,18,"14","Carlos Pérez Almazán","CPA","26","0.49513888888888885",7,"May",2013,"Male",NA,"Xerophytic scrub","Under cactus",1929,NA,"70% Ethanol","YES",24.6859305555556,-100.303888888889
"437",NA,"Sauropsida","Teiidae","Aspidoscelis","gularis",NA,"Carlos Pérez Almazán",2013,"México","Nuevo León","Galeana","San Roberto","24","41","8.1999999999999993",100,18,"15.66","Carlos Pérez Almazán","CPA","27","0.50902777777777775",7,"May",2013,"Male",NA,"Xerophytic scrub","Under cactus",1937,NA,"70% Ethanol","YES",24.6856111111111,-100.30435
"438",NA,"Sauropsida","Teiidae","Aspidoscelis","gularis",NA,"Carlos Pérez Almazán",2013,"México","Nuevo León","Galeana","San Roberto","24","41","7.39",100,18,"15.65","Carlos Pérez Almazán","CPA","28","0.51597222222222217",7,"May",2013,"Female",NA,"Xerophytic scrub","Under bush",1933,NA,"70% Ethanol","YES",24.6853861111111,-100.304347222222
"439",NA,"Sauropsida","Teiidae","Aspidoscelis","gularis",NA,"Carlos Pérez Almazán",2013,"México","Nuevo León","Galeana","San Roberto","24","41","4.34",100,18,"18.86","Carlos Pérez Almazán","CPA","29","0.52847222222222223",7,"May",2013,"Female",NA,"Xerophytic scrub","Under bush",1944,NA,"70% Ethanol","YES",24.6845388888889,-100.305238888889
"440",NA,"Sauropsida","Teiidae","Aspidoscelis","gularis",NA,"Carlos Pérez Almazán",2013,"México","Nuevo León","Galeana","San Roberto","24","41","3.82",100,18,"18.71","Carlos Pérez Almazán","CPA","30","0.53263888888888888",7,"May",2013,"Male",NA,"Xerophytic scrub","Under cactus",1937,NA,"70% Ethanol","YES",24.6843944444444,-100.305197222222
"441",NA,"Sauropsida","Teiidae","Aspidoscelis","gularis",NA,"Carlos Pérez Almazán",2013,"México","Nuevo León","Galeana","San Roberto","24","41","3.84",100,18,"19.78","Carlos Pérez Almazán","CPA","31","0.5395833333333333",7,"May",2013,"Male",NA,"Xerophytic scrub","Under bush",1943,NA,"70% Ethanol","YES",24.6844,-100.305494444444
"442",NA,"Sauropsida","Teiidae","Aspidoscelis","gularis",NA,"Carlos Pérez Almazán",2013,"México","Nuevo León","Galeana","San Roberto","24","41","0.35",100,18,"28.49","Carlos Pérez Almazán","CPA","32","0.58333333333333337",7,"May",2013,"Female",NA,"Xerophytic scrub","Under bush",1943,NA,"70% Ethanol","YES",24.6834305555556,-100.307913888889
"443",NA,"Sauropsida","Teiidae","Aspidoscelis","gularis",NA,"Carlos Pérez Almazán",2014,"México","Nuevo León","Galeana","San Roberto","24","41","3.84",100,18,"19.78","Carlos Pérez Almazán","CPA","33","0.59722222222222221",7,"May",2013,"Male",NA,"Xerophytic scrub","Under bush",1943,NA,"70% Ethanol","YES",24.6844,-100.305494444444
"444",NA,"Sauropsida","Teiidae","Aspidoscelis","gularis",NA,"Carlos Pérez Almazán",2013,"México","Nuevo León","Monterrey","Cañon de Casa Blanca","25","39","11.91",100,42,"44.5","Carlos Pérez Almazán","CPA","25","0.63402777777777775",6,"May",2013,"Female",NA,"Xerophytic scrub","Under rock",1164,NA,"70% Ethanol","YES",25.6533083333333,-100.712361111111
"445",NA,"Sauropsida","Teiidae","Aspidoscelis","gularis",NA,"Carlos Pérez Almazán",2013,"México","Queretaro","El Marqués","El Rosario","20","31","3.26",100,18,"46.64","Carlos Pérez Almazán","CPA","45",NA,15,"July",2013,NA,NA,NA,NA,2093,NA,"70% Ethanol","YES",20.5175722222222,-100.312955555556
"446",NA,"Sauropsida","Teiidae","Aspidoscelis","gularis",NA,"Carlos Pérez Almazán",2013,"México","Queretaro","El Marqués","El Rosario","20","31","3.26",100,18,"46.64","Carlos Pérez Almazán","CPA","46",NA,15,"July",2013,NA,NA,NA,NA,2093,NA,"70% Ethanol","YES",20.5175722222222,-100.312955555556
"447",NA,"Sauropsida","Teiidae","Aspidoscelis","gularis",NA,"Carlos Pérez Almazán",2015,"México","Querétaro","Jalpan","El Rayo","21","17","13.29",99,29,"21.5","Carlos Pérez Almazán","CPA","103",NA,NA,NA,2015,"Female",NA,NA,NA,NA,NA,"70% Ethanol","YES",21.287025,-99.4893055555556
"448",NA,"Sauropsida","Teiidae","Aspidoscelis","gularis",NA,"Carlos Pérez Almazán",2015,"México","Querétaro","Jalpan","El Rayo","21","17","13.29",99,29,"21.5","Carlos Pérez Almazán","CPA","104",NA,NA,NA,2015,"Female",NA,NA,NA,NA,NA,"70% Ethanol","YES",21.287025,-99.4893055555556
"449",NA,"Sauropsida","Teiidae","Aspidoscelis","gularis",NA,"Carlos Pérez Almazán",2015,"México","Querétaro","Jalpan","El Rayo","21","17","13.29",99,29,"21.5","Carlos Pérez Almazán","CPA","105",NA,NA,NA,2015,"Female",NA,NA,NA,NA,NA,"70% Ethanol","YES",21.287025,-99.4893055555556
"450",NA,"Sauropsida","Teiidae","Aspidoscelis","gularis",NA,"Carlos Pérez Almazán",2015,"México","Querétaro","Jalpan","El Rayo","21","17","13.29",99,29,"21.5","Carlos Pérez Almazán","CPA","106",NA,NA,NA,2015,"Female",NA,NA,NA,NA,NA,"70% Ethanol","YES",21.287025,-99.4893055555556
"451",NA,"Sauropsida","Teiidae","Aspidoscelis","gularis",NA,"Carlos Pérez Almazán",2015,"México","Querétaro","Jalpan","El Rayo","21","17","13.29",99,29,"21.5","Carlos Pérez Almazán","CPA","107",NA,NA,NA,2015,"Male",NA,NA,NA,NA,NA,"70% Ethanol","YES",21.287025,-99.4893055555556
"452",NA,"Sauropsida","Teiidae","Aspidoscelis","gularis",NA,"Carlos Pérez Almazán",2015,"México","Querétaro","Jalpan","El Rayo","21","17","13.29",99,29,"21.5","Carlos Pérez Almazán","CPA","108",NA,NA,NA,2015,"Male",NA,NA,NA,NA,NA,"70% Ethanol","YES",21.287025,-99.4893055555556
"453",NA,"Sauropsida","Teiidae","Aspidoscelis","gularis",NA,"Carlos Pérez Almazán",2015,"México","Querétaro","Jalpan","El Rayo","21","17","13.29",99,29,"21.5","Carlos Pérez Almazán","CPA","109",NA,NA,NA,2015,"Male",NA,NA,NA,NA,NA,"70% Ethanol","YES",21.287025,-99.4893055555556
"454",NA,"Sauropsida","Teiidae","Aspidoscelis","gularis",NA,"Carlos Pérez Almazán",2015,"México","Querétaro","Jalpan","El Rayo","21","17","13.29",99,29,"21.5","Carlos Pérez Almazán","CPA","110",NA,NA,NA,2015,"Male",NA,NA,NA,NA,NA,"70% Ethanol","YES",21.287025,-99.4893055555556
"455",NA,"Sauropsida","Teiidae","Aspidoscelis","gularis",NA,"Oscar I. González Solís",2012,"México","Querétaro","Jalpan de Serra","Jalpan","21","12","4.4000000000000004",99,28,"40.4","Oscar I. González Solís","OIGS","200 (tail)","0.61736111111111114",10,"July",2012,NA,NA,"Rainforest","Ground",780,NA,"70% Ethanol","YES",21.2012222222222,-99.4778888888889
"456",NA,"Sauropsida","Teiidae","Aspidoscelis","gularis",NA,"Oscar I. González Solís",2012,"México","Querétaro","Jalpan de Serra","Jalpan","21","12","4.9000000000000004",99,28,"40","Oscar I. González Solís","OIGS","202","0.69791666666666663",10,"July",2012,NA,NA,"Rainforest","Ground",775,NA,"70% Ethanol","YES",21.2013611111111,-99.4777777777778
"457",NA,"Sauropsida","Teiidae","Aspidoscelis","gularis",NA,"Oscar I. González Solís",2012,"México","Querétaro","Jalpan de Serra","Jalpan","21","12","10.6",99,28,"42.6","Oscar I. González Solís","OIGS","201","0.73611111111111116",10,"July",2012,"Male",NA,"Rainforest","Ground",787,NA,"70% Ethanol","YES",21.2029444444444,-99.4785
"458",NA,"Sauropsida","Teiidae","Aspidoscelis","gularis",NA,"Carlos Pérez Almazán",2015,"México","Querétaro","Querétaro","El Rosario","20","31","3.26",100,18,"46.64","Carlos Pérez Almazán","CPA","119",NA,NA,NA,2015,"Female",NA,NA,NA,NA,NA,"70% Ethanol","YES",20.5175722222222,-100.312955555556
"459",NA,"Sauropsida","Teiidae","Aspidoscelis","gularis",NA,"Carlos Pérez Almazán",2015,"México","Querétaro","Querétaro","El Rosario","20","31","3.26",100,18,"46.64","Carlos Pérez Almazán","CPA","120",NA,NA,NA,2015,"Female",NA,NA,NA,NA,NA,"70% Ethanol","YES",20.5175722222222,-100.312955555556
"460",NA,"Sauropsida","Teiidae","Aspidoscelis","gularis",NA,"Carlos Pérez Almazán",2015,"México","Querétaro","Querétaro","El Rosario","20","31","3.26",100,18,"46.64","Carlos Pérez Almazán","CPA","121",NA,NA,NA,2015,"Male",NA,NA,NA,NA,NA,"70% Ethanol","YES",20.5175722222222,-100.312955555556
"461",NA,"Sauropsida","Teiidae","Aspidoscelis","gularis",NA,"Carlos Pérez Almazán",2013,"México","San Luis Potosí","Catorce","Real de 14","23","49","6.72",100,49,"55.35","Carlos Pérez Almazán","CPA","34","0.44930555555555557",8,"May",2013,"Male",NA,"Xerophytic scrub","Under bush",1899,NA,"70% Ethanol","YES",23.8185333333333,-100.832041666667
"462",NA,"Sauropsida","Teiidae","Aspidoscelis","gularis",NA,"Carlos Pérez Almazán",2013,"México","San Luis Potosí","Cedral","Rncho San Benito","23","47","53.1",100,42,"6.19","Carlos Pérez Almazán","CPA","35","0.57500000000000007",8,"May",2013,"Male",NA,"Xerophytic scrub","Under rock",1718,NA,"70% Ethanol","YES",23.7980833333333,-100.701719444444
"463",NA,"Sauropsida","Teiidae","Aspidoscelis","gularis",NA,"Carlos Pérez Almazán",2013,"México","San Luis Potosí","Cedral","Rncho San Benito","23","47","52.32",100,42,"12.26","Carlos Pérez Almazán","CPA","36","0.60625000000000007",8,"May",2013,"Female",NA,"Xerophytic scrub","Ground",1712,NA,"70% Ethanol","YES",23.7978666666667,-100.703405555556
"464",NA,"Sauropsida","Teiidae","Aspidoscelis","gularis",NA,"Carlos Pérez Almazán",2013,"México","San Luis Potosí","Cedral","Rncho San Benito","23","47","58.05",100,42,"14.84","Carlos Pérez Almazán","CPA","37","0.61944444444444446",8,"May",2013,"Female",NA,"Xerophytic scrub","Under bush",1700,NA,"70% Ethanol","YES",23.7994583333333,-100.704122222222
"465","CIB5063","Sauropsida","Teiidae","Aspidoscelis","gularis",NA,"Saúl F. Domínguez Guerrero",2016,"México","San Luis Potosí","Charcas","Miguel Hidalgo","23","14","0",100,57,"33","Saúl F. Domínguez Guerrero","SFDG","525","0.5",29,"May",2016,"Female","Adult","Xerophytic scrub","Ground",2017,NA,"70% Ethanol","YES",23.2333333333333,-100.959166666667
"466","CIB5064","Sauropsida","Teiidae","Aspidoscelis","gularis",NA,"Saúl F. Domínguez Guerrero",2016,"México","San Luis Potosí","Charcas","Miguel Hidalgo","23","14","0",100,57,"33","Saúl F. Domínguez Guerrero","SFDG","526","0.66666666666666663",29,"May",2016,NA,"Young","Xerophytic scrub","Ground",2017,NA,"70% Ethanol","YES",23.2333333333333,-100.959166666667
"467","CIB5141","Sauropsida","Teiidae","Aspidoscelis","gularis",NA,"Anahi Esquivel Ramírez",2017,"México","San Luis Potosí","Río Verde","Cañada Grande","21","53","45.1",100,21,"2.4","Norma L. Manríquez Morán","NLMM","523","0.43541666666666662",2,"Seprtember",2017,NA,"Young","Oak forest","Under rock",1833,NA,"70% Ethanol","YES",21.8958611111111,-100.350666666667
"468","CIB5145","Sauropsida","Teiidae","Aspidoscelis","gularis",NA,"Anahi Esquivel Ramírez",2017,"México","San Luis Potosí","Río Verde","Cañada Grande","21","53","42",100,20,"57.9","Norma L. Manríquez Morán","NLMM","527","0.64583333333333337",2,"Seprtember",2017,"Female",NA,"Oak forest","Under rock",1829,NA,"70% Ethanol","YES",21.895,-100.349416666667
"469",NA,"Sauropsida","Phrynosomatidae","Aspidoscelis","gularis",NA,"Saúl Filemón Domínguez Guerrero",2013,"México","San Luis Potosí","Tamasopo","Puente de Dios","21","48","24.8",99,4,"8.1","Saúl F. Domínguez Guerrero","SFDG","374",NA,NA,NA,2013,NA,NA,NA,NA,360,NA,"Alcohol al 70%","YES",21.8068888888889,-99.0689166666667
"470",NA,"Sauropsida","Teiidae","Aspidoscelis","gularis",NA,"Carlos Pérez Almazán",2013,"México","San Luis Potosí","Villa de Ramos","Yolialtl","22","53","30.28",101,41,"31.34","Carlos Pérez Almazán","CPA","38","0.59583333333333333",9,"May",2013,"Female",NA,"Xerophytic scrub","Under bush",2087,NA,"70% Ethanol","YES",22.8917444444444,-101.692038888889
"471",NA,"Sauropsida","Teiidae","Aspidoscelis","gularis",NA,"Carlos Pérez Almazán",2013,"México","San Luis Potosí","Villa de Ramos","Yolialtl","22","53","42.79",101,41,"31.13","Carlos Pérez Almazán","CPA","39","0.62569444444444444",9,"May",2013,"Male",NA,"Xerophytic scrub","Under bush",2078,NA,"70% Ethanol","YES",22.8952194444444,-101.691980555556
"472",NA,"Sauropsida","Teiidae","Aspidoscelis","gularis",NA,"Carlos Pérez Almazán",2013,"México","San Luis Potosí","Villa de Ramos","Yolialtl","22","53","24.72",101,41,"22.04","Carlos Pérez Almazán","CPA","40","0.71388888888888891",9,"May",2013,"Male",NA,"Xerophytic scrub","Under bush",2088,NA,"70% Ethanol","YES",22.8902,-101.689455555556
"473",NA,"Sauropsida","Teiidae","Aspidoscelis","gularis",NA,"Carlos Pérez Almazán",2013,"México","San Luis Potosí","Villa de Ramos","Yolialtl","22","53","27.14",101,41,"26.71","Carlos Pérez Almazán","CPA","41","0.44236111111111115",10,"May",2013,"Female",NA,"Xerophytic scrub","Under bush",2084,NA,"70% Ethanol","YES",22.8908722222222,-101.690752777778
"474",NA,"Sauropsida","Teiidae","Aspidoscelis","gularis",NA,"Carlos Pérez Almazán",2013,"México","San Luis Potosí","Villa de Ramos","Yolialtl","22","53","27.36",101,41,"27.45","Carlos Pérez Almazán","CPA","42","0.44930555555555557",10,"May",2013,"Female",NA,"Xerophytic scrub","Under bush",2086,NA,"70% Ethanol","YES",22.8909333333333,-101.690958333333
"475",NA,"Sauropsida","Teiidae","Aspidoscelis","gularis",NA,"Carlos Pérez Almazán",2013,"México","San Luis Potosí","Villa de Ramos","Yolialtl","22","53","26.92",101,41,"26.25","Carlos Pérez Almazán","CPA","43","0.4548611111111111",10,"May",2013,"Male",NA,"Xerophytic scrub","Under bush",2080,NA,"70% Ethanol","YES",22.8908111111111,-101.690625
"476",NA,"Sauropsida","Teiidae","Aspidoscelis","gularis",NA,"Carlos Pérez Almazán",2013,"México","San Luis Potosí","Villa de Ramos","Yolialtl","22","53","26.56",100,41,"26.32","Carlos Pérez Almazán","CPA","44","0.53472222222222221",10,"May",2013,"Female",NA,"Xerophytic scrub","Under bush",2088,NA,"70% Ethanol","YES",22.8907111111111,-100.690644444444
"477",NA,"Sauropsida","Teiidae","Aspidoscelis","gularis",NA,"Anahi Esquvel Ramírez",2015,"México","San Luis Potosí","Villa de Reyes","San Joaquín","21","48","43.4",100,57,"44.1","Norma L. Manríquez Morán","NLMM","484","0.50208333333333333",13,"April",2015,"Male","Adult","Xerophytic scrub","Ground",1828,NA,"70% Ethanol","YES",21.8120555555556,-100.96225
"478",NA,"Sauropsida","Teiidae","Aspidoscelis","gularis",NA,"Anahi Esquvel Ramírez",2015,"México","San Luis Potosí","Villa de Reyes","San Joaquín","21","48","47.2",100,57,"34","Norma L. Manríquez Morán","NLMM","486","0.40763888888888888",13,"April",2015,"Male","Adult","Xerophytic scrub","Ground",1819,NA,"70% Ethanol","YES",21.8131111111111,-100.959444444444
"479",NA,"Sauropsida","Teiidae","Aspidoscelis","gularis",NA,"Anahi Esquvel Ramírez",2015,"México","San Luis Potosí","Villa de Reyes","San Joaquín","21","48","31.1",100,57,"50.2","Norma L. Manríquez Morán","NLMM","487","0.44097222222222227",14,"April",2015,"Female","Adult","Xerophytic scrub","Ground",1829,NA,"70% Ethanol","YES",21.8086388888889,-100.963944444444
"480",NA,"Sauropsida","Teiidae","Aspidoscelis","gularis",NA,"Anahi Esquvel Ramírez",2015,"México","San Luis Potosí","Villa de Reyes","San Joaquín","21","48","19.2",100,57,"54.5","Norma L. Manríquez Morán","NLMM","488","0.4777777777777778",13,"April",2015,"Male","Adult","Xerophytic scrub","Ground",1832,NA,"70% Ethanol","YES",21.8053333333333,-100.965138888889
"481",NA,"Sauropsida","Teiidae","Aspidoscelis","gularis",NA,"Anahi Esquvel Ramírez",2015,"México","San Luis Potosí","Villa de Reyes","San Joaquín","21","48","40.4",100,57,"45","Norma L. Manríquez Morán","NLMM","489","0.48541666666666666",13,"April",2015,"Male","Adult","Xerophytic scrub","Ground",1825,NA,"70% Ethanol","YES",21.8112222222222,-100.9625
"482",NA,"Sauropsida","Teiidae","Aspidoscelis","gularis",NA,"Anahi Esquvel Ramírez",2015,"México","San Luis Potosí","Villa de Reyes","San Joaquín","21","48","43.7",100,57,"44","Norma L. Manríquez Morán","NLMM","490","0.52708333333333335",13,"April",2015,"Male","Adult","Xerophytic scrub","Ground",1829,NA,"70% Ethanol","YES",21.8121388888889,-100.962222222222
"483",NA,"Sauropsida","Teiidae","Aspidoscelis","gularis",NA,"Anahi Esquvel Ramírez",2015,"México","San Luis Potosí","Villa de Reyes","San Joaquín","21","48","44.9",100,57,"43.4","Norma L. Manríquez Morán","NLMM","491","0.54375000000000007",13,"April",2015,"Female","Adult","Xerophytic scrub","Ground",1830,NA,"70% Ethanol","YES",21.8124722222222,-100.962055555556
"484",NA,"Sauropsida","Teiidae","Aspidoscelis","gularis",NA,"Norma L. Manríquez Morán",2015,"México","San Luis Potosí","Villa de Reyes","San Joaquín","21","48","48.77279171963778",100,57,"31.576319999999999","Norma L. Manríquez Morán","NLMM","492","0.3888888888888889",8,"May",2015,"Female","Adult","Xerophytic scrub","Ground",1827,NA,"70% Ethanol","YES",21.8135479976999,-100.9587712
"485",NA,"Sauropsida","Teiidae","Aspidoscelis","gularis",NA,"Norma L. Manríquez Morán",2015,"México","San Luis Potosí","Villa de Reyes","San Joaquín","21","48","48.635115480000195",100,57,"43.168320000000001","Norma L. Manríquez Morán","NLMM","493","0.42499999999999999",8,"May",2015,"Male","Adult","Xerophytic scrub","Ground",1826,NA,"70% Ethanol","YES",21.8135097543,-100.9619912
"486",NA,"Sauropsida","Teiidae","Aspidoscelis","gularis",NA,"Norma L. Manríquez Morán",2015,"México","San Luis Potosí","Villa de Reyes","San Joaquín","21","48","48.77279171963778",100,57,"31.576319999999999","Norma L. Manríquez Morán","NLMM","494","0.52430555555555558",8,"May",2015,"Male","Adult","Xerophytic scrub","Ground",1827,NA,"70% Ethanol","YES",21.8135479976999,-100.9587712
"487",NA,"Sauropsida","Teiidae","Aspidoscelis","gularis",NA,"Norma L. Manríquez Morán",2015,"México","San Luis Potosí","Villa de Reyes","San Joaquín","21","48","49.129945560002568",100,57,"31.61628","Norma L. Manríquez Morán","NLMM","495","0.59861111111111109",8,"May",2015,"Female","Adult","Xerophytic scrub","Ground",1825,NA,"70% Ethanol","YES",21.8136472071,-100.9587823
"488",NA,"Sauropsida","Teiidae","Aspidoscelis","gularis",NA,"Norma L. Manríquez Morán",2015,"México","San Luis Potosí","Villa de Reyes","San Joaquín","21","48","43.536634919636867",100,57,"42.681240000000003","Norma L. Manríquez Morán","NLMM","497","0.47916666666666669",12,"May",2015,"Female","Adult","Xerophytic scrub","Ground",1825,NA,"70% Ethanol","YES",21.8120935096999,-100.9618559
"489",NA,"Sauropsida","Teiidae","Aspidoscelis","gularis",NA,"Norma L. Manríquez Morán",2015,"México","San Luis Potosí","Villa de Reyes","San Joaquín","21","48","43.50619763963806",100,57,"42.506639999999997","Norma L. Manríquez Morán","NLMM","498","0.48958333333333331",12,"May",2015,"Male","Adult","Xerophytic scrub","Ground",1826,NA,"70% Ethanol","YES",21.8120850548999,-100.9618074
"490",NA,"Sauropsida","Teiidae","Aspidoscelis","gularis",NA,"Norma L. Manríquez Morán",2015,"México","San Luis Potosí","Villa de Reyes","San Joaquín","21","48","46.71072216000141",100,57,"35.482680000000002","Norma L. Manríquez Morán","NLMM","499","0.42499999999999999",13,"May",2015,"Male","Adult","Xerophytic scrub","Ground",1827,NA,"70% Ethanol","YES",21.8129752006,-100.9598563
"491",NA,"Sauropsida","Teiidae","Aspidoscelis","gularis",NA,"Norma L. Manríquez Morán",2015,"México","San Luis Potosí","Villa de Reyes","San Joaquín","21","48","46.71072216000141",100,57,"35.482680000000002","Norma L. Manríquez Morán","NLMM","500","0.42708333333333331",13,"May",2015,"Female","Adult","Xerophytic scrub","Ground",1827,NA,"70% Ethanol","YES",21.8129752006,-100.9598563
"492",NA,"Sauropsida","Teiidae","Aspidoscelis","gularis",NA,"Carlos Pérez Almazán",2013,"México","Tamaulipas","Hidalgo","Estacion de la Cruz","24","6","10.14",99,10,"33.46","Carlos Pérez Almazán","CPA","16","0.51041666666666663",5,"May",2013,"Male",NA,"Mesquite forest","Under tree",212,NA,"70% Ethanol","YES",24.1028166666667,-99.1759611111111
"493",NA,"Sauropsida","Teiidae","Aspidoscelis","gularis",NA,"Carlos Pérez Almazán",2013,"México","Tamaulipas","Hidalgo","Estacion de la Cruz","24","6","10.14",99,10,"33.46","Carlos Pérez Almazán","CPA","17","0.52083333333333337",5,"May",2013,"Male",NA,"Mesquite forest","Under tree",211,NA,"70% Ethanol","YES",24.1028166666667,-99.1759611111111
"494",NA,"Sauropsida","Teiidae","Aspidoscelis","gularis",NA,"Carlos Pérez Almazán",2013,"México","Tamaulipas","Hidalgo","Estacion de la Cruz","24","6","11.63",99,10,"35.31","Carlos Pérez Almazán","CPA","18","0.53125",5,"May",2013,"Male",NA,"Mesquite forest","Under tree",211,NA,"70% Ethanol","YES",24.1032305555556,-99.176475
"495",NA,"Sauropsida","Teiidae","Aspidoscelis","gularis",NA,"Carlos Pérez Almazán",2013,"México","Tamaulipas","Hidalgo","Estacion de la Cruz","24","6","8.2100000000000009",99,10,"37.89","Carlos Pérez Almazán","CPA","19","0.55138888888888882",5,"May",2013,"Female",NA,"Mesquite forest","Under tree",201,NA,"70% Ethanol","YES",24.1022805555556,-99.1771916666667
"496",NA,"Sauropsida","Teiidae","Aspidoscelis","gularis",NA,"Carlos Pérez Almazán",2013,"México","Tamaulipas","Hidalgo","Estacion de la Cruz","24","6","8.2100000000000009",99,10,"37.85","Carlos Pérez Almazán","CPA","20","0.55138888888888882",5,"May",2013,"Female",NA,"Mesquite forest","Under tree",201,NA,"70% Ethanol","YES",24.1022805555556,-99.1771805555556
"497",NA,"Sauropsida","Teiidae","Aspidoscelis","gularis",NA,"Carlos Pérez Almazán",2013,"México","Tamaulipas","Hidalgo","Estacion de la Cruz","24","6","8.51",99,10,"37.25","Carlos Pérez Almazán","CPA","21","0.55972222222222223",5,"May",2013,"Female",NA,"Mesquite forest","Under tree",217,NA,"70% Ethanol","YES",24.1023638888889,-99.1770138888889
"498",NA,"Sauropsida","Teiidae","Aspidoscelis","gularis",NA,"Carlos Pérez Almazán",2013,"México","Tamaulipas","Hidalgo","Estacion de la Cruz","24","6","16.12",99,10,"37.01","Carlos Pérez Almazán","CPA","22","0.62152777777777779",5,"May",2013,"Female",NA,"Mesquite forest","Under tree",207,NA,"70% Ethanol","YES",24.1044777777778,-99.1769472222222
"499",NA,"Sauropsida","Teiidae","Aspidoscelis","gularis",NA,"Carlos Pérez Almazán",2013,"México","Tamaulipas","Hidalgo","Estacion de la Cruz","24","6","8.5500000000000007",99,10,"31.94","Carlos Pérez Almazán","CPA","23","0.67569444444444438",5,"May",2013,"Female",NA,"Mesquite forest","Under tree",214,NA,"70% Ethanol","YES",24.102375,-99.1755388888889
"500",NA,"Sauropsida","Teiidae","Aspidoscelis","gularis",NA,"Carlos Pérez Almazán",2014,"México","Tamaulipas","Hidalgo","Estacion de la Cruz","24","6","8.5500000000000007",99,10,"31.94","Carlos Pérez Almazán","CPA","24","0.67569444444444438",5,"May",2013,"Female",NA,"Mesquite forest","Under tree",214,NA,"70% Ethanol","YES",24.102375,-99.1755388888889
"501",NA,"Sauropsida","Teiidae","Aspidoscelis","gularis",NA,"Carlos Pérez Almazán",2013,"México","Tamaulipas","Tula","Tula","23","1","17.87",99,42,"59.87","Carlos Pérez Almazán","CPA","15","0.60416666666666663",4,"May",2013,"Female",NA,"Xerophytic scrub","Under bush",1197,NA,"70% Ethanol","YES",23.0216305555556,-99.7166305555556
"502",NA,"Sauropsida","Teiidae","Aspidoscelis","gularis",NA,"Carlos Pérez Almazán",2013,"México","Zacatecas",NA,"Chulavista","22","38","36.58",102,57,"53.89","Carlos Pérez Almazán","CPA","69",NA,20,"July",2013,NA,NA,NA,NA,2005,NA,"70% Ethanol","YES",22.6434944444444,-102.964969444444
"503",NA,"Sauropsida","Teiidae","Aspidoscelis","gularis",NA,"Carlos Pérez Almazán",2013,"México","Zacatecas",NA,"Chulavista","22","38","36.58",102,57,"53.89","Carlos Pérez Almazán","CPA","71",NA,20,"July",2013,NA,NA,NA,NA,2005,NA,"70% Ethanol","YES",22.6434944444444,-102.964969444444
"504",NA,"Sauropsida","Teiidae","Aspidoscelis","gularis",NA,"Carlos Pérez Almazán",2013,"México","Zacatecas",NA,"Chulavista","22","38","36.58",102,57,"53.89","Carlos Pérez Almazán","CPA","72",NA,20,"July",2013,NA,NA,NA,NA,2005,NA,"70% Ethanol","YES",22.6434944444444,-102.964969444444
"505",NA,"Sauropsida","Teiidae","Aspidoscelis","gularis",NA,"Carlos Pérez Almazán",2013,"México","Zacatecas",NA,"Chulavista","22","38","36.58",102,57,"53.89","Carlos Pérez Almazán","CPA","73",NA,20,"July",2013,NA,NA,NA,NA,2005,NA,"70% Ethanol","YES",22.6434944444444,-102.964969444444
"506",NA,"Sauropsida","Teiidae","Aspidoscelis","guttatus",NA,"Norma L. Manríquez Morán",2012,"México","Chiapas","Acala","20 de Noviembre","16","30","47",92,53,"6","Víctor M. Martínez Bustos","VMMB","6","0.52638888888888891",11,"July",2012,"Female","Adult",NA,NA,471,NA,"70% Ethanol","YES",16.5130555555556,-92.885
"507",NA,"Sauropsida","Teiidae","Aspidoscelis","guttatus",NA,"Norma L. Manríquez Morán",2012,"México","Chiapas","Acala","20 de Noviembre","16","30","47",92,53,"5.9","Saúl F. Domínguez Guerrero","SFDG","296","0.53125",11,"July",2012,"Male","Adult",NA,NA,471,NA,"70% Ethanol","YES",16.5130555555556,-92.8849722222222
"508",NA,"Sauropsida","Teiidae","Aspidoscelis","guttatus",NA,"Norma L. Manríquez Morán",2012,"México","Chiapas","Acala","20 de Noviembre","16","30","47",92,53,"5.9","Saúl F. Domínguez Guerrero","SFDG","297","0.66111111111111109",11,"July",2012,"Male","Adult",NA,NA,470,NA,"70% Ethanol","YES",16.5130555555556,-92.8849722222222
"509",NA,"Sauropsida","Teiidae","Aspidoscelis","inornatus",NA,"Carlos Pérez Almazán",2013,"México","Tamaulipas","Tula","Tula","23","1","18.41",99,43,"2.82","Carlos Pérez Almazán","CPA","13","0.39583333333333331",4,"May",2013,"Female",NA,"Xerophytic scrub","Under bush",1203,NA,"70% Ethanol","YES",23.0217805555556,-99.71745
"510",NA,"Sauropsida","Teiidae","Aspidoscelis","inornatus",NA,"Carlos Pérez Almazán",2013,"México","Tamaulipas","Tula","Tula","23","1","16.07",99,43,"3.2","Carlos Pérez Almazán","CPA","14","0.54861111111111105",4,"May",2013,"Female",NA,"Xerophytic scrub","Under bush",1197,NA,"70% Ethanol","YES",23.0211305555556,-99.7175555555556
"511","CIB5195","Sauropsida","Teiidae","Aspidoscelis","lineattissimus",NA,"Saúl F. Domínguez Guerrero",2016,"México","Jalisco","Cabo corrientes","El Tuito","20","12","56",105,20,"19","Saúl F. Domínguez Guerrero","SFDG","552",NA,NA,NA,2016,"Female",NA,"Rainforest","Ground",250,NA,"70% Ethanol",NA,20.2155555555556,-105.338611111111
"512",NA,"Sauropsida","Teiidae","Aspidoscelis","maslini",NA,"Norma L. Manríquez Morán",1999,"México","Campeche","Calakmul","Calakmul","18","12","53.25",89,27,"4.21","Norma L. Manríquez Morán","NLMM","048","0.46736111111111112",20,"April",1999,"Female","Adult","Halophytic vegetation","Beach",1,"Pathenogenetic","70% Ethanol","YES",18.2147916666667,-89.4511694444444
"513",NA,"Sauropsida","Teiidae","Aspidoscelis","maslini",NA,"Norma L. Manríquez Morán",1999,"México","Campeche","Calakmul","Calakmul","18","12","53.25",89,27,"4.21","Norma L. Manríquez Morán","NLMM","049","0.49027777777777781",20,"April",1999,"Female","Adult","Halophytic vegetation","Beach",1,"Pathenogenetic","70% Ethanol","YES",18.2147916666667,-89.4511694444444
"514",NA,"Sauropsida","Teiidae","Aspidoscelis","maslini",NA,"Norma L. Manríquez Morán",1999,"México","Campeche","Calakmul","Calakmul","18","12","53.25",89,27,"4.21","Norma L. Manríquez Morán","NLMM","050","0.51250000000000007",20,"April",1999,"Female","Adult","Halophytic vegetation","Beach",1,"Pathenogenetic","70% Ethanol","YES",18.2147916666667,-89.4511694444444
"515",NA,"Sauropsida","Teiidae","Aspidoscelis","maslini",NA,"Norma L. Manríquez Morán",1999,"México","Campeche","Calakmul","Narciso Mendoza","18","12","53.25",89,27,"4.21","Norma L. Manríquez Morán","NLMM","066",NA,25,"May",1999,"Female","Adult","Rainforest","Beach",NA,"Pathenogenetic","70% Ethanol",NA,18.2147916666667,-89.4511694444444
"516",NA,"Sauropsida","Teiidae","Aspidoscelis","maslini",NA,"Norma L. Manríquez Morán",1999,"México","Campeche","Champotón","Champoton","19","18","56",90,45,"7","Norma L. Manríquez Morán","NLMM","068","0.38055555555555554",26,"May",1999,"Female","Adult","Halophytic vegetation","Beach",1,"Pathenogenetic","70% Ethanol","YES",19.3155555555556,-90.7519444444444
"517",NA,"Sauropsida","Teiidae","Aspidoscelis","maslini",NA,"Norma L. Manríquez Morán",1999,"México","Campeche","Champotón","Champoton","19","18","56",90,45,"7","Norma L. Manríquez Morán","NLMM","069","0.38680555555555557",26,"May",1999,"Female","Adult","Halophytic vegetation","Beach",1,"Pathenogenetic","70% Ethanol",NA,19.3155555555556,-90.7519444444444
"518",NA,"Sauropsida","Teiidae","Aspidoscelis","maslini",NA,"Norma L. Manríquez Morán",1999,"México","Campeche","Champotón","Champoton","19","18","56",90,45,"7","Norma L. Manríquez Morán","NLMM","070","0.39097222222222222",26,"May",1999,"Female","Adult","Halophytic vegetation","Beach",1,"Pathenogenetic","70% Ethanol","YES",19.3155555555556,-90.7519444444444
"519",NA,"Sauropsida","Teiidae","Aspidoscelis","maslini",NA,"Norma L. Manríquez Morán",1999,"México","Campeche","Champotón","Champoton","19","18","56",90,45,"7","Norma L. Manríquez Morán","NLMM","071","0.40138888888888885",26,"May",1999,"Female","Adult","Halophytic vegetation","Beach",1,"Pathenogenetic","70% Ethanol",NA,19.3155555555556,-90.7519444444444
"520",NA,"Sauropsida","Teiidae","Aspidoscelis","maslini",NA,"Norma L. Manríquez Morán",1999,"México","Campeche","Champotón","Champoton","19","18","56",90,45,"7","Norma L. Manríquez Morán","NLMM","072","0.4069444444444445",26,"May",1999,"Female","Adult","Halophytic vegetation","Beach",1,"Pathenogenetic","70% Ethanol",NA,19.3155555555556,-90.7519444444444
"521",NA,"Sauropsida","Teiidae","Aspidoscelis","maslini",NA,"Norma L. Manríquez Morán",1999,"México","Campeche","Champotón","Champoton","19","18","56",90,45,"7","Norma L. Manríquez Morán","NLMM","073","0.41597222222222219",26,"May",1999,"Female","Adult","Halophytic vegetation","Beach",1,"Pathenogenetic","70% Ethanol","YES",19.3155555555556,-90.7519444444444
"522",NA,"Sauropsida","Teiidae","Aspidoscelis","maslini",NA,"Norma L. Manríquez Morán",1999,"México","Campeche","Champotón","Champoton","19","18","56",90,45,"7","Norma L. Manríquez Morán","NLMM","074","0.41944444444444445",26,"May",1999,"Female","Adult","Halophytic vegetation","Beach",1,"Pathenogenetic","70% Ethanol",NA,19.3155555555556,-90.7519444444444
"523",NA,"Sauropsida","Teiidae","Aspidoscelis","maslini",NA,"Norma L. Manríquez Morán",1999,"México","Campeche","Champotón","Champoton","19","18","56",90,45,"7","Norma L. Manríquez Morán","NLMM","075","0.42569444444444443",26,"May",1999,"Female","Adult","Halophytic vegetation","Beach",1,"Pathenogenetic","70% Ethanol",NA,19.3155555555556,-90.7519444444444
"524",NA,"Sauropsida","Teiidae","Aspidoscelis","maslini",NA,"Norma L. Manríquez Morán",1999,"México","Campeche","Champotón","Champoton","19","18","56",90,45,"7","Norma L. Manríquez Morán","NLMM","076","0.43402777777777773",26,"May",1999,"Female","Adult","Halophytic vegetation","Beach",1,"Pathenogenetic","70% Ethanol","YES",19.3155555555556,-90.7519444444444
"525",NA,"Sauropsida","Teiidae","Aspidoscelis","maslini",NA,"Norma L. Manríquez Morán",1999,"México","Campeche","Champotón","Champoton","19","18","56",90,45,"7","Norma L. Manríquez Morán","NLMM","077","0.43958333333333338",26,"May",1999,"Female","Adult","Halophytic vegetation","Beach",1,"Pathenogenetic","70% Ethanol",NA,19.3155555555556,-90.7519444444444
"526",NA,"Sauropsida","Teiidae","Aspidoscelis","maslini",NA,"Norma L. Manríquez Morán",1999,"México","Campeche","Champotón","Champoton","19","18","56",90,45,"7","Norma L. Manríquez Morán","NLMM","078","0.44513888888888892",26,"May",1999,"Female","Adult","Halophytic vegetation","Beach",1,"Pathenogenetic","70% Ethanol",NA,19.3155555555556,-90.7519444444444
"527",NA,"Sauropsida","Teiidae","Aspidoscelis","maslini",NA,"Norma L. Manríquez Morán",1999,"México","Campeche","Champotón","Champoton","19","18","56",90,45,"7","Norma L. Manríquez Morán","NLMM","079","0.44791666666666669",26,"May",1999,"Female","Adult","Halophytic vegetation","Beach",1,"Pathenogenetic","70% Ethanol",NA,19.3155555555556,-90.7519444444444
"528",NA,"Sauropsida","Teiidae","Aspidoscelis","maslini",NA,"Norma L. Manríquez Morán",1999,"México","Campeche","Champotón","Champoton","19","18","56",90,45,"7","Norma L. Manríquez Morán","NLMM","080","0.45347222222222222",26,"May",1999,"Female","Adult","Halophytic vegetation","Beach",1,"Pathenogenetic","70% Ethanol",NA,19.3155555555556,-90.7519444444444
"529",NA,"Sauropsida","Teiidae","Aspidoscelis","maslini",NA,"Norma L. Manríquez Morán",1999,"México","Campeche","Champotón","Champoton","19","18","56",90,45,"7","Norma L. Manríquez Morán","NLMM","081","0.45694444444444443",26,"May",1999,"Female","Adult","Halophytic vegetation","Beach",1,"Pathenogenetic","70% Ethanol",NA,19.3155555555556,-90.7519444444444
"530",NA,"Sauropsida","Teiidae","Aspidoscelis","maslini",NA,"Norma L. Manríquez Morán",1999,"México","Campeche","Champotón","Champoton","19","18","56",90,45,"7","Norma L. Manríquez Morán","NLMM","082","0.46736111111111112",26,"May",1999,"Female","Adult","Halophytic vegetation","Beach",1,"Pathenogenetic","70% Ethanol",NA,19.3155555555556,-90.7519444444444
"531",NA,"Sauropsida","Teiidae","Aspidoscelis","maslini",NA,"Norma L. Manríquez Morán",1999,"México","Campeche","Champotón","Champoton","19","18","56",90,45,"7","Norma L. Manríquez Morán","NLMM","083","0.47569444444444442",26,"May",1999,"Female","Adult","Halophytic vegetation","Beach",1,"Pathenogenetic","70% Ethanol","YES",19.3155555555556,-90.7519444444444
"532",NA,"Sauropsida","Teiidae","Aspidoscelis","maslini",NA,"Norma L. Manríquez Morán",1999,"México","Campeche","Champotón","Champoton","19","18","56",90,45,"7","Norma L. Manríquez Morán","NLMM","084","0.48541666666666666",26,"May",1999,"Female","Adult","Halophytic vegetation","Beach",1,"Pathenogenetic","70% Ethanol",NA,19.3155555555556,-90.7519444444444
"533",NA,"Sauropsida","Teiidae","Aspidoscelis","maslini",NA,"Norma L. Manríquez Morán",1999,"México","Campeche","Champotón","Champoton","19","18","56",90,45,"7","Norma L. Manríquez Morán","NLMM","085","0.48819444444444443",26,"May",1999,"Female","Adult","Halophytic vegetation","Beach",1,"Pathenogenetic","70% Ethanol",NA,19.3155555555556,-90.7519444444444
"534",NA,"Sauropsida","Teiidae","Aspidoscelis","maslini",NA,"Norma L. Manríquez Morán",1999,"México","Campeche","Champotón","Champoton","19","18","56",90,45,"7","Norma L. Manríquez Morán","NLMM","086","0.49583333333333335",26,"May",1999,"Female","Adult","Halophytic vegetation","Beach",1,"Pathenogenetic","70% Ethanol",NA,19.3155555555556,-90.7519444444444
"535",NA,"Sauropsida","Teiidae","Aspidoscelis","maslini",NA,"Norma L. Manríquez Morán",1999,"México","Campeche","Champotón","Champoton","19","18","56",90,45,"7","Norma L. Manríquez Morán","NLMM","087","0.50138888888888888",26,"May",1999,"Female","Adult","Halophytic vegetation","Beach",1,"Pathenogenetic","70% Ethanol",NA,19.3155555555556,-90.7519444444444
"536",NA,"Sauropsida","Teiidae","Aspidoscelis","maslini",NA,"Norma L. Manríquez Morán",1999,"México","Campeche","Champotón","Champoton","19","18","56",90,45,"7","Norma L. Manríquez Morán","NLMM","088","0.5083333333333333",26,"May",1999,"Female","Adult","Halophytic vegetation","Beach",1,"Pathenogenetic","70% Ethanol","YES",19.3155555555556,-90.7519444444444
"537",NA,"Sauropsida","Teiidae","Aspidoscelis","maslini",NA,"Norma L. Manríquez Morán",1999,"México","Campeche","Champotón","Champoton","19","18","56",90,45,"7","Norma L. Manríquez Morán","NLMM","089","0.51458333333333328",26,"May",1999,"Female","Adult","Halophytic vegetation","Beach",1,"Pathenogenetic","70% Ethanol",NA,19.3155555555556,-90.7519444444444
"538",NA,"Sauropsida","Teiidae","Aspidoscelis","maslini",NA,"Anahí Esquivel Ramírez",2011,"México","Campeche","Escárcega","División del Norte","18","31","40.6",90,45,"51.6","Anahi Esquivel Ramírez","AER","37","0.69930555555555562",2,"September",2011,NA,NA,"Rainforest (modified)",NA,103,NA,"70% Ethanol","YES",18.5279444444444,-90.7643333333333
"539",NA,"Sauropsida","Teiidae","Aspidoscelis","maslini",NA,"Anahí Esquivel Ramírez",2011,"México","Campeche","Escárcega","Escárcega","18","37","10",90,44,"98","Anahi Esquivel Ramírez","AER","19","0.47638888888888892",30,"May",2011,NA,NA,"Rainforest (modified)",NA,110,NA,"70% Ethanol","YES",18.6194444444444,-90.7605555555556
"540",NA,"Sauropsida","Teiidae","Aspidoscelis","maslini",NA,"Norma L. Manríquez Morán",2012,"México","Campeche","Escárcega","Rancho Casados","18","36","1.1000000000000001",90,42,"6.1","Norma L. Manríquez Morán","NLMM","481","0.49791666666666662",27,"July",2012,"Female","Adult","Rainforest","Ground",93,"Pathenogenetic","70% Ethanol","YES",18.6003055555556,-90.7016944444444
"541",NA,"Sauropsida","Teiidae","Aspidoscelis","maslini",NA,"Norma L. Manríquez Morán",2012,"México","Campeche","Escárcega","Rancho Casados","18","36","1.1000000000000001",90,42,"6.1","Norma L. Manríquez Morán","NLMM","482","0.50069444444444444",27,"July",2012,"Female","Adult","Rainforest","Ground",93,"Pathenogenetic","70% Ethanol","YES",18.6003055555556,-90.7016944444444
"542",NA,"Sauropsida","Teiidae","Aspidoscelis","maslini",NA,"Norma L. Manríquez Morán",1999,"México","Quintana Roo","Othón P. Blanco","Carr. Chetumal-Bacalar","18","31","17.100000000000001",88,22,"5.4","Norma L. Manríquez Morán","NLMM","134",NA,13,"July",1999,"Female","Adult","Rainforest","Among bushes",7,"Pathenogenetic","70% Ethanol","YES",18.5214166666667,-88.3681666666667
"543",NA,"Sauropsida","Teiidae","Aspidoscelis","maslini",NA,"Norma L. Manríquez Morán",2000,"México","Quintana Roo","Othón P. Blanco","Carr. Chetumal-Bacalar","18","31","14.5",88,22,"5.0999999999999996","Norma L. Manríquez Morán","NLMM","202",NA,12,"July",2000,"Female","Adult","Rainforest","Ground",19,"Pathenogenetic","70% Ethanol",NA,18.5206944444444,-88.3680833333333
"544",NA,"Sauropsida","Teiidae","Aspidoscelis","maslini",NA,"Norma L. Manríquez Morán",1999,"México","Quintana Roo","Othón P. Blanco","Cayo Norte","18","94","2.42",87,18,"33.270000000000003","Norma L. Manríquez Morán","NLMM","051","0.51874999999999993",24,"April",1999,"Female","Adult","Halophytic vegetation","Beach",1,"Pathenogenetic","70% Ethanol","YES",19.5673388888889,-87.3092416666667
"545",NA,"Sauropsida","Teiidae","Aspidoscelis","maslini",NA,"Norma L. Manríquez Morán",1999,"México","Quintana Roo","Othón P. Blanco","Cayo Norte","18","94","2.42",87,18,"33.270000000000003","Norma L. Manríquez Morán","NLMM","052","0.53402777777777777",24,"April",1999,"Female","Adult","Halophytic vegetation","Beach",1,"Pathenogenetic","70% Ethanol","YES",19.5673388888889,-87.3092416666667
"546",NA,"Sauropsida","Teiidae","Aspidoscelis","maslini",NA,"Norma L. Manríquez Morán",1999,"México","Quintana Roo","Othón P. Blanco","Cayo Norte","18","94","2.42",87,18,"33.270000000000003","Norma L. Manríquez Morán","NLMM","053","0.54027777777777775",24,"April",1999,"Female","Adult","Halophytic vegetation","Beach",1,"Pathenogenetic","70% Ethanol","YES",19.5673388888889,-87.3092416666667
"547",NA,"Sauropsida","Teiidae","Aspidoscelis","maslini",NA,"Norma L. Manríquez Morán",1999,"México","Quintana Roo","Othón P. Blanco","Cayo Norte","18","94","2.42",87,18,"33.270000000000003","Norma L. Manríquez Morán","NLMM","054","0.55902777777777779",24,"April",1999,"Female","Adult","Halophytic vegetation","Beach",1,"Pathenogenetic","70% Ethanol","YES",19.5673388888889,-87.3092416666667
"548",NA,"Sauropsida","Teiidae","Aspidoscelis","maslini",NA,"Norma L. Manríquez Morán",1999,"México","Quintana Roo","Othón P. Blanco","Cayo Norte","18","94","2.42",87,18,"33.270000000000003","Norma L. Manríquez Morán","NLMM","055","0.58472222222222225",24,"April",1999,"Female","Adult","Halophytic vegetation","Beach",1,"Pathenogenetic","70% Ethanol","YES",19.5673388888889,-87.3092416666667
"549",NA,"Sauropsida","Teiidae","Aspidoscelis","maslini",NA,"Norma L. Manríquez Morán",1999,"México","Quintana Roo","Othón P. Blanco","Mahahual","18","42","58.3",87,42,"26.22","Norma L. Manríquez Morán","NLMM","046","0.47986111111111113",19,"April",1999,"Female","Adult","Halophytic vegetation","Beach",1,"Pathenogenetic","70% Ethanol","YES",18.7161944444444,-87.7072833333333
"550",NA,"Sauropsida","Teiidae","Aspidoscelis","maslini",NA,"Norma L. Manríquez Morán",1999,"México","Quintana Roo","Othón P. Blanco","Mahahual","18","42","58.3",87,42,"26.22","Norma L. Manríquez Morán","NLMM","047","0.49305555555555558",19,"April",1999,"Female","Adult","Halophytic vegetation","Beach",1,"Pathenogenetic","70% Ethanol",NA,18.7161944444444,-87.7072833333333
"551",NA,"Sauropsida","Teiidae","Aspidoscelis","maslini",NA,"Norma L. Manríquez Morán",1999,"México","Quintana Roo","Othón P. Blanco","Mahahual","18","42","58.3",87,42,"26.22","Norma L. Manríquez Morán","NLMM","056","0.69305555555555554",24,"April",1999,"Female","Adult","Halophytic vegetation","Beach",1,"Pathenogenetic","70% Ethanol",NA,18.7161944444444,-87.7072833333333
"552",NA,"Sauropsida","Teiidae","Aspidoscelis","maslini",NA,"Norma L. Manríquez Morán",1999,"México","Quintana Roo","Othón P. Blanco","Mahahual","18","42","58.3",87,42,"26.22","Norma L. Manríquez Morán","NLMM","057","0.70347222222222217",24,"April",1999,"Female","Adult","Halophytic vegetation","Beach",1,"Pathenogenetic","70% Ethanol","YES",18.7161944444444,-87.7072833333333
"553",NA,"Sauropsida","Teiidae","Aspidoscelis","maslini",NA,"Norma L. Manríquez Morán",1999,"México","Quintana Roo","Othón P. Blanco","Mahahual","18","42","58.3",87,42,"26.22","Norma L. Manríquez Morán","NLMM","058","0.71666666666666667",24,"April",1999,"Female","Adult","Halophytic vegetation","Beach",1,"Pathenogenetic","70% Ethanol","YES",18.7161944444444,-87.7072833333333
"554",NA,"Sauropsida","Teiidae","Aspidoscelis","maslini",NA,"Norma L. Manríquez Morán",2000,"México","Quintana Roo","Othón P. Blanco","Mahahual","18","42","58.3",87,42,"26.22","Norma L. Manríquez Morán","NLMM","147",NA,6,"April",2000,"Female","Adult","Halophytic vegetation","Beach",1,"Pathenogenetic","70% Ethanol",NA,18.7161944444444,-87.7072833333333
"555",NA,"Sauropsida","Teiidae","Aspidoscelis","maslini",NA,"Norma L. Manríquez Morán",2000,"México","Quintana Roo","Othón P. Blanco","Mahahual","18","42","58.3",87,42,"26.22","Norma L. Manríquez Morán","NLMM","148",NA,6,"April",2000,"Female","Adult","Halophytic vegetation","Beach",1,"Pathenogenetic","70% Ethanol",NA,18.7161944444444,-87.7072833333333
"556",NA,"Sauropsida","Teiidae","Aspidoscelis","maslini",NA,"Norma L. Manríquez Morán",2000,"México","Quintana Roo","Othón P. Blanco","Mahahual","18","42","58.3",87,42,"26.22","Norma L. Manríquez Morán","NLMM","149",NA,6,"April",2000,"Female","Adult","Halophytic vegetation","Beach",1,"Pathenogenetic","70% Ethanol",NA,18.7161944444444,-87.7072833333333
"557",NA,"Sauropsida","Teiidae","Aspidoscelis","maslini",NA,"Norma L. Manríquez Morán",2000,"México","Quintana Roo","Othón P. Blanco","Mahahual","18","42","58.3",87,42,"26.22","Norma L. Manríquez Morán","NLMM","150",NA,6,"April",2000,"Female","Adult","Halophytic vegetation","Beach",1,"Pathenogenetic","70% Ethanol",NA,18.7161944444444,-87.7072833333333
"558",NA,"Sauropsida","Teiidae","Aspidoscelis","maslini",NA,"Norma L. Manríquez Morán",2000,"México","Quintana Roo","Othón P. Blanco","Mahahual","18","42","58.3",87,42,"26.22","Norma L. Manríquez Morán","NLMM","151",NA,6,"April",2000,"Female","Adult","Halophytic vegetation","Beach",1,"Pathenogenetic","70% Ethanol",NA,18.7161944444444,-87.7072833333333
"559",NA,"Sauropsida","Teiidae","Aspidoscelis","maslini",NA,"Norma L. Manríquez Morán",1999,"México","Quintana Roo","Puerto Morelos","Puerto Morelos","20","49","43.88",86,53,"36.9","Norma L. Manríquez Morán","NLMM","001","0.4201388888888889",8,"March",1999,"Female","Adult","Halophytic vegetation","Beach",1,"Pathenogenetic","70% Ethanol",NA,20.8288555555556,-86.8935833333333
"560",NA,"Sauropsida","Teiidae","Aspidoscelis","maslini",NA,"Norma L. Manríquez Morán",1999,"México","Quintana Roo","Puerto Morelos","Puerto Morelos","20","49","43.88",86,53,"36.9","Norma L. Manríquez Morán","NLMM","002","0.43611111111111112",8,"March",1999,"Female","Adult","Halophytic vegetation","Beach",1,"Pathenogenetic","70% Ethanol",NA,20.8288555555556,-86.8935833333333
"561",NA,"Sauropsida","Teiidae","Aspidoscelis","maslini",NA,"Norma L. Manríquez Morán",1999,"México","Quintana Roo","Puerto Morelos","Puerto Morelos","20","49","43.88",86,53,"36.9","Norma L. Manríquez Morán","NLMM","003","0.43888888888888888",8,"March",1999,"Female","Adult","Halophytic vegetation","Beach",1,"Pathenogenetic","70% Ethanol",NA,20.8288555555556,-86.8935833333333
"562",NA,"Sauropsida","Teiidae","Aspidoscelis","maslini",NA,"Norma L. Manríquez Morán",1999,"México","Quintana Roo","Puerto Morelos","Puerto Morelos","20","49","43.88",86,53,"36.9","Norma L. Manríquez Morán","NLMM","004","0.44444444444444442",8,"March",1999,"Female","Adult","Halophytic vegetation","Beach",1,"Pathenogenetic","70% Ethanol",NA,20.8288555555556,-86.8935833333333
"563",NA,"Sauropsida","Teiidae","Aspidoscelis","maslini",NA,"Norma L. Manríquez Morán",1999,"México","Quintana Roo","Puerto Morelos","Puerto Morelos","20","49","43.88",86,53,"36.9","Norma L. Manríquez Morán","NLMM","005","0.4604166666666667",8,"March",1999,"Female","Adult","Halophytic vegetation","Beach",1,"Pathenogenetic","70% Ethanol",NA,20.8288555555556,-86.8935833333333
"564",NA,"Sauropsida","Teiidae","Aspidoscelis","maslini",NA,"Norma L. Manríquez Morán",1999,"México","Quintana Roo","Puerto Morelos","Puerto Morelos","20","49","43.88",86,53,"36.9","Norma L. Manríquez Morán","NLMM","006","0.47847222222222219",8,"March",1999,"Female","Adult","Halophytic vegetation","Beach",1,"Pathenogenetic","70% Ethanol",NA,20.8288555555556,-86.8935833333333
"565",NA,"Sauropsida","Teiidae","Aspidoscelis","maslini",NA,"Norma L. Manríquez Morán",1999,"México","Quintana Roo","Puerto Morelos","Puerto Morelos","20","49","43.88",86,53,"36.9","Norma L. Manríquez Morán","NLMM","007","0.4861111111111111",8,"March",1999,"Female","Adult","Halophytic vegetation","Beach",1,"Pathenogenetic","70% Ethanol",NA,20.8288555555556,-86.8935833333333
"566",NA,"Sauropsida","Teiidae","Aspidoscelis","maslini",NA,"Norma L. Manríquez Morán",1999,"México","Quintana Roo","Puerto Morelos","Puerto Morelos","20","49","43.88",86,53,"36.9","Norma L. Manríquez Morán","NLMM","008","0.51041666666666663",8,"March",1999,"Female","Adult","Halophytic vegetation","Beach",1,"Pathenogenetic","70% Ethanol",NA,20.8288555555556,-86.8935833333333
"567",NA,"Sauropsida","Teiidae","Aspidoscelis","maslini",NA,"Norma L. Manríquez Morán",1999,"México","Quintana Roo","Puerto Morelos","Puerto Morelos","20","49","43.88",86,53,"36.9","Norma L. Manríquez Morán","NLMM","009","0.52777777777777779",8,"March",1999,"Female","Adult","Halophytic vegetation","Beach",1,"Pathenogenetic","70% Ethanol","YES",20.8288555555556,-86.8935833333333
"568",NA,"Sauropsida","Teiidae","Aspidoscelis","maslini",NA,"Norma L. Manríquez Morán",1999,"México","Quintana Roo","Puerto Morelos","Puerto Morelos","20","49","43.88",86,53,"36.9","Norma L. Manríquez Morán","NLMM","010","0.54722222222222217",8,"March",1999,"Female","Adult","Halophytic vegetation","Beach",1,"Pathenogenetic","70% Ethanol",NA,20.8288555555556,-86.8935833333333
"569",NA,"Sauropsida","Teiidae","Aspidoscelis","maslini",NA,"Norma L. Manríquez Morán",1999,"México","Quintana Roo","Puerto Morelos","Puerto Morelos","20","49","43.88",86,53,"36.9","Norma L. Manríquez Morán","NLMM","120",NA,8,"July",1999,"Female","Adult","Halophytic vegetation","Beach",1,"Pathenogenetic","70% Ethanol",NA,20.8288555555556,-86.8935833333333
"570",NA,"Sauropsida","Teiidae","Aspidoscelis","maslini",NA,"Norma L. Manríquez Morán",1999,"México","Quintana Roo","Puerto Morelos","Puerto Morelos","20","49","43.88",86,53,"36.9","Norma L. Manríquez Morán","NLMM","121",NA,8,"July",1999,"Female","Adult","Halophytic vegetation","Beach",1,"Pathenogenetic","70% Ethanol","YES",20.8288555555556,-86.8935833333333
"571",NA,"Sauropsida","Teiidae","Aspidoscelis","maslini",NA,"Norma L. Manríquez Morán",1999,"México","Quintana Roo","Puerto Morelos","Puerto Morelos","20","49","43.88",86,53,"36.9","Norma L. Manríquez Morán","NLMM","122",NA,8,"July",1999,"Female","Adult","Halophytic vegetation","Beach",1,"Pathenogenetic","70% Ethanol","YES",20.8288555555556,-86.8935833333333
"572",NA,"Sauropsida","Teiidae","Aspidoscelis","maslini",NA,"Norma L. Manríquez Morán",1999,"México","Quintana Roo","Puerto Morelos","Puerto Morelos","20","49","43.88",86,53,"36.9","Norma L. Manríquez Morán","NLMM","123",NA,8,"July",1999,"Female","Adult","Halophytic vegetation","Beach",1,"Pathenogenetic","70% Ethanol","YES",20.8288555555556,-86.8935833333333
"573",NA,"Sauropsida","Teiidae","Aspidoscelis","maslini",NA,"Norma L. Manríquez Morán",1999,"México","Quintana Roo","Puerto Morelos","Puerto Morelos","20","49","43.88",86,53,"36.9","Norma L. Manríquez Morán","NLMM","124",NA,8,"July",1999,"Female","Adult","Halophytic vegetation","Beach",1,"Pathenogenetic","70% Ethanol","YES",20.8288555555556,-86.8935833333333
"574",NA,"Sauropsida","Teiidae","Aspidoscelis","maslini",NA,"Norma L. Manríquez Morán",1999,"México","Quintana Roo","Puerto Morelos","Puerto Morelos","20","49","43.88",86,53,"36.9","Norma L. Manríquez Morán","NLMM","125",NA,8,"July",1999,"Female","Adult","Halophytic vegetation","Beach",1,"Pathenogenetic","70% Ethanol","YES",20.8288555555556,-86.8935833333333
"575",NA,"Sauropsida","Teiidae","Aspidoscelis","maslini",NA,"Norma L. Manríquez Morán",1999,"México","Quintana Roo","Puerto Morelos","Puerto Morelos","20","49","43.88",86,53,"36.9","Norma L. Manríquez Morán","NLMM","126",NA,8,"July",1999,"Female","Adult","Halophytic vegetation","Beach",1,"Pathenogenetic","70% Ethanol",NA,20.8288555555556,-86.8935833333333
"576",NA,"Sauropsida","Teiidae","Aspidoscelis","maslini",NA,"Norma L. Manríquez Morán",1999,"México","Quintana Roo","Puerto Morelos","Puerto Morelos","20","49","43.88",86,53,"36.9","Norma L. Manríquez Morán","NLMM","127",NA,8,"July",1999,"Female","Adult","Halophytic vegetation","Beach",1,"Pathenogenetic","70% Ethanol","YES",20.8288555555556,-86.8935833333333
"577",NA,"Sauropsida","Teiidae","Aspidoscelis","maslini",NA,"Norma L. Manríquez Morán",1999,"México","Quintana Roo","Puerto Morelos","Puerto Morelos","20","49","43.88",86,53,"36.9","Norma L. Manríquez Morán","NLMM","128",NA,8,"July",1999,"Female","Adult","Halophytic vegetation","Beach",1,"Pathenogenetic","70% Ethanol",NA,20.8288555555556,-86.8935833333333
"578",NA,"Sauropsida","Teiidae","Aspidoscelis","maslini",NA,"Norma L. Manríquez Morán",1999,"México","Quintana Roo","Puerto Morelos","Puerto Morelos","20","49","43.88",86,53,"36.9","Norma L. Manríquez Morán","NLMM","129",NA,8,"July",1999,"Female","Adult","Halophytic vegetation","Beach",1,"Pathenogenetic","70% Ethanol","YES",20.8288555555556,-86.8935833333333
"579",NA,"Sauropsida","Teiidae","Aspidoscelis","maslini",NA,"Norma L. Manríquez Morán",1999,"México","Quintana Roo","Puerto Morelos","Puerto Morelos","20","49","43.88",86,53,"36.9","Norma L. Manríquez Morán","NLMM","130",NA,8,"July",1999,"Female","Adult","Halophytic vegetation","Beach",1,"Pathenogenetic","70% Ethanol","YES",20.8288555555556,-86.8935833333333
"580",NA,"Sauropsida","Teiidae","Aspidoscelis","maslini",NA,"Norma L. Manríquez Morán",2000,"México","Quintana Roo","Puerto Morelos","Puerto Morelos","20","49","43.88",86,53,"36.9","Norma L. Manríquez Morán","NLMM","192",NA,10,"July",2000,"Female","Adult","Halophytic vegetation","Beach",1,"Pathenogenetic","70% Ethanol",NA,20.8288555555556,-86.8935833333333
"581",NA,"Sauropsida","Teiidae","Aspidoscelis","maslini",NA,"Norma L. Manríquez Morán",2000,"México","Quintana Roo","Puerto Morelos","Puerto Morelos","20","49","43.88",86,53,"36.9","Norma L. Manríquez Morán","NLMM","193",NA,10,"July",2000,"Female","Adult","Halophytic vegetation","Beach",1,"Pathenogenetic","70% Ethanol","YES",20.8288555555556,-86.8935833333333
"582",NA,"Sauropsida","Teiidae","Aspidoscelis","maslini",NA,"Norma L. Manríquez Morán",2000,"México","Quintana Roo","Puerto Morelos","Puerto Morelos","20","49","43.88",86,53,"36.9","Norma L. Manríquez Morán","NLMM","194",NA,10,"July",2000,"Female","Adult","Halophytic vegetation","Beach",1,"Pathenogenetic","70% Ethanol",NA,20.8288555555556,-86.8935833333333
"583",NA,"Sauropsida","Teiidae","Aspidoscelis","maslini",NA,"Norma L. Manríquez Morán",2000,"México","Quintana Roo","Puerto Morelos","Puerto Morelos","20","49","43.88",86,53,"36.9","Norma L. Manríquez Morán","NLMM","195",NA,10,"July",2000,"Female","Adult","Halophytic vegetation","Beach",1,"Pathenogenetic","70% Ethanol",NA,20.8288555555556,-86.8935833333333
"584",NA,"Sauropsida","Teiidae","Aspidoscelis","maslini",NA,"Norma L. Manríquez Morán",2000,"México","Quintana Roo","Puerto Morelos","Puerto Morelos","20","49","43.88",86,53,"36.9","Norma L. Manríquez Morán","NLMM","196",NA,10,"July",2000,"Female","Adult","Halophytic vegetation","Beach",1,"Pathenogenetic","70% Ethanol",NA,20.8288555555556,-86.8935833333333
"585",NA,"Sauropsida","Teiidae","Aspidoscelis","maslini",NA,"Norma L. Manríquez Morán",2000,"México","Quintana Roo","Puerto Morelos","Puerto Morelos","20","49","43.88",86,53,"36.9","Norma L. Manríquez Morán","NLMM","197",NA,10,"July",2000,"Female","Adult","Halophytic vegetation","Beach",1,"Pathenogenetic","70% Ethanol",NA,20.8288555555556,-86.8935833333333
"586",NA,"Sauropsida","Teiidae","Aspidoscelis","maslini",NA,"Norma L. Manríquez Morán",2000,"México","Quintana Roo","Puerto Morelos","Puerto Morelos","20","49","43.88",86,53,"36.9","Norma L. Manríquez Morán","NLMM","198",NA,10,"July",2000,"Female","Adult","Halophytic vegetation","Beach",1,"Pathenogenetic","70% Ethanol",NA,20.8288555555556,-86.8935833333333
"587",NA,"Sauropsida","Teiidae","Aspidoscelis","maslini",NA,"Norma L. Manríquez Morán",2000,"México","Quintana Roo","Puerto Morelos","Puerto Morelos","20","49","43.88",86,53,"36.9","Norma L. Manríquez Morán","NLMM","199",NA,10,"July",2000,"Female","Adult","Halophytic vegetation","Beach",1,"Pathenogenetic","70% Ethanol",NA,20.8288555555556,-86.8935833333333
"588",NA,"Sauropsida","Teiidae","Aspidoscelis","maslini",NA,"Norma L. Manríquez Morán",2000,"México","Quintana Roo","Puerto Morelos","Puerto Morelos","20","49","43.88",86,53,"36.9","Norma L. Manríquez Morán","NLMM","200",NA,10,"July",2000,"Female","Adult","Halophytic vegetation","Beach",1,"Pathenogenetic","70% Ethanol",NA,20.8288555555556,-86.8935833333333
"589",NA,"Sauropsida","Teiidae","Aspidoscelis","maslini",NA,"Norma L. Manríquez Morán",2000,"México","Quintana Roo","Puerto Morelos","Puerto Morelos","20","49","43.88",86,53,"36.9","Norma L. Manríquez Morán","NLMM","201",NA,10,"July",2000,"Female","Adult","Halophytic vegetation","Beach",1,"Pathenogenetic","70% Ethanol",NA,20.8288555555556,-86.8935833333333
"590",NA,"Sauropsida","Teiidae","Aspidoscelis","motaguae",NA,"Norma L. Manríquez Morán",2012,"México","Chiapas","Chiapa de Corzo","Chiapa de Corzo","16","44","55",93,1,"53","Saúl F. Domínguez Guerrero","SFDG","299","0.5",13,"July",2012,"Male","Adult",NA,NA,496,NA,"70% Ethanol","YES",16.7486111111111,-93.0313888888889
"591",NA,"Sauropsida","Teiidae","Aspidoscelis","motaguae",NA,"Norma L. Manríquez Morán",2012,"México","Chiapas","Chiapa de Corzo","Chiapa de Corzo","16","44","46.4",93,1,"48.4","Víctor M. Martínez Bustos","VMMB","7","0.70833333333333337",13,"July",2012,"Male","Adult",NA,NA,459,NA,"70% Ethanol","YES",16.7462222222222,-93.0301111111111
"592",NA,"Sauropsida","Teiidae","Aspidoscelis","parvisocius",NA,"Jorge E. González Espinoza",2015,"México","Puebla","San Antonio Cañada","San Esteban Necoxcalco","18","26","45",97,17,"57","Jorge E. González Espinoza","JEGE","314","0.44236111111111115",14,"March",2015,"Female","Young","Xerophytic scrub","Under rock",1470,NA,"70% Ethanol","YES",18.4458333333333,-97.2991666666667
"593",NA,"Sauropsida","Teiidae","Aspidoscelis","parvisocius",NA,"Jorge Eduardo González Espinoza",2015,"México","Puebla","San José Miahuatlán","San Pedro Tetitlán","18","15","20.599999999997465",97,19,"30.2","Jorge Eduardo González Espinoza","JEGE","384","0.53125",18,"October",2015,NA,"Adult","Xerophytic scrub","Under rock",NA,NA,"70% Ethanol","YES",18.2557222222222,-97.3250555555556
"594",NA,"Sauropsida","Teiidae","Aspidoscelis","parvisocius",NA,"Jorge Eduardo González Espinoza",2015,"México","Puebla","San José Miahuatlán","San Pedro Tetitlán","18","15","20.599999999997465",97,19,"30.2","Jorge Eduardo González Espinoza","JEGE","389","0.56736111111111109",18,"October",2015,NA,"Young","Xerophytic scrub","Among bushes",NA,NA,"70% Ethanol","YES",18.2557222222222,-97.3250555555556
"595",NA,"Sauropsida","Teiidae","Aspidoscelis","rodecki",NA,"Norma L. Manríquez Morán",1999,"México","Quintana Roo","Benito Juárez","Puerto Juárez","21","10","54.72",86,48,"25.83","Norma L. Manríquez Morán","NLMM","011","0.47222222222222227",9,"March",1999,"Female","Adult","Halophytic vegetation","Beach",1,"Pathenogenetic","70% Ethanol","YES",21.1818666666667,-86.807175
"596",NA,"Sauropsida","Teiidae","Aspidoscelis","rodecki",NA,"Norma L. Manríquez Morán",1999,"México","Quintana Roo","Benito Juárez","Puerto Juárez","21","10","54.72",86,48,"25.83","Norma L. Manríquez Morán","NLMM","012","0.4826388888888889",9,"March",1999,"Female","Adult","Halophytic vegetation","Beach",1,"Pathenogenetic","70% Ethanol","YES",21.1818666666667,-86.807175
"597",NA,"Sauropsida","Teiidae","Aspidoscelis","rodecki",NA,"Norma L. Manríquez Morán",1999,"México","Quintana Roo","Benito Juárez","Puerto Juárez","21","10","54.72",86,48,"25.83","Norma L. Manríquez Morán","NLMM","013","0.4916666666666667",9,"March",1999,"Female","Adult","Halophytic vegetation","Beach",1,"Pathenogenetic","70% Ethanol",NA,21.1818666666667,-86.807175
"598",NA,"Sauropsida","Teiidae","Aspidoscelis","rodecki",NA,"Norma L. Manríquez Morán",1999,"México","Quintana Roo","Benito Juárez","Puerto Juárez","21","10","54.72",86,48,"25.83","Norma L. Manríquez Morán","NLMM","014","0.49513888888888885",9,"March",1999,"Female","Adult","Halophytic vegetation","Beach",1,"Pathenogenetic","70% Ethanol","YES",21.1818666666667,-86.807175
"599",NA,"Sauropsida","Teiidae","Aspidoscelis","rodecki",NA,"Norma L. Manríquez Morán",1999,"México","Quintana Roo","Benito Juárez","Puerto Juárez","21","10","54.72",86,48,"25.83","Norma L. Manríquez Morán","NLMM","015","0.4993055555555555",9,"March",1999,"Female","Adult","Halophytic vegetation","Beach",1,"Pathenogenetic","70% Ethanol",NA,21.1818666666667,-86.807175
"600",NA,"Sauropsida","Teiidae","Aspidoscelis","rodecki",NA,"Norma L. Manríquez Morán",1999,"México","Quintana Roo","Benito Juárez","Puerto Juárez","21","10","54.72",86,48,"25.83","Norma L. Manríquez Morán","NLMM","016","0.50624999999999998",9,"March",1999,"Female","Adult","Halophytic vegetation","Beach",1,"Pathenogenetic","70% Ethanol","YES",21.1818666666667,-86.807175
"601",NA,"Sauropsida","Teiidae","Aspidoscelis","rodecki",NA,"Norma L. Manríquez Morán",1999,"México","Quintana Roo","Benito Juárez","Puerto Juárez","21","10","54.72",86,48,"25.83","Norma L. Manríquez Morán","NLMM","017","0.51180555555555551",9,"March",1999,"Female","Adult","Halophytic vegetation","Beach",1,"Pathenogenetic","70% Ethanol","YES",21.1818666666667,-86.807175
"602",NA,"Sauropsida","Teiidae","Aspidoscelis","rodecki",NA,"Norma L. Manríquez Morán",1999,"México","Quintana Roo","Benito Juárez","Puerto Juárez","21","10","54.72",86,48,"25.83","Norma L. Manríquez Morán","NLMM","018","0.5",9,"March",1999,"Female","Adult","Halophytic vegetation","Beach",1,"Pathenogenetic","70% Ethanol","YES",21.1818666666667,-86.807175
"603",NA,"Sauropsida","Teiidae","Aspidoscelis","rodecki",NA,"Norma L. Manríquez Morán",1999,"México","Quintana Roo","Benito Juárez","Puerto Juárez","21","10","54.72",86,48,"25.83","Norma L. Manríquez Morán","NLMM","019","0.50972222222222219",9,"March",1999,"Female","Adult","Halophytic vegetation","Beach",1,"Pathenogenetic","70% Ethanol","YES",21.1818666666667,-86.807175
"604",NA,"Sauropsida","Teiidae","Aspidoscelis","rodecki",NA,"Norma L. Manríquez Morán",1999,"México","Quintana Roo","Benito Juárez","Puerto Juárez","21","10","54.72",86,48,"25.83","Norma L. Manríquez Morán","NLMM","020","0.51458333333333328",9,"March",1999,"Female","Adult","Halophytic vegetation","Beach",1,"Pathenogenetic","70% Ethanol","YES",21.1818666666667,-86.807175
"605",NA,"Sauropsida","Teiidae","Aspidoscelis","rodecki",NA,"Norma L. Manríquez Morán",1999,"México","Quintana Roo","Benito Juárez","Puerto Juárez","21","10","54.72",86,48,"25.83","Norma L. Manríquez Morán","NLMM","021","0.51874999999999993",9,"March",1999,"Female","Adult","Halophytic vegetation","Beach",1,"Pathenogenetic","70% Ethanol","YES",21.1818666666667,-86.807175
"606",NA,"Sauropsida","Teiidae","Aspidoscelis","rodecki",NA,"Norma L. Manríquez Morán",1999,"México","Quintana Roo","Benito Juárez","Puerto Juárez","21","10","54.72",86,48,"25.83","Norma L. Manríquez Morán","NLMM","022","0.52430555555555558",9,"March",1999,"Female","Adult","Halophytic vegetation","Beach",1,"Pathenogenetic","70% Ethanol",NA,21.1818666666667,-86.807175
"607",NA,"Sauropsida","Teiidae","Aspidoscelis","rodecki",NA,"Norma L. Manríquez Morán",1999,"México","Quintana Roo","Benito Juárez","Puerto Juárez","21","10","54.72",86,48,"25.83","Norma L. Manríquez Morán","NLMM","023","0.53333333333333333",9,"March",1999,"Female","Adult","Halophytic vegetation","Beach",1,"Pathenogenetic","70% Ethanol","YES",21.1818666666667,-86.807175
"608",NA,"Sauropsida","Teiidae","Aspidoscelis","rodecki",NA,"Norma L. Manríquez Morán",1999,"México","Quintana Roo","Benito Juárez","Puerto Juárez","21","10","54.72",86,48,"25.83","Norma L. Manríquez Morán","NLMM","024","0.5395833333333333",9,"March",1999,"Female","Adult","Halophytic vegetation","Beach",1,"Pathenogenetic","70% Ethanol",NA,21.1818666666667,-86.807175
"609",NA,"Sauropsida","Teiidae","Aspidoscelis","rodecki",NA,"Norma L. Manríquez Morán",1999,"México","Quintana Roo","Benito Juárez","Puerto Juárez","21","10","54.72",86,48,"25.83","Norma L. Manríquez Morán","NLMM","025","0.54791666666666672",9,"March",1999,"Female","Adult","Halophytic vegetation","Beach",1,"Pathenogenetic","70% Ethanol","YES",21.1818666666667,-86.807175
"610",NA,"Sauropsida","Teiidae","Aspidoscelis","rodecki",NA,"Norma L. Manríquez Morán",1999,"México","Quintana Roo","Benito Juárez","Puerto Juárez","21","10","54.72",86,48,"25.83","Norma L. Manríquez Morán","NLMM","026","0.55277777777777781",9,"March",1999,"Female","Adult","Halophytic vegetation","Beach",1,"Pathenogenetic","70% Ethanol","YES",21.1818666666667,-86.807175
"611",NA,"Sauropsida","Teiidae","Aspidoscelis","rodecki",NA,"Norma L. Manríquez Morán",1999,"México","Quintana Roo","Benito Juárez","Puerto Juárez","21","10","54.72",86,48,"25.83","Norma L. Manríquez Morán","NLMM","027","0.55694444444444446",9,"March",1999,"Female","Adult","Halophytic vegetation","Beach",1,"Pathenogenetic","70% Ethanol","YES",21.1818666666667,-86.807175
"612",NA,"Sauropsida","Teiidae","Aspidoscelis","rodecki",NA,"Norma L. Manríquez Morán",1999,"México","Quintana Roo","Benito Juárez","Puerto Juárez","21","10","54.72",86,48,"25.83","Norma L. Manríquez Morán","NLMM","028","0.56458333333333333",9,"March",1999,"Female","Adult","Halophytic vegetation","Beach",1,"Pathenogenetic","70% Ethanol","YES",21.1818666666667,-86.807175
"613",NA,"Sauropsida","Teiidae","Aspidoscelis","rodecki",NA,"Norma L. Manríquez Morán",1999,"México","Quintana Roo","Benito Juárez","Puerto Juárez","21","10","54.72",86,48,"25.83","Norma L. Manríquez Morán","NLMM","029","0.57500000000000007",9,"March",1999,"Female","Adult","Halophytic vegetation","Beach",1,"Pathenogenetic","70% Ethanol",NA,21.1818666666667,-86.807175
"614",NA,"Sauropsida","Teiidae","Aspidoscelis","rodecki",NA,"Norma L. Manríquez Morán",1999,"México","Quintana Roo","Benito Juárez","Puerto Juárez","21","10","54.72",86,48,"25.83","Norma L. Manríquez Morán","NLMM","030","0.57986111111111105",9,"March",1999,"Female","Adult","Halophytic vegetation","Beach",1,"Pathenogenetic","70% Ethanol","YES",21.1818666666667,-86.807175
"615",NA,"Sauropsida","Teiidae","Aspidoscelis","rodecki",NA,"Norma L. Manríquez Morán",1999,"México","Quintana Roo","Benito Juárez","Puerto Juárez","21","10","54.72",86,48,"25.83","Norma L. Manríquez Morán","NLMM","031","0.58402777777777781",9,"March",1999,"Female","Adult","Halophytic vegetation","Beach",1,"Pathenogenetic","70% Ethanol","YES",21.1818666666667,-86.807175
"616",NA,"Sauropsida","Teiidae","Aspidoscelis","rodecki",NA,"Norma L. Manríquez Morán",1999,"México","Quintana Roo","Benito Juárez","Puerto Juárez","21","10","54.72",86,48,"25.83","Norma L. Manríquez Morán","NLMM","032","0.59236111111111112",9,"March",1999,"Female","Adult","Halophytic vegetation","Beach",1,"Pathenogenetic","70% Ethanol","YES",21.1818666666667,-86.807175
"617",NA,"Sauropsida","Teiidae","Aspidoscelis","rodecki",NA,"Norma L. Manríquez Morán",1999,"México","Quintana Roo","Benito Juárez","Puerto Juárez","21","10","54.72",86,48,"25.83","Norma L. Manríquez Morán","NLMM","033","0.59722222222222221",9,"March",1999,"Female","Adult","Halophytic vegetation","Beach",1,"Pathenogenetic","70% Ethanol",NA,21.1818666666667,-86.807175
"618",NA,"Sauropsida","Teiidae","Aspidoscelis","rodecki",NA,"Norma L. Manríquez Morán",1999,"México","Quintana Roo","Benito Juárez","Puerto Juárez","21","10","54.72",86,48,"25.83","Norma L. Manríquez Morán","NLMM","034","0.60277777777777775",9,"March",1999,"Female","Adult","Halophytic vegetation","Beach",1,"Pathenogenetic","70% Ethanol","YES",21.1818666666667,-86.807175
"619",NA,"Sauropsida","Teiidae","Aspidoscelis","rodecki",NA,"Norma L. Manríquez Morán",2000,"México","Quintana Roo","Benito Juárez","Puerto Juárez","21","10","54.72",86,48,"25.83","Norma L. Manríquez Morán","NLMM","152",NA,8,"April",2000,"Female","Adult","Halophytic vegetation","Beach",1,"Pathenogenetic","70% Ethanol",NA,21.1818666666667,-86.807175
"620",NA,"Sauropsida","Teiidae","Aspidoscelis","rodecki",NA,"Norma L. Manríquez Morán",2000,"México","Quintana Roo","Benito Juárez","Puerto Juárez","21","10","54.72",86,48,"25.83","Norma L. Manríquez Morán","NLMM","153",NA,8,"April",2000,"Female","Adult","Halophytic vegetation","Beach",1,"Pathenogenetic","70% Ethanol",NA,21.1818666666667,-86.807175
"621",NA,"Sauropsida","Teiidae","Aspidoscelis","rodecki",NA,"Norma L. Manríquez Morán",2000,"México","Quintana Roo","Benito Juárez","Puerto Juárez","21","10","54.72",86,48,"25.83","Norma L. Manríquez Morán","NLMM","154",NA,8,"April",2000,"Female","Adult","Halophytic vegetation","Beach",1,"Pathenogenetic","70% Ethanol",NA,21.1818666666667,-86.807175
"622",NA,"Sauropsida","Teiidae","Aspidoscelis","rodecki",NA,"Norma L. Manríquez Morán",2000,"México","Quintana Roo","Benito Juárez","Puerto Juárez","21","10","54.72",86,48,"25.83","Norma L. Manríquez Morán","NLMM","155",NA,8,"April",2000,"Female","Adult","Halophytic vegetation","Beach",1,"Pathenogenetic","70% Ethanol",NA,21.1818666666667,-86.807175
"623",NA,"Sauropsida","Teiidae","Aspidoscelis","rodecki",NA,"Norma L. Manríquez Morán",2000,"México","Quintana Roo","Benito Juárez","Puerto Juárez","21","10","54.72",86,48,"25.83","Norma L. Manríquez Morán","NLMM","156",NA,8,"April",2000,"Female","Adult","Halophytic vegetation","Beach",1,"Pathenogenetic","70% Ethanol","YES",21.1818666666667,-86.807175
"624",NA,"Sauropsida","Teiidae","Aspidoscelis","rodecki",NA,"Norma L. Manríquez Morán",2000,"México","Quintana Roo","Benito Juárez","Puerto Juárez","21","10","54.72",86,48,"25.83","Norma L. Manríquez Morán","NLMM","157",NA,8,"April",2000,"Female","Adult","Halophytic vegetation","Beach",1,"Pathenogenetic","70% Ethanol","YES",21.1818666666667,-86.807175
"625",NA,"Sauropsida","Teiidae","Aspidoscelis","rodecki",NA,"Norma L. Manríquez Morán",2000,"México","Quintana Roo","Benito Juárez","Puerto Juárez","21","10","54.72",86,48,"25.83","Norma L. Manríquez Morán","NLMM","158",NA,8,"April",2000,"Female","Adult","Halophytic vegetation","Beach",1,"Pathenogenetic","70% Ethanol",NA,21.1818666666667,-86.807175
"626",NA,"Sauropsida","Teiidae","Aspidoscelis","rodecki",NA,"Norma L. Manríquez Morán",2000,"México","Quintana Roo","Benito Juárez","Puerto Juárez","21","10","54.72",86,48,"25.83","Norma L. Manríquez Morán","NLMM","159",NA,8,"April",2000,"Female","Adult","Halophytic vegetation","Beach",1,"Pathenogenetic","70% Ethanol",NA,21.1818666666667,-86.807175
"627",NA,"Sauropsida","Teiidae","Aspidoscelis","rodecki",NA,"Norma L. Manríquez Morán",2000,"México","Quintana Roo","Benito Juárez","Puerto Juárez","21","10","54.72",86,48,"25.83","Norma L. Manríquez Morán","NLMM","160",NA,8,"April",2000,"Female","Adult","Halophytic vegetation","Beach",1,"Pathenogenetic","70% Ethanol","YES",21.1818666666667,-86.807175
"628",NA,"Sauropsida","Teiidae","Aspidoscelis","rodecki",NA,"Norma L. Manríquez Morán",2000,"México","Quintana Roo","Benito Juárez","Puerto Juárez","21","10","54.72",86,48,"25.83","Norma L. Manríquez Morán","NLMM","161",NA,8,"April",2000,"Female","Adult","Halophytic vegetation","Beach",1,"Pathenogenetic","70% Ethanol",NA,21.1818666666667,-86.807175
"629",NA,"Sauropsida","Teiidae","Aspidoscelis","rodecki",NA,"Norma L. Manríquez Morán",2000,"México","Quintana Roo","Benito Juárez","Puerto Juárez","21","10","54.72",86,48,"25.83","Norma L. Manríquez Morán","NLMM","171",NA,7,"July",2000,"Female","Adult","Halophytic vegetation","Beach",1,"Pathenogenetic","70% Ethanol","YES",21.1818666666667,-86.807175
"630",NA,"Sauropsida","Teiidae","Aspidoscelis","rodecki",NA,"Norma L. Manríquez Morán",2000,"México","Quintana Roo","Benito Juárez","Puerto Juárez","21","10","54.72",86,48,"25.83","Norma L. Manríquez Morán","NLMM","172",NA,7,"July",2000,"Female","Adult","Halophytic vegetation","Beach",1,"Pathenogenetic","70% Ethanol",NA,21.1818666666667,-86.807175
"631",NA,"Sauropsida","Teiidae","Aspidoscelis","rodecki",NA,"Norma L. Manríquez Morán",2000,"México","Quintana Roo","Benito Juárez","Puerto Juárez","21","10","54.72",86,48,"25.83","Norma L. Manríquez Morán","NLMM","173",NA,7,"July",2000,"Female","Adult","Halophytic vegetation","Beach",1,"Pathenogenetic","70% Ethanol",NA,21.1818666666667,-86.807175
"632",NA,"Sauropsida","Teiidae","Aspidoscelis","rodecki",NA,"Norma L. Manríquez Morán",2000,"México","Quintana Roo","Benito Juárez","Puerto Juárez","21","10","54.72",86,48,"25.83","Norma L. Manríquez Morán","NLMM","174",NA,7,"July",2000,"Female","Adult","Halophytic vegetation","Beach",1,"Pathenogenetic","70% Ethanol",NA,21.1818666666667,-86.807175
"633",NA,"Sauropsida","Teiidae","Aspidoscelis","rodecki",NA,"Norma L. Manríquez Morán",2000,"México","Quintana Roo","Benito Juárez","Puerto Juárez","21","10","54.72",86,48,"25.83","Norma L. Manríquez Morán","NLMM","175",NA,7,"July",2000,"Female","Adult","Halophytic vegetation","Beach",1,"Pathenogenetic","70% Ethanol","YES",21.1818666666667,-86.807175
"634",NA,"Sauropsida","Teiidae","Aspidoscelis","rodecki",NA,"Norma L. Manríquez Morán",2000,"México","Quintana Roo","Benito Juárez","Puerto Juárez","21","10","54.72",86,48,"25.83","Norma L. Manríquez Morán","NLMM","176",NA,7,"July",2000,"Female","Adult","Halophytic vegetation","Beach",1,"Pathenogenetic","70% Ethanol",NA,21.1818666666667,-86.807175
"635",NA,"Sauropsida","Teiidae","Aspidoscelis","rodecki",NA,"Norma L. Manríquez Morán",2000,"México","Quintana Roo","Benito Juárez","Puerto Juárez","21","10","54.72",86,48,"25.83","Norma L. Manríquez Morán","NLMM","177",NA,7,"July",2000,"Female","Adult","Halophytic vegetation","Beach",1,"Pathenogenetic","70% Ethanol",NA,21.1818666666667,-86.807175
"636",NA,"Sauropsida","Teiidae","Aspidoscelis","rodecki",NA,"Norma L. Manríquez Morán",2000,"México","Quintana Roo","Benito Juárez","Puerto Juárez","21","10","54.72",86,48,"25.83","Norma L. Manríquez Morán","NLMM","178",NA,7,"July",2000,"Female","Adult","Halophytic vegetation","Beach",1,"Pathenogenetic","70% Ethanol","YES",21.1818666666667,-86.807175
"637",NA,"Sauropsida","Teiidae","Aspidoscelis","rodecki",NA,"Norma L. Manríquez Morán",2000,"México","Quintana Roo","Benito Juárez","Puerto Juárez","21","10","54.72",86,48,"25.83","Norma L. Manríquez Morán","NLMM","179",NA,7,"July",2000,"Female","Adult","Halophytic vegetation","Beach",1,"Pathenogenetic","70% Ethanol",NA,21.1818666666667,-86.807175
"638",NA,"Sauropsida","Teiidae","Aspidoscelis","rodecki",NA,"Norma L. Manríquez Morán",2000,"México","Quintana Roo","Benito Juárez","Puerto Juárez","21","10","54.72",86,48,"25.83","Norma L. Manríquez Morán","NLMM","180",NA,7,"July",2000,"Female","Adult","Halophytic vegetation","Beach",1,"Pathenogenetic","70% Ethanol",NA,21.1818666666667,-86.807175
"639",NA,"Sauropsida","Teiidae","Aspidoscelis","rodecki",NA,"Norma L. Manríquez Morán",1999,"México","Quintana Roo","Isla Mujeres","Isla Contoy","21","28","48.94",86,47,"21.6","Norma L. Manríquez Morán","NLMM","090",NA,6,"July",1999,"Female","Adult","Halophytic vegetation","Beach",1,"Pathenogenetic","70% Ethanol",NA,21.4802611111111,-86.7893333333333
"640",NA,"Sauropsida","Teiidae","Aspidoscelis","rodecki",NA,"Norma L. Manríquez Morán",1999,"México","Quintana Roo","Isla Mujeres","Isla Contoy","21","28","48.94",86,47,"21.6","Norma L. Manríquez Morán","NLMM","091",NA,6,"July",1999,"Female","Adult","Halophytic vegetation","Beach",1,"Pathenogenetic","70% Ethanol","YES",21.4802611111111,-86.7893333333333
"641",NA,"Sauropsida","Teiidae","Aspidoscelis","rodecki",NA,"Norma L. Manríquez Morán",1999,"México","Quintana Roo","Isla Mujeres","Isla Contoy","21","28","48.94",86,47,"21.6","Norma L. Manríquez Morán","NLMM","092",NA,6,"July",1999,"Female","Adult","Halophytic vegetation","Beach",1,"Pathenogenetic","70% Ethanol",NA,21.4802611111111,-86.7893333333333
"642",NA,"Sauropsida","Teiidae","Aspidoscelis","rodecki",NA,"Norma L. Manríquez Morán",1999,"México","Quintana Roo","Isla Mujeres","Isla Contoy","21","28","48.94",86,47,"21.6","Norma L. Manríquez Morán","NLMM","093",NA,6,"July",1999,"Female","Adult","Halophytic vegetation","Beach",1,"Pathenogenetic","70% Ethanol",NA,21.4802611111111,-86.7893333333333
"643",NA,"Sauropsida","Teiidae","Aspidoscelis","rodecki",NA,"Norma L. Manríquez Morán",1999,"México","Quintana Roo","Isla Mujeres","Isla Contoy","21","28","48.94",86,47,"21.6","Norma L. Manríquez Morán","NLMM","094",NA,6,"July",1999,"Female","Adult","Halophytic vegetation","Beach",1,"Pathenogenetic","70% Ethanol",NA,21.4802611111111,-86.7893333333333
"644",NA,"Sauropsida","Teiidae","Aspidoscelis","rodecki",NA,"Norma L. Manríquez Morán",1999,"México","Quintana Roo","Isla Mujeres","Isla Contoy","21","28","48.94",86,47,"21.6","Norma L. Manríquez Morán","NLMM","095",NA,6,"July",1999,"Female","Adult","Halophytic vegetation","Beach",1,"Pathenogenetic","70% Ethanol",NA,21.4802611111111,-86.7893333333333
"645",NA,"Sauropsida","Teiidae","Aspidoscelis","rodecki",NA,"Norma L. Manríquez Morán",1999,"México","Quintana Roo","Isla Mujeres","Isla Contoy","21","28","48.94",86,47,"21.6","Norma L. Manríquez Morán","NLMM","096",NA,6,"July",1999,"Female","Adult","Halophytic vegetation","Beach",1,"Pathenogenetic","70% Ethanol","YES",21.4802611111111,-86.7893333333333
"646",NA,"Sauropsida","Teiidae","Aspidoscelis","rodecki",NA,"Norma L. Manríquez Morán",1999,"México","Quintana Roo","Isla Mujeres","Isla Contoy","21","28","48.94",86,47,"21.6","Norma L. Manríquez Morán","NLMM","097",NA,6,"July",1999,"Female","Adult","Halophytic vegetation","Beach",1,"Pathenogenetic","70% Ethanol",NA,21.4802611111111,-86.7893333333333
"647",NA,"Sauropsida","Teiidae","Aspidoscelis","rodecki",NA,"Norma L. Manríquez Morán",1999,"México","Quintana Roo","Isla Mujeres","Isla Contoy","21","28","48.94",86,47,"21.6","Norma L. Manríquez Morán","NLMM","098",NA,6,"July",1999,"Female","Adult","Halophytic vegetation","Beach",1,"Pathenogenetic","70% Ethanol",NA,21.4802611111111,-86.7893333333333
"648",NA,"Sauropsida","Teiidae","Aspidoscelis","rodecki",NA,"Norma L. Manríquez Morán",1999,"México","Quintana Roo","Isla Mujeres","Isla Contoy","21","28","48.94",86,47,"21.6","Norma L. Manríquez Morán","NLMM","099",NA,6,"July",1999,"Female","Adult","Halophytic vegetation","Beach",1,"Pathenogenetic","70% Ethanol",NA,21.4802611111111,-86.7893333333333
"649",NA,"Sauropsida","Teiidae","Aspidoscelis","rodecki",NA,"Norma L. Manríquez Morán",1999,"México","Quintana Roo","Isla Mujeres","Isla Contoy","21","28","48.94",86,47,"21.6","Norma L. Manríquez Morán","NLMM","100",NA,6,"July",1999,"Female","Adult","Halophytic vegetation","Beach",1,"Pathenogenetic","70% Ethanol","YES",21.4802611111111,-86.7893333333333
"650",NA,"Sauropsida","Teiidae","Aspidoscelis","rodecki",NA,"Norma L. Manríquez Morán",1999,"México","Quintana Roo","Isla Mujeres","Isla Contoy","21","28","48.94",86,47,"21.6","Norma L. Manríquez Morán","NLMM","101",NA,6,"July",1999,"Female","Adult","Halophytic vegetation","Beach",1,"Pathenogenetic","70% Ethanol",NA,21.4802611111111,-86.7893333333333
"651",NA,"Sauropsida","Teiidae","Aspidoscelis","rodecki",NA,"Norma L. Manríquez Morán",1999,"México","Quintana Roo","Isla Mujeres","Isla Contoy","21","28","48.94",86,47,"21.6","Norma L. Manríquez Morán","NLMM","102",NA,6,"July",1999,"Female","Adult","Halophytic vegetation","Beach",1,"Pathenogenetic","70% Ethanol","YES",21.4802611111111,-86.7893333333333
"652",NA,"Sauropsida","Teiidae","Aspidoscelis","rodecki",NA,"Norma L. Manríquez Morán",1999,"México","Quintana Roo","Isla Mujeres","Isla Contoy","21","28","48.94",86,47,"21.6","Norma L. Manríquez Morán","NLMM","103",NA,6,"July",1999,"Female","Adult","Halophytic vegetation","Beach",1,"Pathenogenetic","70% Ethanol",NA,21.4802611111111,-86.7893333333333
"653",NA,"Sauropsida","Teiidae","Aspidoscelis","tigris",NA,"Anahí Esquivel Ramírez",2018,"México","Coahuila","Cuatro Ciénegas","Carretera Ocampo, 3 km al N de Cuatro Ciénegas","27","0","36",102,4,"45.22","Anahí Esquivel Ramírez","AER","64","0.35416666666666669",12,"July",2018,"Male","Adult","Matorral desértico micrófilo","Ground",766,NA,"70% Ethanol","YES",27.01,-102.079227777778
"654",NA,"Sauropsida","Teiidae","Aspidoscelis","tigris",NA,"Anahí Esquivel Ramírez",2018,"México","Coahuila","Cuatro Ciénegas","Carretera Ocampo, 3 km al N de Cuatro Ciénegas","27","0","36",102,4,"45.22","Anahí Esquivel Ramírez","AER","65","0.38541666666666669",13,"July",2018,"Male","Adult","Matorral desértico micrófilo","Ground",766,NA,"70% Ethanol","YES",27.01,-102.079227777778
"655",NA,"Sauropsida","Teiidae","Aspidoscelis","tigris",NA,"Anahí Esquivel Ramírez",2018,"México","Coahuila","Cuatro Ciénegas","Carretera Ocampo, 3 km al N de Cuatro Ciénegas","27","0","36",102,4,"45.22","Anahí Esquivel Ramírez","AER","67","0.5",13,"July",2018,"Male","Adult","Matorral desértico micrófilo","Ground",766,NA,"70% Ethanol","YES",27.01,-102.079227777778
"656",NA,"Sauropsida","Teiidae","Aspidoscelis","tigris",NA,"Carlos Pérez Almazán",2013,"México","Zacatecas",NA,"Chulavista","22","38","36.58",102,57,"53.89","Carlos Pérez Almazán","CPA","70",NA,20,"July",2013,NA,NA,NA,NA,2005,NA,"70% Ethanol","YES",22.6434944444444,-102.964969444444
