"","REQUEST","USE_LICENSE_URL","GUID","SCIENTIFIC_NAME","CITATIONS","IDENTIFIED_BY","FAMILY","OTHERCATALOGNUMBERS","COLLECTORS","SPECIMEN_EVENT_REMARK","COORDINATEUNCERTAINTYINMETERS","COUNTRY","STATE_PROV","COUNTY","HABITAT","SPEC_LOCALITY","VERBATIM_LOCALITY","VERBATIM_DATE","BEGAN_DATE","ENDED_DATE","PARTS","DEC_LAT","DEC_LONG","SEX","COLORS","VERBATIM_COLLECTOR","REMARK","LOCALITY_REMARKS","COLL_EVENT_REMARKS","ELEV_IN_M"
"1","x","http://creativecommons.org/licenses/by/3.0/","UTEP:Herp:21270","Aspidoscelis exsanguis",NA,"Carl S. Lieb","Teiidae","collector number=CSL 9663; secondary identifier=XHP.2015.1.71","Carl S. Lieb",NA,NA,"United States","New Mexico","Grant County","well above streambed on disturbed, sandy bank","United States Highway 80, at Little Dry Creek","USHwy 80 at Little Dry Creek (T13, R19W, W Sec.8) [GPS: 33 deg 11.302'N, 108 deg 49.292'W, elev. 5075 ft, acc. = 11ft(3.4m)]","42144",2015-05-20,2015-05-20,"whole organism (formalin-fixed, 70% ethanol); heart, liver (frozen); muscle (frozen)",33.1883833333,-108.8215333333,NA,NA,NA,NA,"Standard UTM coordinates from GPS data conversion are: Zone 12, 703089.5 E, 3674285.5 N",NA,"1546.86-1546.86"
"2",NA,"http://creativecommons.org/licenses/by/3.0/","UTEP:Herp:18535","Aspidoscelis exsanguis",NA,"Dominic I. Lannutti","Teiidae","collector number=DIL 422; secondary identifier=XHP.2000.6.20","Dominic I. Lannutti, unknown","mountains/drainage: Jarilla Mts, named place: Orogrande, extent: 1400m, georeferencing remarks: Moved 2.5mi N of Orogrande.ppl GNIS.",3908.334,"United States","New Mexico","Otero County",NA,"ca. 2.5 miles N (by road) of Orogrande","USA, New Mexico, Otero County, Ca. 2.5 Rd Mi. N Orogrande","0000/00/00",NA,2011-01-13,"whole organism (formalin-fixed, 70% ethanol); muscle (frozen); tail tip (frozen); liver (frozen)",32.407269,-106.084322,NA,NA,"and others",NA,NA,"found at 0900 hrs",NA
"3","x","http://creativecommons.org/licenses/by/3.0/","UTEP:Herp:10619","Aspidoscelis exsanguis",NA,"Carl S. Lieb","Teiidae","collector number=CSL 7198; secondary identifier=XHP.1985.6.17","Carl S. Lieb, unknown","mountains/drainage: Alamo Hueco Mts, named place: Alamo Hueco Mts/U-Bar Cave, extent: 0.5km, georeferencing remarks: georef at cave entrance; extent reflects likely collection radius from this entrance",531,"United States","New Mexico","Hidalgo County",NA,"ca. 18 kilometers NNE (by air) of Antelope Wells, vicinity of U-Bar Cave","USA, New Mexico, Hidalgo County, Ca. 18 Km (Air) Nne Antelope Wells, Vic. U-Bar Cave (T32S, R16W, Se 1/4 Sec.35) 4800-5000 Ft","31241",NA,1985-07-13,"whole organism (formalin-fixed, 70% ethanol); kidney (frozen); heart, liver, muscle (frozen)",31.47438,-108.43309,NA,NA,"and others",NA,"T32S, R16W, Se 1/4 Sec.35",NA,"1463.04-1524"
"4",NA,"http://creativecommons.org/licenses/by/3.0/","UTEP:Herp:21271","Aspidoscelis exsanguis",NA,"Carl S. Lieb","Teiidae","collector number=CSL 9665; secondary identifier=XHP.2015.1.72","Carl S. Lieb",NA,NA,"United States","New Mexico","Grant County",NA,"United States Highway 80, at Little Dry Creek","USHwy 80 at Little Dry Creek (T13, R19W, W Sec.8) [GPS: 33 deg 11.381'N, 108 deg 49.293'W, elev. 5110 ft, acc. = 11ft(3.4m)]","42144",2015-05-20,2015-05-20,"heart, liver, muscle (frozen); whole organism (formalin-fixed, 70% ethanol)",33.1896833333,-108.8210333333,NA,NA,NA,NA,"Standard UTM coordinates from GPS data conversion are: Zone 12, 703084.9 E, 3674429.6 N",NA,"1557.528-1557.528"
"5",NA,"http://creativecommons.org/licenses/by/3.0/","UTEP:Herp:20761","Aspidoscelis exsanguis",NA,"Carl S. Lieb","Teiidae","collector number=CSL 9499; secondary identifier=XHP.2013.1.79","Carl S. Lieb","named place: Hwy 54/jct Hwy 10 Business/Van Horn, georeferencing remarks: GPS measurement accuracy = 12 ft",6.0941712,"United States","Texas","Culberson County",NA,"along State Highway 54, 13.7 miles N of (by road) junction with Interstate Highway 10 Business (Broadway Street) in Van Horn","USA, Texas, Culberson County, Along Sthwy 54, 13.7 Rd Mi. N Jct With Ihwy 10 Business (Broadway Street) In Van Horn [Gps: 31 Deg 12.852'N, 104 Deg 51.076'W, Elev. 4261 Ft, Acc. = 12 Ft]","41497",NA,2013-08-11,"whole organism (formalin-fixed, 70% ethanol); blood (95% ethanol); heart, liver, muscle (frozen)",31.2142,-104.85127,NA,NA,NA,NA,NA,NA,"1298.7528-1298.7528"
"6",NA,"http://creativecommons.org/licenses/by/3.0/","UTEP:Herp:19190","Aspidoscelis exsanguis",NA,"Carl S. Lieb","Teiidae","preparator number=CSL 8870; secondary identifier=XHP.2005.2.53","Carl S. Lieb, Jennifer D. Jurado","mountains/drainage: Davis Mts, named place: Madera Canyon Picnic Area/Hwy 118, georeferencing remarks: GPS measurement accuracy = 18 ft",7.9284576,"United States","Texas","Jeff Davis County",NA,"Lawrence E Woods (""Madera Canyon"") picnic area, off State Highway 118","USA, Texas, Jeff Davis County, Lawrence E Woods (""Madera Canyon"") Picnic Area Off Sthy 118 (Gps: 30 Deg 42.359'N, 104 Deg 06.353'W, Elev. 5854 Ft, Acc = 18Ft)","38556",NA,2005-07-23,"heart, liver, muscle (frozen); whole organism (formalin-fixed, 70% ethanol)",30.70598,-104.10588,NA,NA,NA,NA,NA,NA,"1784.2992-1784.2992"
"7","x","http://creativecommons.org/licenses/by/3.0/","UTEP:Herp:20320","Aspidoscelis exsanguis",NA,"Jerry D. Johnson","Teiidae","preparator number=JDJ 2341; secondary identifier=XHP.2011.5.1; trap number=0-3","Ross Couvillon","mountains/drainage: Indio Mts, named place: IMRS/Oak Arroyo, georeferencing remarks: GPS measurement accuracy not recorded, so an estimate of 10 m was used for error calculation, locality remarks: ""Oak Arroyo' is an informal place name used internally by IMRS",10.407,"United States","Texas","Hudspeth County",NA,"Indio Mountains Research Station, Oak Arroyo, Pitfall Trap 0-3","USA, Texas, Hudspeth, Indio Mountains Research Station, Oak Arroyo, Pitfall Trap 0-3 [Gps: 30 Deg 47'10.25""N, 104 Deg 58'50.47""W, Elev. 1327 M]","40683",NA,2011-05-20,"heart, liver; whole organism (formalin-fixed, 70% ethanol)",30.78618,-104.98069,NA,NA,NA,NA,NA,NA,"1327-1327"
"8","x","http://creativecommons.org/licenses/by/3.0/","UTEP:Herp:21547","Aspidoscelis exsanguis",NA,"Carl S. Lieb","Teiidae","collector number=CSL 9788; preparator number=CSL 9788; secondary identifier=XHP.2016.3.82","Carl S. Lieb","Former verification status: verified by curator.",8.517,"United States","Texas","Hudspeth County",NA,"Interstate Highway 10, 0.8 road miles W junction with Laska Road, behind picnic area on south side","Quitman Mts, behind picnic area on south side of Ihwy 10, 0.8 rd mi. W jct with Laska Road [GPS 31 deg 12.759'N, 105 deg 29.578'W, elev. 4640 ft, acc. = 10ft(3.0m)]","42524",2016-06-03,2016-06-03,"whole organism (formalin-fixed, 70% ethanol); tissue (95% ethanol)",31.21265,-105.49297,NA,NA,NA,NA,"Quitman Mountains, Standard UTM coordinates from GPS data conversion are: Zone 13, 453042.9 E, 3453274.0 N",NA,"1414.272-1414.272"
"9","x","http://creativecommons.org/licenses/by/3.0/","UTEP:Herp:19189","Aspidoscelis exsanguis",NA,"Carl S. Lieb","Teiidae","preparator number=CSL 8869; secondary identifier=XHP.2005.2.52","Carl S. Lieb, Jennifer D. Jurado","mountains/drainage: Davis Mts, named place: Madera Canyon Picnic Area/Hwy 118, georeferencing remarks: GPS measurement accuracy = 19 ft",8.2332576,"United States","Texas","Jeff Davis County",NA,"Lawrence E Woods (""Madera Canyon"") picnic area, off State Highway 118","USA, Texas, Jeff Davis County, Lawrence E Woods (""Madera Canyon"") Picnic Area Off Sthy 118 (Gps: 30 Deg 42.360'N, 104 Deg 06.346'W, Elev. 5864 Ft, Acc = 19 Ft)","38556",NA,2005-07-23,"heart, liver, muscle (frozen); whole organism (formalin-fixed, 70% ethanol)",30.706,-104.10577,NA,NA,NA,NA,NA,NA,"1787.3472-1787.3472"
"10",NA,"http://creativecommons.org/licenses/by/3.0/","UTEP:Herp:21084","Aspidoscelis exsanguis",NA,"Carl S. Lieb","Teiidae","collector number=CSL 9594; secondary identifier=XHP.2014.4.99","Carl S. Lieb","mountains/drainage: Hueco Mts, named place: Hueco Mts/Pow-wow Canyon/Hwy 62-180, georeferencing remarks: GPS measurement accuracy = 11 ft",5.7826656,"United States","Texas","El Paso County",NA,"Hueco Mountains, Pow-Wow Canyon, picnic area along United States Highway 62-180, 3.9 miles E of (by road) junction with Ranch to Market Road 2775, just W of Hudspeth County Line","USA, Texas, El Paso County, Hueco Mts, Pow-Wow Canyon, Picnic Area Along Ushy 62-180, 3.9 Rd Mi. E Jct With Rnrd 2775, Just West Of Hudspeth County Line [Gps: 31 Deg 49.770'N, 105 Deg 59.968'W, Elev. 4839 Ft, Acc. = 11Ft]","41849",NA,2014-07-29,"heart, liver, muscle (frozen); whole organism (formalin-fixed, 70% ethanol)",31.8295,-105.99947,NA,NA,NA,NA,NA,NA,"1474.9272-1474.9272"
"11",NA,"http://creativecommons.org/licenses/by/3.0/","UTEP:Herp:19144","Aspidoscelis exsanguis",NA,"Carl S. Lieb","Teiidae","collector number=CSL 8829; secondary identifier=XHP.2005.2.28","Carl S. Lieb","mountains/drainage: Hueco Mts, named place: Pinon Rd/jct Hwy 62-180, georeferencing remarks: GPS measurement accuracy = 14ft, locality remarks: For decades known as the ""Pinon Rd,"" this route is now often labeled the ""Hueco Ranch Rd""",6.6955416,"United States","Texas","Hudspeth County",NA,"along Pinon Road, 11.6 miles N of (by road) junction with United States Highway 62/180, 4.3 miles N of (by road) turnoff to Hueco Ranch","USA, Texas, Hudspeth County, Along Pinon Rd, 11.6 Rd Mi. N Jct With Ushy 62/180, 4.3 Rd Mi. N Turnoff To Hueco Ranch [Gps: 31 Deg 59.439'N, 105 Deg 54.558'W, 5359 Ft Elev., Acc. = 14Ft]","38522",NA,2005-06-19,"whole organism (formalin-fixed, 70% ethanol); liver (frozen); muscle (frozen)",31.99065,-105.9093,NA,NA,NA,NA,NA,NA,"1633.4232-1633.4232"
"12",NA,"http://creativecommons.org/licenses/by/3.0/","UTEP:Herp:15691","Aspidoscelis exsanguis",NA,"Louis N. Irwin","Teiidae","collector number=DIL 52; secondary identifier=XHP.1994.8.1","Louis N. Irwin, Dominic I. Lannutti","named place: Fabens/Two Brothers Farm, extent: 0.2km, georeferencing remarks: georef at indicated farm (based on hand-drawn map of location by Lannutti) plotted on the above map edition; offset from Fabens, and coordinates given in locality statement, not used",237,"United States","Texas","El Paso County",NA,"ca. 5.5 kilometers SSW (by air) of Fabens, Two Brothers Farm","USA, Texas, El Paso County, Ca. 5 1/2 Km (Air) Ssw Fabens, Two Brothers Farm (31 Deg 27'35""N, 106 Deg 10'35""W) Ca. 3600 Ft","1993/winter/00",NA,1993-03-20,"brain (frozen); whole organism (formalin-fixed, 70% ethanol)",31.45942,-106.18035,NA,NA,NA,"publication no. 28: distribution of species  in Texas, map",NA,NA,"1097.28-1097.28"
"13",NA,"http://creativecommons.org/licenses/by/3.0/","UTEP:Herp:21085","Aspidoscelis exsanguis",NA,"Carl S. Lieb","Teiidae","collector number=CSL 9595; secondary identifier=XHP.2014.4.100","Carl S. Lieb","mountains/drainage: Hueco Mts, named place: Hueco Mts/Pow-wow Canyon/Hwy 62-180, georeferencing remarks: GPS measurement accuracy = 12 ft",6.0874656,"United States","Texas","El Paso County",NA,"Hueco Mountains, Pow-Wow Canyon, picnic area along United States Highway 62-180, 3.9 miles E of (by road) junction with Ranch to Market Road 2775, just W of Hudspeth County Line","USA, Texas, El Paso County, Hueco Mts, Pow-Wow Canyon, Picnic Area Along Ushy 62-180, 3.9 Rd Mi. E Jct With Rnrd 2775, Just West Of Hudspeth County Line [Gps: 31 Deg 49.770'N, 105 Deg 59.960'W, Elev. 4842 Ft, Acc. = 12 Ft]","41849",NA,2014-07-29,"heart, liver, muscle (frozen); whole organism (formalin-fixed, 70% ethanol)",31.8295,-105.99933,NA,NA,NA,NA,NA,NA,"1475.8416-1475.8416"
"14",NA,"http://creativecommons.org/licenses/by/3.0/","UTEP:Herp:21548","Aspidoscelis gularis",NA,"Carl S. Lieb","Teiidae","collector number=CSL 9783; preparator number=CSL 9783; secondary identifier=XHP.2016.3.83","Carl S. Lieb","Former verification status: verified by curator.",10.359,"United States","Texas","Reeves County",NA,"along Interstate Highway 10, Hoefs Road at Exit 222","Along IHyw 10, Hoefs Road at Exit 222, roadcut on S side hwy [gps: 30 deg 58.076'N, 103 deg 29.720'W, elev. 3101 ft, acc. = 13ft(4.0m)]","42514",2016-05-24,2016-05-24,"whole organism (formalin-fixed, 70% ethanol); tissue (95% ethanol)",30.96793,-103.49533,NA,NA,NA,NA,"Standard UTM coordinates from GPS data conversion are: Zone 13, 643700.8 E, 3427019.2 N",NA,"945.1848-945.1848"
"15",NA,"http://creativecommons.org/licenses/by/3.0/","UTEP:Herp:20725","Aspidoscelis gularis",NA,"Carl S. Lieb","Teiidae","collector number=CSL 9464; secondary identifier=XHP.2013.1.46","Carl S. Lieb, unknown","mountains/drainage: Davis Mts, named place: Hwy 166/jct Hwy 505, georeferencing remarks: GPS measurement accuracy = 12 ft",6.1283088,"United States","Texas","Jeff Davis County",NA,"rock outcrop on W side of State Highway 166, 2.9 miles N of (by road) junction with Ranch to Market Road 505","USA, Texas, Jeff Davis County, Rock Outcrop On W Side Of Sthy 166, 2.9 Rd Mi. N Jct With Rnrd 505 [Gps: 30 Deg 35.171'N, 104 Deg 17.242'W, Elev. 5172 Ft, Acc. = 12 Ft]","41461",NA,2013-07-06,"whole organism (formalin-fixed, 70% ethanol); lung; heart, liver, muscle",30.58618,-104.28737,"female",NA,"and others",NA,NA,NA,"1576.4256-1576.4256"
"16",NA,"http://creativecommons.org/licenses/by/3.0/","UTEP:Herp:20329","Aspidoscelis gularis",NA,"Carl S. Lieb","Teiidae","collector number=CSL 9299; secondary identifier=XHP.2011.1.10","Carl S. Lieb","named place: Hwy 302/Pecos River Bridge, georeferencing remarks: GPS measurement accuracy = 11 ft]",5.7844944,"United States","Texas","Loving County",NA,"along State Highway 302, just NE of Pecos River Bridge","USA, Texas, Loving County, Along Sthwy 302, Just Ne Of Pecos River Bridge [Gps 31 Deg 40.168'N, 103 Deg 37.564'W, Elev. 2675 Ft, Acc.= 11 Ft]","40725",NA,2011-07-01,"heart, liver, muscle (frozen); whole organism (formalin-fixed, 70% ethanol)",31.66947,-103.62607,"female",NA,NA,NA,NA,NA,"815.34-815.34"
"17",NA,"http://creativecommons.org/licenses/by/3.0/","UTEP:Herp:20330","Aspidoscelis gularis",NA,"Carl S. Lieb","Teiidae","collector number=CSL 9300; secondary identifier=XHP.2011.1.11","Carl S. Lieb","named place: Hwy 302/Pecos River, georeferencing remarks: GPS measurement accuracy = 18 ft",7.9180944,"United States","Texas","Loving County",NA,"along State Highway 302, just NE of Pecos River Bridge","USA, Texas, Loving County, Along Sthwy 302, Just Ne Pecos River Bridge [Gps: 31 Deg 40.197'N, 103 Deg 37.542'W, Elev. 2602 Ft, Acc.= 18 Ft]","40725",NA,2011-07-01,"heart, liver, muscle (frozen); whole organism (formalin-fixed, 70% ethanol)",31.66995,-103.6257,"male",NA,NA,NA,NA,NA,"793.0896-793.0896"
"18",NA,"http://creativecommons.org/licenses/by/3.0/","UTEP:Herp:16431","Aspidoscelis gularis",NA,"Carl S. Lieb","Teiidae","preparator number=CSL 8349; secondary identifier=XHP.1996.4.37","Carl S. Lieb, Robert G. Webb",NA,NA,"United States","Texas","Pecos County",NA,"picnic area along United States Highway 285, 35.3 miles SE of (by road) junction with Interstate Highway 10 Business in Fort Stockton, 2.9 miles SE of (by road) Escondido Draw Crossing","USA, Texas, Pecos County, Picnic Area Along Ushy 285, 35.3 Rd Mi. Se Jct With Ihy 10 Business In Fort Stockton, 2.9 Rd Mi. Se Escondido Draw Crossing (30 Deg 29'07""N, 102 Deg 31'52""W) Ca. 3430 Ft","35280",1996-08-03,1996-08-03,"heart, liver, muscle (frozen); whole organism (formalin-fixed, 70% ethanol)",30.4852777778,-102.5311111111,"female",NA,NA,NA,NA,NA,"1045.464-1045.464"
"19","x","http://creativecommons.org/licenses/by/3.0/","UTEP:Herp:20726","Aspidoscelis gularis",NA,"Carl S. Lieb","Teiidae","collector number=CSL 9471; original identifier=LM-47; secondary identifier=XHP.2013.1.47","Carl S. Lieb, unknown","mountains/drainage: Davis Mts, named place: Hwy 166/southern jct Hwy 118/Point of Rocks, georeferencing remarks: GPS measurement accuracy = 14 ft",6.7110864,"United States","Texas","Jeff Davis County",NA,"Point of Rocks picnic area along State Highway 166, 9.1 miles N of (by road) northern junction with State Highway 118","USA, Texas, Jeff Davis County, Point Of Rocks Picnic Area Along Sthy 166, 9.1 Rd Mi. N Northern Jct With Sthy 118 [Gps: 30 Deg 32.078N, 104 Deg 03.862'W, Elev. 5427 Ft, Acc. = 14 Ft]","41461",NA,2013-07-06,"whole organism (formalin-fixed, 70% ethanol); lung; heart, liver, muscle; blood (slide smear)",30.53463,-104.06437,"female",NA,"and others",NA,NA,NA,"1654.1496-1654.1496"
"20",NA,"http://creativecommons.org/licenses/by/3.0/","UTEP:Herp:18265","Aspidoscelis gularis",NA,"Dominic I. Lannutti","Teiidae","collector number=DIL 305; secondary identifier=XHP.1999.1.15","Dominic I. Lannutti, unknown","named place: Rylander Ranch/Hwy 2323/County Rd 111, extent: 0.01mi, georeferencing remarks: offset by rd on 2323 from jct with County Rd 111 (Kleese Rd)",214.042752,"United States","Texas","Llano County",NA,"Rylander Ranch, along Farm to Market Road 2323, ca. 2.0 miles NE (by road) junction with Farm to Market Road 111","USA, Texas, Llano County, Rylander Ranch, Along Fmrd 2323, Ca. 2.0 Rd Mi. Ne Jct With Fmrd 111","36238",NA,1999-03-19,"muscle (frozen); whole organism (formalin-fixed, 70% ethanol)",30.57774,-98.8711,"male",NA,"and others",NA,NA,"collected 100-1330hrs",NA
"21",NA,"http://creativecommons.org/licenses/by/3.0/","UTEP:Herp:20724","Aspidoscelis gularis",NA,"Carl S. Lieb","Teiidae","collector number=CSL 9473; original identifier=LM-48; secondary identifier=XHP.2013.1.45","Carl S. Lieb, unknown","mountains/drainage: Davis Mts, named place: Hwy 118/northern jct Hwy 166, georeferencing remarks: GPS measurement accuracy = 13 ft",6.402324,"United States","Texas","Jeff Davis County",NA,"roadcut along State Highway 118, 10.6 miles N of (by road) northern junction with State Highway 166","USA, Texas, Jeff Davis County, Roadcut Along Sthy 118, 10.6 Rd Mi. N Northern Jct With Sthwy 166 [Gps: 30 Deg 54.413'N, 104 Deg 08.793'W, Elev. 4890 Ft, Acc. = 13 Ft]","41461",NA,2013-07-06,"whole organism (formalin-fixed, 70% ethanol); lung; heart, liver, muscle; blood (slide smear)",30.90688,-104.14655,"female",NA,"and others",NA,NA,NA,"1490.472-1490.472"
"22",NA,"http://creativecommons.org/licenses/by/3.0/","UTEP:Herp:20963","Aspidoscelis gularis",NA,"Carl S. Lieb","Teiidae","collector number=CSL 9542; secondary identifier=XHP.2014.4.46","Carl S. Lieb","named place: Hwy 10/Exit 314, georeferencing remarks: GPS measurement accuracy = 22 ft",9.1464384,"United States","Texas","Pecos County",NA,"N side of Interstate Highway 10, at Exit 314","USA, Texas, Pecos County, North Side Of Ihy 10 At Exit 314 [Gps: 30 Deg 48.533'N, 101 Deg 59.285'W, Elev. 2462 Ft, Acc. = 22 Ft]","41778",NA,2014-05-19,"heart, liver, muscle (frozen); whole organism (formalin-fixed, 70% ethanol)",30.80888,-101.98808,"female",NA,NA,NA,NA,NA,"750.4176-750.4176"
"23",NA,"http://creativecommons.org/licenses/by/3.0/","UTEP:Herp:12307","Aspidoscelis gularis",NA,"Carl S. Lieb","Teiidae","secondary identifier=XHP.1989.9.5","Robert G. Webb, Ralph W. Axtell","named place: Red Bluff Rd/jct Hwy 285, extent: 0.02mi, georeferencing remarks: offset by rd on Red Bluff Rd from jct indicated",230.136192,"United States","Texas","Loving County",NA,"on Red Bluff Road, 2.5 miles W (by road) Red Bluff Lake, 0.2 miles E (by road) junction with United States Highway 285","USA, Texas, Loving County, On Red Bluff Rd, 2 1/2 Rd Mi. W Red Bluff Lake, 0.2 Rd Mi. E Jct With Ushy 285","32711",NA,1989-07-22,"whole organism (formalin-fixed, 70% ethanol); kidney (frozen); heart, liver, muscle (frozen)",31.90258,-103.9596,NA,NA,NA,NA,NA,NA,NA
"24","x","http://creativecommons.org/licenses/by/3.0/","UTEP:Herp:20688","Aspidoscelis gularis",NA,"Carl S. Lieb","Teiidae","preparator number=CSL 9427; secondary identifier=XHP.2013.1.11","Carl S. Lieb, Val J. Roessling","named place: Old Cranes Mill Rd/jct Hwy 2673, georeferencing remarks: GPS measurment accuracy = 15ft",7.0228968,"United States","Texas","Comal County","under rock in early morning","below Old Cranes Mill Road, 0.50 kilometers NW (by air) of junction with Farm to Market Road 2673","USA, Texas, Comal County, Below Old Cranes Mill Road, 0.50 Km (Air) Nw Jct With Fmrd 2673 [Gps: 29 Deg 50.968'N, 98 Deg 16.842'W, Elev. 1035 Ft, Acc. = 15 Ft]","41391",NA,2013-04-27,"heart, liver, muscle (frozen); whole organism (formalin-fixed, 70% ethanol)",29.84947,-98.2807,"male",NA,NA,NA,NA,"found under same rock previous evening, but escaped, then captured under rock in early morning","315.468-315.468"
"25","x","http://creativecommons.org/licenses/by/3.0/","UTEP:Herp:20964","Aspidoscelis gularis",NA,"Carl S. Lieb","Teiidae","collector number=CSL 9543; secondary identifier=XHP.2014.4.47","Carl S. Lieb","named place: Hwy 55/jct Hwy 2995, georeferencing remarks: GPS measurement accuracy = 15 ft",7.0204584,"United States","Texas","Edwards County",NA,"picnic area along State Highway 55, 6.5 miles NW of (by road) junction with Ranch Road 2995","USA, Texas, Edwards County, Picnic Area Along Sthy 55, 6.5 Rd Mi. Nw Jct With Ranch Rd 2995 [Gps: 30 Deg 05.216'N, 100 Deg 22.126'W, Elev. 2338 Ft, Acc. = 15 Ft]","41778",NA,2014-05-19,"heart, liver, muscle (frozen); whole organism (formalin-fixed, 70% ethanol)",30.08693,-100.36877,"male",NA,NA,NA,NA,NA,"712.6224-712.6224"
"26",NA,"http://creativecommons.org/licenses/by/3.0/","UTEP:Herp:18267","Aspidoscelis gularis",NA,"Dominic I. Lannutti","Teiidae","collector number=DIL 298; secondary identifier=XHP.1999.1.17","Dominic I. Lannutti, unknown","named place: Austin/Emma Long Metro Park, extent: 1.2, locality remarks: Park is labeled ""Lake Austin Metropolitan Park"" on Austin West 24K Quad",NA,"United States","Texas","Travis County","SW-facing slope bordering river","Austin, Emma Long Metro Park","USA, Texas, Travis County, Austin, Emma Long Metro Park","36237",NA,1999-03-18,"muscle (frozen); whole organism (formalin-fixed, 70% ethanol)",30.34114,-97.84431,"male",NA,"and others",NA,NA,"found at 1300-1530 hrs",NA
"27",NA,"http://creativecommons.org/licenses/by/3.0/","UTEP:Herp:18327","Aspidoscelis inornata",NA,"Robert G. Webb","Teiidae","secondary identifier=XHP.1999.9.4","Robert G. Webb, Ralph W. Axtell","named place: Carrizozo, extent: 2355.8381m, georeferencing remarks: Moved 4.3mi N of Jct. US 380 in Carrizozo, along US. 54.",2457.407,"United States","New Mexico","Lincoln County",NA,"along United States Highway 54, 9.7 miles N of (by road) junction with United States Highway 380 in Carrizozo","USA, New Mexico, Lincoln County, Along Ushy 54, 9.7 Rd Mi. N Jct With Ushy 380 In Carrizozo (33 Deg 42'N, 105 Deg 50'W) Ca. 5560 Ft","36329",NA,1999-06-18,"whole organism (ethanol-fixed)",33.778242,-105.832762,NA,NA,NA,NA,NA,NA,"1694.688-1694.688"
"28",NA,"http://creativecommons.org/licenses/by/3.0/","UTEP:Herp:18329","Aspidoscelis inornata",NA,"Robert G. Webb","Teiidae","secondary identifier=XHP.1999.9.6","Robert G. Webb, Ralph W. Axtell","named place: Carrizozo, extent: 2355.8381m, georeferencing remarks: Moved 4.3mi N of Jct. US 380 in Carrizozo, along US. 54.",2457.407,"United States","New Mexico","Lincoln County",NA,"along United States Highway 54, 4.1 miles N of (by road) junction with United States Highway 380 in Carrizozo","USA, New Mexico, Lincoln County, Along Ushy 54, 4.1 Rd Mi. N Jct With Ushy 380 In Carrizozo (33 Deg 42'N, 105 Deg 50'53""W) Ca. 5520 Ft","36330",NA,1999-06-19,"whole organism (ethanol-fixed)",33.699494,-105.844857,NA,NA,NA,NA,NA,NA,"1682.496-1682.496"
"29",NA,"http://creativecommons.org/licenses/by/3.0/","UTEP:Herp:18330","Aspidoscelis inornata",NA,"Robert G. Webb","Teiidae","secondary identifier=XHP.1999.9.7","Robert G. Webb, Ralph W. Axtell","named place: Carrizozo, extent: 2355.8381m, georeferencing remarks: Moved 4.3mi N of Jct. US 380 in Carrizozo, along US. 54.",2457.407,"United States","New Mexico","Lincoln County",NA,"along United States Highway 54, 4.1 miles N of (by road) junction with United States Highway 380 in Carrizozo","USA, New Mexico, Lincoln County, Along Ushy 54, 4.1 Rd Mi. N Jct With Ushy 380 In Carrizozo (33 Deg 42'N, 105 Deg 50'53""W) Ca. 5520 Ft","36330",NA,1999-06-19,"whole organism (ethanol-fixed)",33.699494,-105.844857,NA,NA,NA,NA,NA,NA,"1682.496-1682.496"
"30",NA,"http://creativecommons.org/licenses/by/3.0/","UTEP:Herp:20021","Aspidoscelis inornata",NA,"Carl S. Lieb","Teiidae","collector number=CSL 9183; secondary identifier=XHP.2010.6.7","Carl S. Lieb","named place: Floyd Soil Sample Site 8, georeferencing remarks: GPS measurement accuracy = 15 ft",6.9972936,"United States","New Mexico","Dona Ana County",NA,"along N-side Interstate Highway Highway 10, 3.8 Road Mi.E junction with State Highway 549, Kevin Floyd Soil Sample Site 8","USA, New Mexico, Dona Ana County, Along N-Side I-Hwy 10, 3.8 Rd Mi.E Jct With Sthy 549, Kevin Floyd Soil Sample Site 8 [Gps: 32 Deg 14.922'N, 107 Deg 07.961'W, Elev. 4366 Ft, Acc.= 15 Ft]","40328",NA,2010-05-30,"whole organism (ethanol-fixed); toe (95% ethanol); heart, liver, muscle (frozen)",32.2487,-107.13268,"male",NA,NA,NA,NA,NA,"1330.7568-1330.7568"
"31",NA,"http://creativecommons.org/licenses/by/3.0/","UTEP:Herp:20017","Aspidoscelis inornata",NA,"Carl S. Lieb","Teiidae","collector number=CSL 9179; secondary identifier=XHP.2010.6.3","Carl S. Lieb","named place: Floyd Soil Sample Site 6, georeferencing remarks: GPS measurement accuracy = 17 ft",7.6068936,"United States","New Mexico","Dona Ana County",NA,"along N-side Interstate Highway Highway 10, 10.8 miles E of (by road) junction with State Highway 549, Kevin Floyd Soil Sample Site 6","USA, New Mexico, Dona Ana County, Along N-Side I-Hwy 10, 10.8 Rd Mi. E Jct With Sthy 549, Kevin Floyd Soil Sample Site 6 [Gps: 32 Deg 15.710'N, 107 Deg 01.059'W, Elev. 4437 Ft, Acc. = 17Ft]","40328",NA,2010-05-30,"whole organism (ethanol-fixed); toe; heart, liver, muscle",32.26183,-107.01765,"female",NA,NA,NA,NA,NA,"1352.3976-1352.3976"
"32",NA,"http://creativecommons.org/licenses/by/3.0/","UTEP:Herp:20020","Aspidoscelis inornata",NA,"Carl S. Lieb","Teiidae","collector number=CSL 9182; secondary identifier=XHP.2010.6.6","Carl S. Lieb","named place: Floyd Soil Sample Site 7, georeferencing remarks: GPS measurement accuracy = 17 ft",7.5947016,"United States","New Mexico","Dona Ana County",NA,"along N-side Interstate Highway Highway 10, 5.7 miles E of (by road) junction with State Highway 549, Kevin Floyd Soil Sample Site 7","USA, New Mexico, Dona Ana County, Along N-Side I-Hwy 10, 5.7 Rd Mi. E Jct With Sthy 549, Kevin Floyd Soil Sample Site 7 [Gps 32 Deg 15.121'N, 107 Deg 06.092'W, Elev. 4388 Ft, Acc. = 17 Ft]","40328",NA,2010-05-30,"whole organism (ethanol-fixed); toe (95% ethanol); heart, liver, muscle (frozen)",32.25207,-107.10153,"male",NA,NA,NA,NA,NA,"1337.4624-1337.4624"
"33","X","http://creativecommons.org/licenses/by/3.0/","UTEP:Herp:18875","Aspidoscelis inornata",NA,"Carl S. Lieb","Teiidae","collector number=CSL 8722; secondary identifier=XHP.2003.6.59","Carl S. Lieb, unknown","named place: CR F-1/Texas State line, georeferencing remarks: GPS measurement accuracy not recorded; 33 ft assumed for error calculations",12.486132,"United States","New Mexico","Otero County",NA,"off Pinon Road (County Road F-1), 4.2 miles NE of (by road) Texas State Line, just West of att Tower","USA, New Mexico, Otero County, Off Pinon Rd (County Rd F-1), 4.2 Rd Mi. Ne Texas State Line, Just West Of Att Tower (32 Deg 02.683'N, 105 Deg 49.978'W) Ca. 5350 Ft","37857",NA,2003-08-24,"heart, liver, muscle (95% ethanol); whole organism (formalin-fixed, 70% ethanol)",32.04472,-105.83297,"female",NA,"and others",NA,NA,NA,"1630.68-1630.68"
"34","X","http://creativecommons.org/licenses/by/3.0/","UTEP:Herp:18334","Aspidoscelis inornata",NA,"Robert G. Webb","Teiidae","secondary identifier=XHP.1999.9.11","Robert G. Webb, Ralph W. Axtell","named place: Magdalena, extent: 16.5m, georeferencing remarks: Moved to given Coordinates.",18.069,"United States","New Mexico","Socorro County",NA,"6.0 miles E (by road on United States Highway 60) of junction of State Highways 169/170, on W side of Magdalena, then 0.9 miles N (by road on dirt road), at abandoned ranch site","USA, New Mexico, Socorro County, 6.0 Rd Mi. (By Ushy 60) E Jct Sthys 169/170 On W Side Of Magdalena, Then 0.9 Mi. N On Dirt Rd, At Abandoned Ranch Site (34 Deg 07'47""N, 107 Deg 08'41""W) Ca. 5998 Ft","36333",NA,1999-06-22,"whole organism (ethanol-fixed)",34.12972,-105.144721,NA,NA,NA,NA,NA,NA,"1828.1904-1828.1904"
"35",NA,"http://creativecommons.org/licenses/by/3.0/","UTEP:Herp:18328","Aspidoscelis inornata",NA,"Robert G. Webb","Teiidae","secondary identifier=XHP.1999.9.5","Robert G. Webb, Ralph W. Axtell","named place: Carrizozo, extent: 2355.8381m, georeferencing remarks: Moved 4.3mi N of Jct. US 380 in Carrizozo, along US. 54.",2457.407,"United States","New Mexico","Lincoln County",NA,"along United States Highway 54, 4.1 miles N of (by road) junction with United States Highway 380 in Carrizozo","USA, New Mexico, Lincoln County, Along Ushy 54, 4.1 Rd Mi. N Jct With Ushy 380 In Carrizozo (33 Deg 42'N, 105 Deg 50'53""W) Ca. 5520 Ft","36330",NA,1999-06-19,"whole organism (ethanol-fixed)",33.699494,-105.844857,NA,NA,NA,NA,NA,NA,"1682.496-1682.496"
"36",NA,"http://creativecommons.org/licenses/by/3.0/","UTEP:Herp:20789","Aspidoscelis inornata",NA,"Carl S. Lieb","Teiidae","collector number=CSL 9504; secondary identifier=XHP.2013.1.96","Carl S. Lieb","named place: Floyd Soil Sample Site 7, georeferencing remarks: GPS measurement accuracy = 15 t",6.9972936,"United States","New Mexico","Dona Ana County",NA,"Kevin Floyd Soil Site 7, along Interstate Highway 10, 5.5 miles W of (by road) Corralitos Road Overpass, 5.5 miles E of (by road) junction with State Highway 549","USA, New Mexico, Dona Ana County, Kevin Floyd Soil Site 7, Along Ihy 10, 5.5 Rd Mi. W Corralitos Rd Overpass, 5.5 Rd Mi. E Jct With Sthy 549 [Gps: 32 Deg 15.137'N, 107 Deg 06.064'W, Elev. 4364 Ft, Acc. = 15 F]","41502",NA,2013-08-16,"whole organism (formalin-fixed, 70% ethanol); toe; heart, liver",32.25228,-107.10106,"female",NA,NA,NA,NA,NA,"1330.1472-1330.1472"
"37","X","http://creativecommons.org/licenses/by/3.0/","UTEP:Herp:18333","Aspidoscelis inornata",NA,"Robert G. Webb","Teiidae","secondary identifier=XHP.1999.9.10","Robert G. Webb, Ralph W. Axtell","named place: Cedarville, extent: 800m, georeferencing remarks: Moved 15.6mi SE Willard along NM 42, NW of Cedarville",901.569,"United States","New Mexico","Torrance County",NA,"NW of Cedarvale, along State Highway 42, 15.6 miles SE of (by road) Willard","USA, New Mexico, Torrance County, Nw Of Cedarvale, Along Sthy 42, 15.6 Rd Mi. Se Willard (34 Deg 27'18""N, 105 Deg 50'17""W) Ca. 6235 Ft","36330",NA,1999-06-19,"whole organism (ethanol-fixed)",34.45169,-105.832986,NA,NA,NA,NA,NA,NA,"1900.428-1900.428"
"38",NA,"http://creativecommons.org/licenses/by/3.0/","UTEP:Herp:21735","Aspidoscelis inornata",NA,"Carl S. Lieb","Teiidae","collector number=CSL 9910; secondary identifier=XHP.2017.1.58","Carl S. Lieb",NA,5.89,"United States","Texas","Hudspeth County",NA,"Picnic area along USHwy 62-180, 11.5 rd mi. E Jct with Hueco Ranch RD (= Pinon Rd)","Picnic area along USHwy 62-180, 11.5 rd mi. E Jct with Hueco Ranch RD (= Pinon Rd) [GPS: 31 deg 50.818'N, 105 deg 46.894'W, elev. 5246 ft, acc.= 3.4m)]","42918",2017-07-02,2017-07-02,"whole organism; tissue (frozen)",31.84697,-105.78157,"male",NA,NA,NA,"Standard UTM coordinates from GPS data conversion are: Zone 13, 426053.4 E, 3523739.5 N",NA,"1598.9808-1598.9808"
"39","x","http://creativecommons.org/licenses/by/3.0/","UTEP:Herp:20756","Aspidoscelis inornata",NA,"Carl S. Lieb","Teiidae","collector number=CSL 9494; secondary identifier=XHP.2013.1.74","Carl S. Lieb","named place: Hwy 10 frontage rd/Giffin Road Exit (no. 188), georeferencing remarks: GPS measurement accuracy = 17 ft",7.6196952,"United States","Texas","Reeves County",NA,"along Interestate Highway 10, Frontage Road, 1.0 miles ESE (by road) of Exit 188/Giffin Road","USA, Texas, Reeves County, Along Ihwy 10 Frontage Road, 1.0 Rd Mi. Ese Exit 188/Giffin Road [Gps: 31 Deg 04.896'N, 104 Deg 01.575'W, Elev. 3944 Ft, Acc. = 17 Ft]","41496",NA,2013-08-10,"heart, liver, muscle (95% ethanol); whole organism (formalin-fixed, 70% ethanol)",31.0816,-104.02625,"female",NA,NA,NA,NA,NA,"1202.1312-1202.1312"
"40",NA,"http://creativecommons.org/licenses/by/3.0/","UTEP:Herp:21088","Aspidoscelis inornata",NA,"Carl S. Lieb","Teiidae","preparator number=CSL 9607; secondary identifier=XHP.2014.4.103","Carl S. Lieb, David M. Lieb","named place: Hwy 1111/jct hwy 10/Sierra Blanca, georeferencing remarks: GPS measurement accuracy = 14 ft",6.7016376,"United States","Texas","Hudspeth County",NA,"along Ranch to Market Road 1111, ca. 19 miles N of (by road) of junction with Interstate Highway 10 in Sierra Blanca, 0.4 miles N of (by road) junction with Gunsight Road, top of rocky hill","USA, Texas, Hudspeth County, Along Rnrd 1111, Ca. 19 Rd Mi. N Jct With Ihy 10 In Sierra Blanca, 0.4 Rd Mi. N Jct With Gunsight Rd, Top Of Rocky Hill [Gps: 31 Deg 25.447'N, 105 Deg 20.943'W, Elev. 4551 Ft, Acc. = 14Ft]","41865",NA,2014-08-14,"heart, liver, muscle (frozen); whole organism (formalin-fixed, 70% ethanol)",31.42412,-105.34905,"male",NA,NA,NA,NA,NA,"1387.1448-1387.1448"
"41","x","http://creativecommons.org/licenses/by/3.0/","UTEP:Herp:21734","Aspidoscelis inornata",NA,"Carl S. Lieb","Teiidae","collector number=CSL 9909; secondary identifier=XHP.2017.1.57","Carl S. Lieb",NA,10.329,"United States","Texas","Culberson County",NA,"Vicinity of Jct of RNRd 652 and RNRd 1108","Vicinity of Jct of RNRd 652 and RNRd 1108 [GPS: 31 deg 55.935'N, 104 deg 29.992'W, elev. 3825 ft, acc.= 13ft(6.4m)]","42918",2017-07-02,2017-07-02,"whole organism; tissue (ethanol)",31.93225,-104.49987,"male",NA,NA,NA,"Standard UTM coordinates from GPS data conversion are: Zone 13, 547275.2 E, 3533035.3 N",NA,"1165.86-1165.86"
"42","x","http://creativecommons.org/licenses/by/3.0/","UTEP:Herp:21089","Aspidoscelis inornata",NA,"Carl S. Lieb","Teiidae","preparator number=CSL 9608; secondary identifier=XHP.2014.4.104","Carl S. Lieb, David M. Lieb","named place: Hwy 1111/jct hwy 10/Sierra Blanca, georeferencing remarks: GPS measurement accuracy = 11 ft",5.7872376,"United States","Texas","Hudspeth County",NA,"along Ranch to Market Road 1111, ca. 19 miles N of (by road) of junction with Interstate Highway 10 in Sierra Blanca, 0.4 miles N of (by road) junction with Gunsight Road, top of rocky hill","USA, Texas, Hudspeth County, Along Rnrd 1111, Ca. 19 Rd Mi. N Jct With Ihy 10 In Sierra Blanca, 0.4 Rd Mi. N Jct With Gunsight Rd, Top Of Rocky Hill [Gps: 31 Deg 25.401'N, 105 Deg 20.966'W, Elev. 4538 Ft, Acc. = 11Ft]","41865",NA,2014-08-14,"heart, liver, muscle (frozen); whole organism (formalin-fixed, 70% ethanol)",31.42335,-105.34943,"female",NA,NA,NA,NA,NA,"1383.1824-1383.1824"
"43","X","http://creativecommons.org/licenses/by/3.0/","UTEP:Herp:19479","Aspidoscelis inornata",NA,"Ralph W. Axtell","Teiidae","secondary identifier=XHP.2006.1.5","Ralph W. Axtell, Robert G. Webb","named place: Miller Ranch/Kimble House, georeferencing remarks: GPS accuracy not recorded; 10 m assumed for error calculation",14.054,"United States","Texas","Jeff Davis County",NA,"Miller Ranch, NW ""Kimble House""","USA, Texas, Jeff Davis County, Miller Ranch, Nw ""Kimble House"" [Gps: 30 Deg 36'14.1""N, 104 Deg 39'55.8""W, Elev. 4345 Ft]","38870",NA,2006-06-02,"whole organism (ethanol-fixed)",31.60392,-104.6655,NA,NA,NA,NA,NA,NA,"1324.356-1324.356"
"44",NA,"http://creativecommons.org/licenses/by/3.0/","UTEP:Herp:19480","Aspidoscelis inornata",NA,"Ralph W. Axtell","Teiidae","secondary identifier=XHP.2006.1.6","Ralph W. Axtell, Robert G. Webb","named place: Miller Ranch/Kimble House, georeferencing remarks: GPS accuracy not recorded; 10 m assumed for error calculation",14.054,"United States","Texas","Jeff Davis County",NA,"Miller Ranch, NW ""Kimble House""","USA, Texas, Jeff Davis County, Miller Ranch, Nw ""Kimble House"" [Gps: 30 Deg 36'14.1""N, 104 Deg 39'55.8""W, Elev. 4345 Ft]","38870",NA,2006-06-02,"whole organism (ethanol-fixed)",31.60392,-104.6655,NA,NA,NA,NA,NA,NA,"1324.356-1324.356"
"45","x","http://creativecommons.org/licenses/by/3.0/","UTEP:Herp:18862","Aspidoscelis inornata",NA,"Carl S. Lieb","Teiidae","collector number=CSL 8711; secondary identifier=XHP.2003.6.52","Carl S. Lieb","named place: Hwy 90/jct Hwy 2017, georeferencing remarks: GPS measurement accuracy not recorded; 33 ft assumed for error calculations",12.499848,"United States","Texas","Jeff Davis County",NA,"picnic area along United States Highway 90, 0.6 miles SE of (by road) junction with Farm to Market Road 2017","USA, Texas, Jeff Davis County, Picnic Area Along Ushy 90, 0.6 Rd Mi. Se Jct With Fmrd 2017 (30 Deg 44.672'N, 104 Deg 41.858'W) Ca. 4040 Ft","37834",NA,2003-08-01,"heart, liver, muscle (95% ethanol); whole organism (formalin-fixed, 70% ethanol)",30.74453,-104.69763,"female",NA,NA,NA,NA,NA,"1231.392-1231.392"
"46",NA,"http://creativecommons.org/licenses/by/3.0/","UTEP:Herp:18537","Aspidoscelis neomexicana",NA,"Dominic I. Lannutti","Teiidae","collector number=DIL 424; secondary identifier=XHP.2000.6.22","Dominic I. Lannutti, unknown","mountains/drainage: Jarilla Mts, named place: Orogrande, extent: 1400m, georeferencing remarks: Moved 2.5mi N of Orogrande.ppl GNIS.",3908.334,"United States","New Mexico","Otero County",NA,"ca. 2.5 miles N (by road) of Orogrande","USA, New Mexico, Otero County, Ca. 2.5 Rd Mi. N Orogrande","0000/00/00",NA,2011-01-13,"whole organism (formalin-fixed, 70% ethanol); muscle (frozen); liver (frozen)",32.407269,-106.084322,NA,NA,"and others",NA,NA,"found at 0900 hrs",NA
"47",NA,"http://creativecommons.org/licenses/by/3.0/","UTEP:Herp:19998","Aspidoscelis neomexicana",NA,"Carl S. Lieb","Teiidae","preparator number=CSL 9159; secondary identifier=XHP.2010.2.3; trap number=1-2C","Kevin W. Floyd","named place: Floyd Study Site No. 1, georeferencing remarks: GPS measument accuracy estimated at 0.5 m",1.955,"United States","New Mexico","Dona Ana County",NA,"vicinity of Corralitos Road at junction with Interstate Highway 10 Frontage Road, Kevin Floyd Study Site No. 1, Pitfall Trap 1-2C","USA, New Mexico, Dona Ana County, Vic. Corralitos Rd At Jct With Ihy 10 Frontage Road, Kevin Floyd Study Site No. 1, Pitfall Trap 1-2C [Gps: 32.26659663 Deg N, 106.9863724 Deg W)","40002",NA,2009-07-08,"whole organism (formalin-fixed, 70% ethanol); toe; heart, liver, muscle",32.26659663,-106.9863724,NA,NA,NA,NA,NA,NA,NA
"48",NA,"http://creativecommons.org/licenses/by/3.0/","UTEP:Herp:21677","Aspidoscelis neomexicana",NA,"Carl S. Lieb","Teiidae","collector number=CSL 9911; secondary identifier=XHP.2017.1.34","Carl S. Lieb",NA,5.428,"United States","New Mexico","Dona Ana County",NA,"W of Anthony Gap, S of StHwy 404, 1.9 rd mi. (by Hwy 404) E jct with Ihwy 10, then 0.15rd mi. S on gravel road","West of Anthony Gap, south of StHwy 404, 1.9 rd mi. (by Hwy 404) E Jct w/ Ihwy 10, then 0.15 rd mi. S on gravel rd [GPS: 32 deg 00.720'N, 106 deg 33.424'W, elev. 4074 ft, acc.= 10ft(3.0m)]","42924",2017-07-08,2017-07-08,"whole organism; tissue (frozen)",32.012,-106.55707,"female",NA,NA,NA,"Standard UTM coordinates from GPS data conversion are: Zone 13, 352937.9 E, 3542825.2 N",NA,"1241.7552-1241.7552"
"49","x","http://creativecommons.org/licenses/by/3.0/","UTEP:Herp:19076","Aspidoscelis neomexicana",NA,"Carl S. Lieb","Teiidae","original identifier=US-5; preparator number=CSL 8805; secondary identifier=XHP.2005.2.6","Carl S. Lieb, unknown","named place: El Paso/UTEP campus",7.9168752,"United States","Texas","El Paso County",NA,"El Paso, University of Texas at El Paso Campus, Charlie Davis Park near recreation center","USA, Texas, El Paso County, El Paso, Utep Campus, Charlie Davis Park Near Recreation Center (Gps: 31 Deg 46.958'N, 106 Deg 30.652'W, Elev. 3941 Ft, Acc= 18Ft)","38256",NA,2004-09-26,"whole organism (formalin-fixed, 70% ethanol); toe (frozen); tail (frozen); liver (frozen)",31.78263,-106.51087,NA,NA,"Sherrill, U",NA,NA,NA,"1201.2168-1201.2168"
"50",NA,"http://creativecommons.org/licenses/by/3.0/","UTEP:Herp:20737","Aspidoscelis neomexicana",NA,"Carl S. Lieb","Teiidae","original identifier=LM-60; preparator number=CSL 9480; secondary identifier=XHP.2013.1.58","Carl S. Lieb, David M. Lieb","mountains/drainage: Hueco Mts, named place: Hueco Mts/Hueco Gasline Cutoff Rd/Martin Canyon, georeferencing remarks: GPS measurement accuracy = 13 ft",6.3928752,"United States","Texas","El Paso County",NA,"off Hueco Gasline Cutoff Road (= 'Fabens Cutoff Road'), 3.6 miles SE of (by road) junction with United States Highway 62-180, then ca. 0.4 miles NE of (by air) to E-facing slope at tributary to Martin Canyon","USA, Texas, El Paso County, Off Hueco Gasline Cutoff Rd (=Fabens Cutoff Rd), 3.6 Rd Mi. Se Jct With Ushy 62-180, Then Ca. 0.4 Air Mi. Ne To E-Facing Slope At Tributary To Martin Canyon [Gps: 31 Deg 47.616'N, 106 Deg 02.320'W, Elev. 4389 Ft, Acc. = 13 Ft]","41481",NA,2013-07-26,"whole organism (formalin-fixed, 70% ethanol); blood (95% ethanol); heart, liver, muscle (frozen); blood (slide smear)",31.7936,-106.03867,NA,NA,NA,NA,NA,NA,"1338.6816-1338.6816"
"51","x","http://creativecommons.org/licenses/by/3.0/","UTEP:Herp:19949","Aspidoscelis sexlineata",NA,"Carl S. Lieb","Teiidae","preparator number=CSL 9123; secondary identifier=XHP.2009.1.84","Carl S. Lieb, Val J. Roessling","named place: Geneva State Forest Rd TR 11/Tung Oil Rd extension",10.3732584,"United States","Alabama","Geneva County","in open area","Geneva State Forest Wildlife Management Area, along Road Tr 11, 0.1 miles N of (by road) junction with eastern extension of Tung Oil Road","USA, Alabama, Geneva County, Geneva State Forest Wildlife Mgm'T Area, Along Rd Tr11, 0.1 Rd Mi. N Jct With Eastern Extension Of Tung Oil Rd (T2N, R19E, Sw 1/4 Sec.31) [Gps: 31 Deg 05.481'N, 86 Deg 11.062'W, Elev. 210 Ft, Acc.=26Ft]","39970",NA,2009-06-06,"heart, liver (95% ethanol); whole organism (formalin-fixed, 70% ethanol)",31.09135,-86.18937,"female",NA,NA,NA,"T2N, R19E, SW 1/4 Sec.31",NA,"64.008-64.008"
"52",NA,"http://creativecommons.org/licenses/by/3.0/","UTEP:Herp:19951","Aspidoscelis sexlineata",NA,"Carl S. Lieb","Teiidae","preparator number=CSL 9125; secondary identifier=XHP.2009.1.86","Carl S. Lieb, Val J. Roessling","named place: Geneva State Forest WMA/Rd TR11/jct Tung Oil Rd extension, georeferencing remarks: GPS measurement accuracy = 18 ft",5.4857904,"United States","Alabama","Geneva County",NA,"Geneva State Forest Wildlife Management Area, along Road Tr 11, 0.1 miles N of (by road) junction with eastern extension of Tung Oil Road","USA, Alabama, Geneva County, Geneva State Forest Wildlife Mgm'T Area, Along Rd Tr11, Ca. 0.3 Rd Mi. N Jct With Eastern Extension Of Tung Oil Rd (T2N, R19E, Se 1/4 Sec.31) [Gps: 31 Deg 05.706'N, 86 Deg 10.894'W, Elev. 246 Ft, Acc.=18Ft]","39970",NA,2009-06-06,"heart, liver (95% ethanol); whole organism (formalin-fixed, 70% ethanol)",31.0951,-86.18157,"male",NA,NA,NA,"T2N, R19E, SE 1/4 Sec.31",NA,"74.9808-74.9808"
"53","x","http://creativecommons.org/licenses/by/3.0/","UTEP:Herp:20927","Aspidoscelis sexlineata",NA,"Carl S. Lieb","Teiidae","original identifier=LM-78; preparator number=CSL 9581; secondary identifier=XHP.2014.4.10","Carl S. Lieb, Val J. Roessling","named place: Jim Kress WMA/Litaker Ridge Rd/jct Dry Mtn Rd, georeferencing remarks: GPS measurement accuracy = 18 ft",7.8748128,"United States","Arkansas","Cleburne County",NA,"Jim Kress State Wildlife Management Area, ca. 0.75 miles on Litaker Ridge Road from junction with Dry Mountain Road","USA, Arkansas, Cleburne County, Jim Kress State Wildlife Management Area, Ca. 3/4 Mi. On Litaker Ridge Rd From Jct With Dry Mountain Road (T10N, R8W, N-Center Sec.6) [Gps: 35 Deg 32.114' N, 91 Deg 53.553'W, Elev. 432 Ft, Acc. = 18Ft]","41783",NA,2014-05-24,"whole organism (formalin-fixed, 70% ethanol); heart, liver, muscle (frozen); blood (slide smear)",35.53523,-91.89255,"male",NA,NA,NA,"T10N, R8W, N-Center Sec.6",NA,"131.6736-131.6736"
"54",NA,"http://creativecommons.org/licenses/by/3.0/","UTEP:Herp:20928","Aspidoscelis sexlineata",NA,"Carl S. Lieb","Teiidae","preparator number=CSL 9568; secondary identifier=XHP.2014.4.11","Carl S. Lieb, Val J. Roessling","named place: Jim Kress WMA/Trestle Hole, georeferencing remarks: GPS measurement accuracy = 16 ft",7.264908,"United States","Arkansas","Cleburne County",NA,"Jim Kress State Wildlife Management Area, vicinity of Trestle Hole","USA, Arkansas, Cleburne County, Jim Kress State Wildlife Management Area; Vic. Trestle Hole (T11N, R8W, Se 1/4 Sec.27) [Gps: 35 Deg 33.240'N, 91 Deg 50.068'W, Elev. 503 Ft, Acc. = 16Ft]","41782",NA,2014-05-23,"heart, liver, muscle (95% ethanol); whole organism (formalin-fixed, 70% ethanol)",35.554,-91.83447,"female",NA,NA,NA,"T11N, R8W, SE 1/4 Sec.27",NA,"153.3144-153.3144"
"55",NA,"http://creativecommons.org/licenses/by/3.0/","UTEP:Herp:18475","Aspidoscelis sexlineata",NA,"Carl S. Lieb","Teiidae","preparator number=CSL 8541; secondary identifier=XHP.2000.1.13","Carl S. Lieb, Mike K. Ross","named place: Suwanee River/Hwy 6 crossing, extent: 0.02km, georeferencing remarks: georef at or very near collection point",57,"United States","Florida","Hamilton County",NA,"Suwannee River at State Highway 6","USA, Florida, Hamilton County, Suwannee River At Sthy 6 (T1N, R16E, Sw 1/4 Ne 1/4 Sec.9) Ca. 80 Ft","36665",NA,2000-05-19,"heart, liver, muscle (frozen); whole organism (formalin-fixed, 70% ethanol)",30.50759,-82.75651,"female",NA,NA,NA,"T1N, R16E, Sw 1/4 Ne 1/4 Sec.9",NA,"24.384-24.384"
"56","x","http://creativecommons.org/licenses/by/3.0/","UTEP:Herp:19952","Aspidoscelis sexlineata",NA,"Carl S. Lieb","Teiidae","preparator number=CSL 9090; secondary identifier=XHP.2009.1.87","Carl S. Lieb, Val J. Roessling","named place: Mason Creek Wdlfe Area/FR 256/jct CoRd 227, georeferencing remarks: GPS measurement accuracy = 37 ft",13.7126472,"United States","Mississippi","Green County","near active tortoise burrow","Mason Creek Wildlife Area, off small forest road going W of Forest Road 256, 1.2 miles S of (by road) junction with County Road 227","USA, Mississippi, Green County, Mason Creek Wildlife Area, Off Small Forest Rd Going West Of Forest Rd 256, 1.2 Rd Mi. S Jct With County Rd 227 (T4N, R7W, Se 1/4 Sec.34) [Gps: 31 Deg 21.151'N, 88 Deg 40.407'W, Elev. 175 Ft, Acc.=37Ft]","39966",NA,2009-06-02,"heart, liver (95% ethanol); whole organism (formalin-fixed, 70% ethanol)",31.35252,-88.67345,"female",NA,NA,NA,"T4N, R7W, SE 1/4 Sec.34",NA,"53.34-53.34"
"57",NA,"http://creativecommons.org/licenses/by/3.0/","UTEP:Herp:21669","Aspidoscelis sexlineata",NA,"Carl S. Lieb","Teiidae","preparator number=CSL 9896; secondary identifier=XHP.2017.1.11","Carl S. Lieb, Val J. Roessling",NA,12.387,"United States","Oklahoma","Roger Mills County",NA,"ca. 3.5 km (air) WSW Rankin, vic. old Purcell Ranch HQ & homestead","ca. 5.8 air km SW Reydon, ca. 3.5 km (air) WSW Rankin, vic. old Purcell Ranch HQ and homestead [GPS: 35 deg 36.858'N, 99 deg 57.707'W]","42878",2017-05-23,2017-05-23,"whole organism; tissue (frozen)",35.6143,-99.96178,"male",NA,NA,NA,"Standard UTM coordinates from GPS data conversion are: Zone 14, 412895.3 E, 3941595.8 N",NA,"735.4824-735.4824"
"58",NA,"http://creativecommons.org/licenses/by/3.0/","UTEP:Herp:21668","Aspidoscelis sexlineata",NA,"Carl S. Lieb","Teiidae","preparator number=CSL 9894; secondary identifier=XHP.2017.1.10","Carl S. Lieb, Val J. Roessling",NA,6.657,"United States","Oklahoma","Roger Mills County",NA,"ca. 3.5 km (air) WSW Rankin, vic. old Purcell Ranch HQ & homestead","ca. 5.8 air km SW Reydon, ca. 3.5 km (air) WSW Rankin, vic. old Purcell Ranch HQ and homestead [GPS: 35 deg 36.858'N, 99 deg 57.709'W, elev. 2402 ft, acc. = 14ft(4.3m)]","42878",2017-05-23,2017-05-23,"whole organism; tissue (frozen)",35.6143,-99.96187,"female",NA,NA,NA,"Standard UTM coordinates from GPS data conversion are: Zone 14, 412892.3 E, 3941595.8 N",NA,"732.1296-732.1296"
"59","x","http://creativecommons.org/licenses/by/3.0/","UTEP:Herp:21736","Aspidoscelis sexlineata",NA,"Carl S. Lieb","Teiidae","preparator number=CSL 9890; secondary identifier=XHP.2017.1.59","Carl S. Lieb, Val J. Roessling",NA,5.739,"United States","Texas","Wheeler County",NA,"ca. 1/3 km (air) E Mobeetie, old Ruth Hogan Ranch","ca. 1/3 km (air) E Mobeetie, old Ruth Hogan Ranch, vic. Ranch House [GPS: 35 deg 30.641'N, 100 deg 25.351'W, elev. 2608 ft, acc.= 11ft(3.4m)]","42877",2017-05-22,2017-05-22,"whole organism; tissue (frozen)",35.51068,-100.42252,NA,NA,NA,NA,"Standard UTM coordinates from GPS data conversion are: Zone 14, 371000.3 E, 3930608.5 N",NA,"794.9184-794.9184"
"60","x","http://creativecommons.org/licenses/by/3.0/","UTEP:Herp:10600","Aspidoscelis sexlineata",NA,"Robert G. Webb","Teiidae","secondary identifier=XHP.1985.9.5","Robert G. Webb, Ralph W. Axtell","named place: Hwy 95/jct Hwy 21, extent: 0.07mi, georeferencing remarks: offset by rd on Hwy 95 from jct with Hwy 71",310.603392,"United States","Texas","Bastrop County",NA,"13.5 miles N (by road on State Highway 95) of junction with State Highway 71 (in Bastrop)","USA, Texas, Bastrop County, 13.5 Mi. (By Sthy 95) N Jct With Sthy 71 (In Bastrop)","31233",NA,1985-07-05,"whole organism (formalin-fixed, 70% ethanol); media; tissue",30.2947,-97.34331,NA,NA,NA,"publication no. 16: distribution of species  in Texas, map",NA,NA,NA
"61",NA,"http://creativecommons.org/licenses/by/3.0/","UTEP:Herp:18926","Aspidoscelis tesselata",NA,"Carl S. Lieb","Teiidae","collector number=CSL 8739; secondary identifier=XHP.2004.2.13","Carl S. Lieb","named place: CR G-5/jct Hwy 506, georeferencing remarks: GPS accuracy not recorded; 10 m assumed for error calculation",12.4855224,"United States","New Mexico","Otero County",NA,"along County Road G-5, 3.5 miles N of (by road) junction with State Highway 506","USA, New Mexico, Otero County, Along County Rd G-5, 3.5 Rd Mi. N Jct With Sthy 506 (T25S, R18E, Se 1/4 Sw 1/4 Sec.34) Gps: 32 Deg 04.827'N, 105 Deg 05.545'W, 3690 Ft","38122",NA,2004-05-15,"heart, liver, muscle (frozen); whole organism (formalin-fixed, 70% ethanol)",32.08045,-105.09242,NA,NA,NA,NA,"T25S, R18E, SE 1/4 SW 1/4 Sec.34",NA,"1124.712-1124.712"
"62",NA,"http://creativecommons.org/licenses/by/3.0/","UTEP:Herp:21506","Aspidoscelis tesselata",NA,"Carl S. Lieb","Teiidae","collector number=CSL 9854; preparator number=CSL 9854; secondary identifier=XHP.2016.3.41","Carl S. Lieb, Nathan Arent","Former verification status: verified by curator.",6.387,"United States","New Mexico","Otero County",NA,"along State Highway 506, 4.0 road miles N junction with County Road G005","Along StHwy 506, 4.0 rd mi. N jct with County RD G005 (T25S, R18E, Sec. 34) [GPS: 32 deg 05.390'N, 105 deg 05.629'W, elev. 3077 ft, acc. = 13ft(4.0m)]","42616",2016-09-03,2016-09-03,"tissue (frozen); whole organism (formalin-fixed, 70% ethanol)",32.08983,-105.09382,NA,NA,NA,NA,"Standard UTM coordinates from GPS data conversion are: Zone 13, 491147.1 E, 3550396.9 N",NA,"937.8696-937.8696"
"63",NA,"http://creativecommons.org/licenses/by/3.0/","UTEP:Herp:21086","Aspidoscelis tesselata",NA,"Carl S. Lieb","Teiidae","preparator number=CSL 9610; secondary identifier=XHP.2014.4.101","Carl S. Lieb, David M. Lieb","named place: Hwy 1111/jctHwy 10/Sierra Blanca, georeferencing remarks: GPS measurement accuracy = 15 ft",7.0079616,"United States","Texas","Hudspeth County",NA,"along Ranch to Market Road 1111, 8.3 miles N of (by road) junction with Interstate Highway 10 in Sierra Blanca, 4.9 miles N of (by road) junction Big Tank Road","USA, Texas, Hudspeth County, Along Rnrd 1111, 8.3 Rd Mi. N Jct With Ihy 10 In Sierra Blanca, 4.9 Rd Mi. N Jct Big Tank Rd [Gps: 31 Deg 16.688'N, 105 Deg 20.371'W, Elev. 4713 Ft, Acc. = 15Ft]","41865",NA,2014-08-14,"whole organism (formalin-fixed, 70% ethanol); blood (95% ethanol); heart, liver, muscle (frozen)",31.27813,-105.33952,NA,NA,NA,NA,NA,NA,"1436.5224-1436.5224"
"64",NA,"http://creativecommons.org/licenses/by/3.0/","UTEP:Herp:21087","Aspidoscelis tesselata",NA,"Carl S. Lieb","Teiidae","preparator number=CSL 9609; secondary identifier=XHP.2014.4.102","Carl S. Lieb, David M. Lieb","named place: Hwy 1111/jct hwy 10/Sierra Blanca, georeferencing remarks: GPS measurement accuracy = 15 ft",7.0064376,"United States","Texas","Hudspeth County",NA,"along Ranch to Market Road 1111, ca. 19 miles N of (by road) of junction with Interstate Highway 10 in Sierra Blanca, 0.4 miles N of (by road) junction with Gunsight Road, top of rocky hill","USA, Texas, Hudspeth County, Along Rnrd 1111, Ca. 19 Rd Mi. N Jct With Ihy 10 In Sierra Blanca, 0.4 Rd Mi. N Jct With Gunsight Rd, Top Of Rocky Hill [Gps: 31 Deg 25.465'N, 105 Deg 20.968'W, Elev. 4526 Ft, Acc. = 15 Ft]","41865",NA,2014-08-14,"whole organism (formalin-fixed, 70% ethanol); blood (95% ethanol); heart, liver, muscle (frozen)",31.42442,-105.34947,NA,NA,NA,NA,NA,NA,"1379.5248-1379.5248"
"65",NA,"http://creativecommons.org/licenses/by/3.0/","UTEP:Herp:18972","Aspidoscelis tesselata",NA,"Carl S. Lieb","Teiidae","collector number=CSL 8785; secondary identifier=XHP.2004.2.55","Carl S. Lieb, unknown","mountains/drainage: Indio Mts, named place: IMRS/East Gate",6.0987432,"United States","Texas","Hudspeth County",NA,"Indio Mountains Research Station, at gate","USA, Texas, Hudspeth County, Indio Mts Research Station, At East Gate [Gps: 30 Deg 47.128'N, 104 Deg 58.763'W, 4374 Ft Elev., Acc. =12Ft]","38158",NA,2004-06-20,"whole organism (formalin-fixed, 70% ethanol); blood (frozen); heart, liver, muscle (frozen)",30.78547,-104.97938,NA,NA,"and others",NA,NA,NA,"1333.1952-1333.1952"
"66",NA,"http://creativecommons.org/licenses/by/3.0/","UTEP:Herp:20733","Aspidoscelis tesselata",NA,"Carl S. Lieb","Teiidae","collector number=CSL 9449; original identifier=LM-31; secondary identifier=XHP.2013.1.54","Carl S. Lieb, unknown","mountains/drainage: Guadalupe Mts, named place: Guadalupe Mts/Hwy 62-180/jct Hwy 54/Picnic Area, georeferencing remarks: GPS measurement accuracy = 13 ft",6.3919608,"United States","Texas","Culberson County",NA,"picnic area along United States Highway 62-180, 4.6-7.4 miles N of (by road) junction with State Highway 54, Area on E side of Highway","USA, Texas, Culberson County, Picnic Area Along Ushwy 62-180, 4.6-7.4 Rd Mi. N Jct With Sthwy 54, Area On East Side Of Highway [Gps: 31 Deg 51.254'N, 104 Deg 50.630'W, Elev. = 4934 Ft, Acc. = 13 Ft]","41454",NA,2013-06-29,"whole organism (formalin-fixed, 70% ethanol); blood (slide smear); heart, liver, muscle",31.85423,-104.84383,NA,NA,"and others",NA,NA,NA,"1503.8832-1503.8832"
"67",NA,"http://creativecommons.org/licenses/by/3.0/","UTEP:Herp:14753","Aspidoscelis tesselata",NA,"Carl S. Lieb","Teiidae","preparator number=CSL 8034; secondary identifier=XHP.1992.5.59","Carl S. Lieb, Louis N. Irwin","mountains/drainage: Indio Mts, named place: IMRS/East Well, extent: 0.05mi, locality remarks: ""East Well"" is an informal placename used internally by IMRS",117.482112,"United States","Texas","Hudspeth County",NA,"Indio Mountains Research Station, E well","USA, Texas, Hudspeth County, Indio Mts Research Station, East Well (30 Deg 46'05""N, 104 Deg 57'10""W) 4075 Ft","33843",NA,1992-08-27,"brain (frozen); whole organism (formalin-fixed, 70% ethanol)",30.768,-104.95347,NA,NA,NA,NA,NA,NA,"1242.06-1242.06"
"68",NA,"http://creativecommons.org/licenses/by/3.0/","UTEP:Herp:20694","Aspidoscelis tesselata",NA,"Carl S. Lieb","Teiidae","collector number=CSL 9434; secondary identifier=XHP.2013.1.15","Carl S. Lieb, unknown","named place: Indio Mts/IMRS/Bailey Evans Canyon, locality remarks: Bailey Evans Canyon is an IMRS internal designation/placename",10.6707432,"United States","Texas","Hudspeth County",NA,"Indio Mountains Research Station, Bailey Evans Canyon","USA, Texas, Hudspeth County, Indio Mountains Research Station, Bailey Evans Canyon [Gps: 30 Deg 46.698'N, 105 Deg 00.872'W, Elev. 4008 Ft, Acc. = 27 Ft]","41429",NA,2013-06-04,"heart, liver, muscle (frozen); whole organism (formalin-fixed, 70% ethanol)",30.7783,-105.10453,"female",NA,"and others; and others",NA,NA,NA,"1221.6384-1221.6384"
"69",NA,"http://creativecommons.org/licenses/by/3.0/","UTEP:Herp:20758","Aspidoscelis tesselata",NA,"Carl S. Lieb","Teiidae","collector number=CSL 9500; secondary identifier=XHP.2013.1.76","Carl S. Lieb","named place: Scenic View Parking Area/Hwy 10/Hudspeth County line, georeferencing remarks: GPS measurement accuracy = 14 ft",6.7056,"United States","Texas","Culberson County",NA,"in 'Scenic View' Parking Area Long, N side of Interstate Highway 10, 0.7 miles E of (by road) Hudspeth County Line","USA, Texas, Culberson County, In 'Scenic View' Parking Area Long North Side Of Ihwy 10, 0.7 Rd Mi. E Hudspeth County Line [Gps: 31 Deg 02.330'N, 104 Deg 53.818'W, Elev. 4317 Ft, Acc. = 14 Ft]","41497",NA,2013-08-11,"whole organism (formalin-fixed, 70% ethanol); blood (95% ethanol); heart, liver, muscle (frozen)",31.03883,-104.89697,NA,NA,NA,NA,NA,NA,"1315.8216-1315.8216"
"70",NA,"http://creativecommons.org/licenses/by/3.0/","UTEP:Herp:20759","Aspidoscelis tesselata",NA,"Carl S. Lieb","Teiidae","collector number=CSL 9497; secondary identifier=XHP.2013.1.77","Carl S. Lieb","named place: Hwy 54/jct Hwy 10 Business/Van Horn, georeferencing remarks: GPS measurement accuracy = 11 ft",5.7893712,"United States","Texas","Culberson County",NA,"along State Highway 54, 13.7 miles N of (by road) junction with Interstate Highway 10 Business (Broadway Street) in Van Horn","USA, Texas, Culberson County, Along Sthwy 54, 13.7 Rd Mi. N Jct With Ihwy 10 Business (Broadway Street) In Van Horn [Gps: 31 Deg 12.837'N, 104 Deg 51.066'W, Elev. 4278 Ft, Acc. - 11 Ft]","41497",NA,2013-08-11,"whole organism (formalin-fixed, 70% ethanol); blood (95% ethanol); heart, liver, muscle (frozen)",31.21395,-104.8511,NA,NA,NA,NA,NA,NA,"1303.9344-1303.9344"
"71",NA,"http://creativecommons.org/licenses/by/3.0/","UTEP:Herp:12050","Aspidoscelis tigris",NA,"Carl S. Lieb","Teiidae","collector number=CSL 7682; secondary identifier=XHP.1988.3.89","Carl S. Lieb, unknown","named place: Burro Creek BLM Campground, extent: 0.5km, georeferencing remarks: georef at approx center of large camping area",536,"United States","Arizona","Mohave County",NA,"vicinity of Burro Creek Bureau of Land Management Campground","USA, Arizona, Mohave County, Vic. Burro Creek Blm Campground (T14N, R11W, Sec.19) Ca. 600 M","32352",NA,1988-07-28,"media; whole organism (ethanol-fixed)",34.53776,-113.44938,NA,NA,"and others",NA,"T14N, R11W, Sec.19",NA,"600-600"
"72",NA,"http://creativecommons.org/licenses/by/3.0/","UTEP:Herp:19840","Aspidoscelis tigris",NA,"Carl S. Lieb","Teiidae","collector number=CSL 9020; secondary identifier=XHP.2008.2.33","Carl S. Lieb","named place: Oatman Rd/CR 1",7.8833472,"United States","Arizona","Mohave County",NA,"along Oatman Road (Old Highway 66), 1.9 miles N of (by road) junction with County Road 1 in Golden Shores","USA, Arizona, Mohave County, Along Oatman Rd (Old Hwy 66), 1.9 Rd Mi. N Jct With County Rd 1 In Golden Shores [Gps: 34 Deg 47.886'N, 114 Deg 28.399'W, Elev. 606 Ft, Acc. = 18 Ft]","39704",NA,2008-09-13,"whole organism (ethanol-fixed)",34.7981,-114.47332,NA,NA,NA,NA,NA,NA,"184.7088-184.7088"
"73",NA,"http://creativecommons.org/licenses/by/3.0/","UTEP:Herp:19839","Aspidoscelis tigris",NA,"Carl S. Lieb","Teiidae","collector number=CSL 9022; secondary identifier=XHP.2008.2.32","Carl S. Lieb","named place: Oatman Rd/CR 1",6.3593472,"United States","Arizona","Mohave County",NA,"along Oatman Road (Old Highway 66), 1.9 miles N of (by road) junction with County Road 1 in Golden Shores","USA, Arizona, Mohave County, Along Oatman Rd (Old Hwy 66), 1.9 Rd Mi. N Jct With County Rd 1 In Golden Shores [Gps: 34 Deg 47.915'N, 114 Deg 28.253'W, Elev. 641 Ft, Acc. = 13 Ft]","39704",NA,2008-09-13,"whole organism (formalin-fixed, 70% ethanol); toe; heart, liver",34.79858,-114.47088,"male",NA,NA,NA,NA,NA,"195.3768-195.3768"
"74",NA,"http://creativecommons.org/licenses/by/3.0/","UTEP:Herp:18998","Aspidoscelis tigris",NA,"Jennifer D. Jurado","Teiidae","collector number=JDJ 10; secondary identifier=XHP.2004.6.9","Jennifer D. Jurado","named place: Bartlett Reservoir",11.5522248,"United States","Arizona","Maricopa County",NA,"S of Bartlett Reservoir, Riverside Campground","USA, Arizona, Maricopa County, South Of Bartlett Reservoir, Riverside Campground (Gps: 33 Deg 48.658'N, 111 Deg 32.651'W, Elev. 1605 Ft, Acc = 30Ft)","38183",NA,2004-07-15,"heart, liver, muscle (frozen); whole organism (formalin-fixed, 70% ethanol)",33.81097,-111.64418,"male",NA,NA,NA,NA,NA,"489.204-489.204"
"75",NA,"http://creativecommons.org/licenses/by/3.0/","UTEP:Herp:16990","Aspidoscelis tigris",NA,"Carl S. Lieb","Teiidae","preparator number=CSL 8381; secondary identifier=XHP.1997.1.15","Jose V. Maldonado, Carl S. Lieb","named place: Morena Butte, extent: 0.75mi, georeferencing remarks: Assumed on Morena Butte, coordinates obtained using TOPO!",1219.882752,"United States","California","San Diego County",NA,"on hills just S of Lake Morena County Park","USA, California, San Diego County, On Hills Just South Of Lake Morena County Park (T17S, R4E3, Sec.24) Ca. 1000 M","35510",NA,1997-03-21,"heart, liver, muscle (frozen); whole organism (formalin-fixed, 70% ethanol)",32.67626,-116.54443,"male",NA,NA,NA,"T17S, R4E3, Sec.24",NA,"1000-1000"
"76",NA,"http://creativecommons.org/licenses/by/3.0/","UTEP:Herp:20915","Aspidoscelis tigris",NA,"Kevin W. Floyd","Teiidae","preparator number=KWF 1689; secondary identifier=XHP.2014.2.100; trap number=8-1B",NA,"named place: Floyd Lizard Demography Control Site 3/Trap CN3-3D, georeferencing remarks: GPS measurement accuracy reported by KWF to be less that 0.5m; 0.5m used for error calculation",1.958,"United States","New Mexico","Dona Ana County",NA,"ca. 3.3 kilometers E (by air) of Noria Ruins, Kevin Floyd Lizard Demography Site 8, N of County Road A003 (=Santa Teresa-Columbus Road), in Pitfall Trap 8-1B","USA, New Mexico, Dona Ana County, Ca. 3.4 Km (Air) Ene Noria Ruins, Floyd Lizard Demography Control Site Three, In Pitfall Trap Cn3-3D (T29S, R1E, Ne 1/4 Of Nw 1/4 Sec.3) [Gps: 31.81801465 Deg N, 106.8292913 Deg W]","40346",NA,2010-06-17,"whole organism (formalin-fixed, 70% ethanol); heart, liver, muscle (frozen); toe (95% ethanol)",31.81801465,-106.8292913,"male",NA,NA,"found dead in trap with larger aspidoscelis tigris","T29S, R1E, Ne 1/4 of Nw 1/4 Sec.3",NA,NA
"77",NA,"http://creativecommons.org/licenses/by/3.0/","UTEP:Herp:20897","Aspidoscelis tigris",NA,"Kevin W. Floyd","Teiidae","preparator number=KWF 3107; secondary identifier=XHP.2014.2.82; trap number=Cn21D",NA,"named place: Floyd Lizard Demography Control Site 2/Trap CN2-1D, georeferencing remarks: GPS measurement accuracy reported by KWF to be less that 0.5m; 0.5m used for error calculation",1.955,"United States","New Mexico","Dona Ana County",NA,"ca. 0.4 kilometers S (by air) of Interstate Highway 10 Deming Border Patrol Check Station, Kevin Floyd Lizard Demography Study Control Site Two,, in Pitfall Trap Cn21D","USA, New Mexico, Dona Ana County, Ca. 0.4 Km (Air) S Of Ihy10 Deming Border Patrol Check Station, Kevin Floyd Lizard Demography Study Control Site Two, In Pitfall Trap Cn21D (T24S, R3W, Se 1/4 Sec.2) [Gps: 32.23918616 Deg N, 107.123642 Deg W]","40431",NA,2010-09-10,"whole organism (formalin-fixed, 70% ethanol); toe (95% ethanol); heart, liver, muscle (frozen)",32.23918616,-107.123642,"male",NA,NA,"found with Aspidoscelis tigris (UTEP 20896) and dead Uta (UTEP 20816)","T24S, R3W, SE 1/4 Sec.2",NA,NA
"78",NA,"http://creativecommons.org/licenses/by/3.0/","UTEP:Herp:20910","Aspidoscelis tigris",NA,"Kevin W. Floyd","Teiidae","preparator number=KWF 2177; secondary identifier=XHP.2014.2.95; trap number=9-1A",NA,"named place: Floyd Lizard Demography Site 9/Trap 9-1A, georeferencing remarks: GPS measurement accuracy reported by KWF to be less that 0.5m; 0.5m used for error calculation, locality remarks: The portion of the Santa Teresa-Columbus Rd (paved & with new alignment) in Dona Ana County is technically County Rd A003, even though it bears a Santa Teresa Street Sign of ""Hwy 9""; StHwy 9 on this route does not begin at present (2014) until the Luna County line is reached.",1.958,"United States","New Mexico","Dona Ana County",NA,"ca. 4.1 kilometers E (by air) of junction of County Road A003 (=Santa Teresa-Columbus Road) and County Road A008, Kevin Floyd Lizard Demography Site Nine, North of County Road A003, in Pitfall Trap 9-1A","Ca. 4.1 Km (Air) E Jct Of County Rd A003 [Santa Teresa-Columbus Rd] And County Rd A008, Kevin Floyd Lizard Demography Site Nine, North Of Cr A003 In Pitfall Trap 9-1A (T29S, R1E, Sw 1/4 Of Nw 1/4 Sec.7) [Gps: 31.79918089 Deg N, 106.9156917 Deg S]","40358",NA,2010-06-29,"whole organism (formalin-fixed, 70% ethanol); toe (95% ethanol); heart, liver, muscle (95% ethanol)",31.79918089,-106.9156917,"male",NA,NA,"found dead in trap with larger Aspidoscelis tigris","T29S, R1E, SW 1/4 of Nw 1/4 Sec.7",NA,NA
"79",NA,"http://creativecommons.org/licenses/by/3.0/","UTEP:Herp:20914","Aspidoscelis tigris",NA,"Kevin W. Floyd","Teiidae","preparator number=KWF 2853; secondary identifier=XHP.2014.2.99; trap number=8-1B",NA,"named place: Floyd Lizard Demography Control Site 3/Trap CN3-1D, georeferencing remarks: GPS measurement accuracy reported by KWF to be less that 0.5m; 0.5m used for error calculation",1.958,"United States","New Mexico","Dona Ana County",NA,"ca. 3.3 kilometers E (by air) of Noria Ruins, Kevin Floyd Lizard Demography Site 8, N of County Road A003 (=Santa Teresa-Columbus Road), in Pitfall Trap 8-1B","USA, New Mexico, Dona Ana County, Ca. 3.4 Km (Air) Ene Noria Ruins, Floyd Lizard Demography Control Site Three, In Pitfall Trap Cn3-1D (T29S, R1E, Ne 1/4 Of Nw 1/4 Sec.3) [Gps: 31.81854824 Deg N, 106.8295906 Deg W]","40407",NA,2010-08-17,"whole organism (formalin-fixed, 70% ethanol); heart, liver, muscle (frozen); toe (95% ethanol)",31.81854824,-106.8295906,"male",NA,NA,"found dead in trap with large aspidoscelis","T29S, R1E, Ne 1/4 of Nw 1/4 Sec.3",NA,NA
"80",NA,"http://creativecommons.org/licenses/by/3.0/","UTEP:Herp:20542","Aspidoscelis tigris",NA,"Carl S. Lieb","Teiidae","preparator number=CSL 9407; secondary identifier=XHP.2012.4.2; trap number=3-2A","Kevin W. Floyd","named place: Floyd Lizard Demography Site 3, georeferencing remarks: as no GPS measurement accuracy was provided, an estimate of 10m was used for error calculation",11.455,"United States","New Mexico","Dona Ana County",NA,"Kevin Floyd Lizard Demography Site 2, along Interstate Highway 10, ca. 9.1 kilometers E (by road) of junction with State Highway 549, in Pitfall Trap 3-2A","USA, New Mexico, Dona Ana County, Kevin Floyd Lizard Demography Site 2, Along Ihwy 10, Ca. 9.1 Rd Km E Jct With Sthwy 549, In Pitfall Trap 3-2A (T24S, R3W, Ne 1/4 Sec.10 [Gps: 32.252803, -107.098293]","41144",NA,2012-08-23,"whole organism (formalin-fixed, 70% ethanol); heart, liver, muscle (frozen); toe (95% ethanol)",32.2528,-107.09829,"female",NA,NA,NA,"T24S, R3W, Ne 1/4 Sec.10",NA,NA
"81",NA,"http://creativecommons.org/licenses/by/3.0/","UTEP:Herp:20016","Aspidoscelis tigris",NA,"Carl S. Lieb","Teiidae","collector number=CSL 9178; secondary identifier=XHP.2010.6.2","Carl S. Lieb","named place: Floyd Soil Sample Site 6, georeferencing remarks: GPS measruement accuracy = 14 ft",6.6924936,"United States","New Mexico","Dona Ana County",NA,"along N-side Interstate Highway Highway 10, 10.8 miles E of (by road) junction with State Highway 549, Kevin Floyd Soil Sample Site 6","USA, New Mexico, Dona Ana County, Along N-Side I-Hwy 10, 10.8 Rd Mi. E Jct With Sthy 549, Kevin Floyd Soil Sample Site 6 [Gps: 32 Deg 15.717'N, 107 Deg 01.025'W, Elev. 4427 Ft, Acc. = 14Ft]","40328",NA,2010-05-30,"whole organism (ethanol-fixed); toe; heart, liver, muscle",32.26195,-107.01708,NA,NA,NA,NA,NA,NA,"1349.3496-1349.3496"
"82",NA,"http://creativecommons.org/licenses/by/3.0/","UTEP:Herp:20472","Aspidoscelis tigris",NA,"Carl S. Lieb","Teiidae","collector number=CSL 9320; secondary identifier=XHP.2012.2.28","Carl S. Lieb","named place: Floyd Soil Sample Site 7, georeferencing remarks: GPS measurement accuracy = 11 ft",5.7780936,"United States","New Mexico","Dona Ana County",NA,"Kevin Floyd Soil Sample Study Site 7, 5.5 miles (by road) by Interstate Highway 10 W of Corralitos Exit Overpass, then ca. 100 meters N of W-bound lane into desert","USA, New Mexico, Dona Ana County, Kevin Floyd Soil Sample Study Site 7, 5.5 Rd Mi. By Ihwy 10 W Of Corralitos Exit Overpass, Then Ca. 100 M N Of West-Bound Lane Into Desert [Gps: 32 Deg 15.178'N, 107 Deg 06.096'W, Elev. 4379 Ft, Acc. = 11 Ft]","41035",NA,2012-05-06,"whole organism (ethanol-fixed); toe (95% ethanol); heart, liver, muscle (frozen)",32.25333,-107.10175,"female",NA,NA,NA,NA,NA,"1334.7192-1334.7192"
"83",NA,"http://creativecommons.org/licenses/by/3.0/","UTEP:Herp:20516","Aspidoscelis tigris",NA,"Carl S. Lieb","Teiidae","preparator number=CSL 9375; secondary identifier=XHP.2012.2.72","Carl S. Lieb, Kevin W. Floyd","named place: Floyd Soil Sample Site 6, georeferencing remarks: GPS measurement accuracy = 11 ft",5.7780936,"United States","New Mexico","Dona Ana County",NA,"Kevin Floyd Soil Sample Site 6, 0.5 miles W (by road on Interestate Highway 10) of Corralitos Exit, then ca. 100 meters N of W-bound lane into desert","USA, New Mexico, Dona Ana County, Kevin Floyd Soil Sample Site 6, 0.5 Mi. (By Ihwy 10) W Corralitos Exit, Then Ca. 100 M North Of West-Bound Lane Out Into Desert [Gps: 32 Deg 15.766'N, 107 Deg 01.085'W, Elev. 4433 Ft, Acc. = 11 Ft]","41069",NA,2012-06-09,"whole organism (formalin-fixed, 70% ethanol); toe (95% ethanol); heart, liver, muscle (frozen)",32.26277,-107.01808,"female",NA,NA,NA,NA,NA,"1351.1784-1351.1784"
"84",NA,"http://creativecommons.org/licenses/by/3.0/","UTEP:Herp:20438","Aspidoscelis tigris",NA,"Carl S. Lieb","Teiidae","preparator number=CSL 9288; secondary identifier=XHP.2012.2.8","Carl S. Lieb, David M. Lieb","named place: Floyd Soil Sample Site 2, georeferencing remarks: GPS measurement accuracy = 14 ft",6.6973704,"United States","New Mexico","Dona Ana County",NA,"Kevin Floyd Soil Sample Site 2, along N side of County Road A003 (=Santa Teresa-Columbus Highway), 16.2 miles W (by road) of junction with State Highway 136","USA, New Mexico, Dona Ana County, Kevin Floyd Soil Sample Site 2, Along N Side Of County Rd A003 (Santa Teresa-Columbus Hwy), 16.2 Rd Mi. W Of Jct With Sthwy 136 [Gps: 31 Deg 47.706'N, 106 Deg 57.125'W, Elev. 4128 Ft, Acc. = 14 Ft]","40699",NA,2011-06-05,"whole organism (formalin-fixed, 70% ethanol); toe (95% ethanol); heart, liver, muscle (frozen)",31.7951,-106.95208,"male",NA,NA,NA,NA,NA,"1258.2144-1258.2144"
"85",NA,"http://creativecommons.org/licenses/by/3.0/","UTEP:Herp:14237","Aspidoscelis tigris",NA,"Carl S. Lieb","Teiidae","collector number=CSL 8015; secondary identifier=XHP.1992.5.46","Carl S. Lieb, unknown","named place: Dona Ana Co., Vevay, extent: 1137.56m",1139.129,"United States","New Mexico","Dona Ana County",NA,"off County Road A19, 9.7 miles W (by road) junction with County Road A17, at Vevay","USA, New Mexico, Dona Ana County, Off County Rd A19, 9.7 Rd Mi. W Jct With County Rd A17 At Vevay (T27S, R1W, Sec.34) Ca. 1260 M","33783",NA,1992-06-28,"whole organism (formalin-fixed, 70% ethanol); brain (frozen); liver (frozen)",31.9159,-106.9299,NA,NA,"and others",NA,"T27S, R1W, Sec.34",NA,"1260-1260"
"86",NA,"http://creativecommons.org/licenses/by/3.0/","UTEP:Herp:19870","Aspidoscelis tigris",NA,"Carl S. Lieb","Teiidae","collector number=KWF 667; preparator number=CSL 9050; secondary identifier=XHP.2009.2.7; trap number=6-23","Kevin W. Floyd","named place: Santa Teresa-Columbus Rd (County Rd A003)/jct County Rd A008/Floyd Study Area 6, georeferencing remarks: as no GPS measurement accuracy was provided, and estimate of 10m was used for error calculation",11.458,"United States","New Mexico","Dona Ana County",NA,"near junction County Road A003 (=Santa Teresa-Columbus Highway) with County Road A008, Floyd Lizard Study Area 6, Bucket Trap 6-23","USA, New Mexico, Dona Ana County, Near Jct County Rd A003 (Santa Teresa-Columbus Hwy) With County Rd A008, Floyd Lizard Study Area 6, Bucket Trap 6-23 [Gps: 31.79402, -106.957242]","39712",NA,2008-09-21,"tissue (95% ethanol); whole organism (ethanol-fixed)",31.79402,-106.957242,"female",NA,NA,NA,NA,NA,NA
"87",NA,"http://creativecommons.org/licenses/by/3.0/","UTEP:Herp:20912","Aspidoscelis tigris",NA,"Kevin W. Floyd","Teiidae","preparator number=KWF 2977; secondary identifier=XHP.2014.2.97; trap number=9-5C",NA,"named place: Floyd Lizard Demography Site 9/Trap 9-5C, georeferencing remarks: GPS measurement accuracy reported by KWF to be less that 0.5m; 0.5m used for error calculation, locality remarks: The portion of the Santa Teresa-Columbus Rd (paved & with new alignment) in Dona Ana County is technically County Rd A003, even though it bears a Santa Teresa Street Sign of ""Hwy 9""; StHwy 9 on this route does not begin at present (2014) until the Luna County line is reached.",1.958,"United States","New Mexico","Dona Ana County",NA,"ca. 4.1 kilometers E (by air) of junction of County Road A003 (=Santa Teresa-Columbus Road) and County Road A008, Kevin Floyd Lizard Demography Site Nine, North of County Road A003, in Pitfall Trap 9-5C","Ca. 4.1 Km (Air) E Jct Of County Rd A003 [Santa Teresa-Columbus Rd] And County Rd A008, Kevin Floyd Lizard Demography Site Nine, South Of Cr A003 In Pitfall Trap 9-5C (T29S, R1E, Sw 1/4 Of Nw 1/4 Sec.7) [Gps: 31.79815084 Deg N, 106.9155371 Deg S]","40743",NA,2011-07-19,"whole organism (formalin-fixed, 70% ethanol); toe (95% ethanol); heart, liver, muscle (frozen)",31.79815084,-106.9155371,"male",NA,NA,NA,"T29S, R1E, SW 1/4 of Nw 1/4 Sec.7","found with other Aspidoscelis tigris",NA
"88",NA,"http://creativecommons.org/licenses/by/3.0/","UTEP:Herp:20535","Aspidoscelis tigris",NA,"Carl S. Lieb","Teiidae","preparator number=CSL 9408; secondary identifier=XHP.2012.2.91","Carl S. Lieb, Kevin W. Floyd","named place: Floyd Soil Sample Site 2, georeferencing remarks: GPS measurement accuracy = 14 ft",6.6976752,"United States","New Mexico","Dona Ana County",NA,"Kevin Floyd Soil Sample Site 2, 0.4 miles E (by road on County Road A008) of junction with County Road A008, then ca. 100 meters N of road into desert","USA, New Mexico, Dona Ana County, Kevin Floyd Soil Sample Site 2, 0.4 Rd Mi. (By County Rd A008) E Jct With County Rd A008, Then Ca. 100 M North Of Rd Into Desert [Gps: 31 Deg 47.745'N, 106 Deg 57.103'W, Elev. 4171 Ft, Acc. = 14 Ft]","41154",NA,2012-09-02,"whole organism (formalin-fixed, 70% ethanol); heart, liver, muscle (frozen); toe (95% ethanol)",31.79575,-106.95172,"female",NA,NA,NA,NA,NA,"1271.3208-1271.3208"
"89",NA,"http://creativecommons.org/licenses/by/3.0/","UTEP:Herp:20700","Aspidoscelis tigris",NA,"Carl S. Lieb","Teiidae","collector number=CSL 9438; original identifier=LM-8B; original identifier=LM-8C; original identifier=LM-8D; secondary identifier=XHP.2013.1.21","Carl S. Lieb, unknown","named place: Floyd Soil Sample Site 7, georeferencing remarks: GPS measurement accuracy = 13 ft",6.3876936,"United States","New Mexico","Dona Ana County",NA,"Kevin Floyd Soil Sample Site 7, along Interstate Highway 10, 5.5 miles W of (by road) Corralitos Road Overpass/Exit, 5.4 miles W of (by road) junction with State Highway 549","USA, New Mexico, Dona Ana County, Kevin Floyd Soil Sample Site 7, Along Ihwy 10, 5.5 Rd Mi. W Corralitos Road Overpass/Exit, 5.4 Rd Mi. W Jct With Sthy 549 [Gps: 32 Deg 15.129'N, 107 Deg 06.116'W, Elev. 4395 Ft, Acc. = 13 Ft]","41437",NA,2013-06-12,"whole organism (formalin-fixed, 70% ethanol); heart, liver, muscle (frozen); blood (slide smear); blood (slide smear); blood (slide smear); blood (slide smear)",32.25215,-107.10193,"female",NA,"and others",NA,NA,NA,"1339.596-1339.596"
"90",NA,"http://creativecommons.org/licenses/by/3.0/","UTEP:Herp:20524","Aspidoscelis tigris",NA,"Carl S. Lieb","Teiidae","preparator number=CSL 9390; secondary identifier=XHP.2012.2.80","Carl S. Lieb, Kevin W. Floyd","named place: Floyd Soil Sample Site 4, georeferencing remarks: GPS measurement accuracy = 12 ft",6.0877704,"United States","New Mexico","Dona Ana County",NA,"Kevin Floyd Soil Sample Site 4, along County Road A003 (= Santa Teresa-Columbus Highway), 8.9 miles W of (by road) junction with State Highway 136","USA, New Mexico, Dona Ana County, Kevin Floyd Soil Sample Site 4, Along County Rd A003 (= Santa Teresa-Columbus Hwy), 8.9 Rd Mi. W Jct With Sthy 136 [Gps: 31 Deg 48.456'N, 106 Deg 50.142'W, Elev. 4106 Ft, Acc. = 12 Ft]","41091",NA,2012-07-01,"whole organism (formalin-fixed, 70% ethanol); heart, liver, muscle (frozen); toe (95% ethanol)",31.8077,-106.835,"male",NA,NA,NA,NA,NA,"1251.5088-1251.5088"
"91",NA,"http://creativecommons.org/licenses/by/3.0/","UTEP:Herp:20452","Aspidoscelis tigris",NA,"Carl S. Lieb","Teiidae","collector number=CSL 9279; secondary identifier=XHP.2012.2.22","Carl S. Lieb","named place: Floyd Soil Sample Site 8, georeferencing remarks: GPS measurement accuracy = 13 ft",6.3876936,"United States","New Mexico","Dona Ana County",NA,"Kevin Floyd Soil Sample Site 8, 3.5 miles (by road on Interstate Highway 10) from junction with State Highway 549, then ca. 100 meters N of W-bound Interstate Highway 10 Lane into desert","USA, New Mexico, Dona Ana County, Kevin Floyd Soil Sample Site 8, 3.5 Rd Mi. (By Ihwy 10) From Jct With Sthwy 549, Then Ca. 100 M N Of West-Bound Ihwy 10 Lane Into Desert [Gps: 32 Deg 14.956'N, 107 Deg 08.040'W, Elev. 4344 Ft, Acc. = 13 Ft]","40681",NA,2011-05-18,"whole organism (ethanol-fixed); toe (95% ethanol); heart, liver, muscle (frozen)",32.24927,-107.134,NA,NA,NA,NA,NA,NA,"1324.0512-1324.0512"
"92",NA,"http://creativecommons.org/licenses/by/3.0/","UTEP:Herp:20471","Aspidoscelis tigris",NA,"Carl S. Lieb","Teiidae","collector number=CSL 9319; secondary identifier=XHP.2012.2.27","Carl S. Lieb","named place: Floyd Soil Sample Site 7, georeferencing remarks: GPS measurement accuracy = 11 ft",5.7780936,"United States","New Mexico","Dona Ana County",NA,"Kevin Floyd Soil Sample Study Site 7, 5.5 miles (by road) by Interstate Highway 10 W of Corralitos Exit Overpass, then ca. 100 meters N of W-bound lane into desert","USA, New Mexico, Dona Ana County, Kevin Floyd Soil Sample Study Site 7, 5.5 Rd Mi. By Ihwy 10 W Of Corralitos Exit Overpass, Then Ca. 100 M N Of West-Bound Lane Into Desert [Gps: 32 Deg 15.176'N, 107 Deg 06.100'W, Elev. 4276 Ft, Acc. = 11 Ft]","41035",NA,2012-05-06,"whole organism (ethanol-fixed); toe (95% ethanol); heart, liver, muscle (frozen)",32.25297,-107.1016,"male",NA,NA,NA,NA,NA,"1303.3248-1303.3248"
"93",NA,"http://creativecommons.org/licenses/by/3.0/","UTEP:Herp:20525","Aspidoscelis tigris",NA,"Carl S. Lieb","Teiidae","preparator number=CSL 9391; secondary identifier=XHP.2012.2.81","Carl S. Lieb, Kevin W. Floyd","named place: Floyd Soil Sample Site 4, georeferencing remarks: GPS measurement accuracy = 15 ft",7.0021704,"United States","New Mexico","Dona Ana County",NA,"Kevin Floyd Soil Sample Site 4, 8.9 miles W (by road on County Road A003) of junction with State Highway 136, then ca. 100 meters N of road into desert","USA, New Mexico, Dona Ana County, Kevin Floyd Soil Sample Site 4, 8.9 Rd Mi. (By County Rd A003) W Jct With Sthy 136, Then Ca. 100 M North Of Road Out Into Desert [Gps: 31 Deg 48.512'N, 106 Deg 50.081'W, Elev. 4124 Ft, Acc. = 15 Ft]","41091",NA,2012-07-01,"whole organism (formalin-fixed, 70% ethanol); toe (95% ethanol); heart, liver, muscle (frozen)",31.80853,-106.83407,"male",NA,NA,NA,NA,NA,"1256.9952-1256.9952"
"94",NA,"http://creativecommons.org/licenses/by/3.0/","UTEP:Herp:14236","Aspidoscelis tigris",NA,"Carl S. Lieb","Teiidae","collector number=CSL 8014; secondary identifier=XHP.1992.5.45","Carl S. Lieb, unknown","named place: Dona Ana Co., Vevay, extent: 1137.56m",1139.129,"United States","New Mexico","Dona Ana County",NA,"off County Road A19, 9.7 miles W (by road) junction with County Road A17, at Vevay","USA, New Mexico, Dona Ana County, Off County Rd A19, 9.7 Rd Mi. W Jct With County Rd A17 At Vevay (T27S, R1W, Sec.34) Ca. 1260 M","33783",NA,1992-06-28,"whole organism (formalin-fixed, 70% ethanol); brain (frozen); liver (frozen)",31.9159,-106.9299,NA,NA,"and others",NA,"T27S, R1W, Sec.34",NA,"1260-1260"
"95",NA,"http://creativecommons.org/licenses/by/3.0/","UTEP:Herp:18536","Aspidoscelis tigris",NA,"Dominic I. Lannutti","Teiidae","collector number=DIL 423; secondary identifier=XHP.2000.6.21","Dominic I. Lannutti, unknown","mountains/drainage: Jarilla Mts, named place: Orogrande, extent: 1400m, georeferencing remarks: Moved 2.5mi N of Orogrande.ppl GNIS.",3908.334,"United States","New Mexico","Otero County",NA,"ca. 2.5 miles N (by road) of Orogrande","USA, New Mexico, Otero County, Ca. 2.5 Rd Mi. N Orogrande","0000/00/00",NA,2011-01-13,"whole organism (formalin-fixed, 70% ethanol); muscle (frozen); liver (frozen)",32.407269,-106.084322,NA,NA,"and others",NA,NA,"found at 0900 hrs",NA
"96",NA,"http://creativecommons.org/licenses/by/3.0/","UTEP:Herp:20916","Aspidoscelis tigris",NA,"Kevin W. Floyd","Teiidae","preparator number=KWF 4462; secondary identifier=XHP.2014.2.101; trap number=8-1B",NA,"named place: Floyd Lizard Demography Control Site 3/Trap CN3-4D, georeferencing remarks: GPS measurement accuracy reported by KWF to be less that 0.5m; 0.5m used for error calculation",1.958,"United States","New Mexico","Dona Ana County",NA,"ca. 3.3 kilometers E (by air) of Noria Ruins, Kevin Floyd Lizard Demography Site 8, N of County Road A003 (=Santa Teresa-Columbus Road), in Pitfall Trap 8-1B","USA, New Mexico, Dona Ana County, Ca. 3.4 Km (Air) Ene Noria Ruins, Floyd Lizard Demography Control Site Three, In Pitfall Trap Cn3-4D (T29S, R1E, Ne 1/4 Of Nw 1/4 Sec.3) [Gps: 31.81806828 Deg N, 106.829042 Deg W]","40810",NA,2011-09-24,"whole organism (formalin-fixed, 70% ethanol); heart, liver, muscle (frozen); toe (95% ethanol)",31.81806828,-106.829042,"male",NA,NA,"found dead in trap with Sceloporus cowlesi","T29S, R1E, Ne 1/4 of Nw 1/4 Sec.3",NA,NA
"97",NA,"http://creativecommons.org/licenses/by/3.0/","UTEP:Herp:20899","Aspidoscelis tigris",NA,"Kevin W. Floyd","Teiidae","preparator number=KWF 1706; secondary identifier=XHP.2014.2.84; trap number=3-2B",NA,"named place: Floyd Lizard Demography Site 3/Trap 3-2B, georeferencing remarks: GPS measurement accuracy not recorded, so an estimate of 10m was used for error calculation",1.955,"United States","New Mexico","Dona Ana County",NA,"ca. 0.2 kilometers E (by air) of Interstate Highway 10 Deming Border Patrol Check Station, Kevin Floyd Lizard Demography Site Three, North of Interstate Highway 10, in Pitfall Trap 3-2B","Ca. 0.2 Km (Air) E Of Ihy10 Deming Border Patrol Check Station, Kevin Floyd Lizard Demography Site Three, North Of Ihy10 In Pitfall Trap 3-2B (T24S, R3W, Sw 1/4 Of Ne 1/4 Sec.1) [Gps: 32.2527343 Deg N, 107.0982772 Deg W]","40080",NA,2009-09-24,"whole organism (formalin-fixed, 70% ethanol); toe (95% ethanol); heart, liver, muscle (frozen)",32.2527343,-107.0982772,"female",NA,NA,NA,"T24S, R3W, SW 1/4 of Ne 1/4 Sec.1","died before release, found in trap with many ants (may have been injured)",NA
"98",NA,"http://creativecommons.org/licenses/by/3.0/","UTEP:Herp:20906","Aspidoscelis tigris",NA,"Kevin W. Floyd","Teiidae","preparator number=KWF 57; secondary identifier=XHP.2014.2.91; trap number=6-33",NA,"named place: Floyd Lizard Demography Site 6/Trap 6-33, georeferencing remarks: GPS measurement accuracy reported by KWF to be less that 0.5m; 0.5m used for error calculation, locality remarks: The portion of the Santa Teresa-Columbus Rd (paved & with new alignment) in Dona Ana County is technically County Rd A003, even though it bears a Santa Teresa Street Sign of ""Hwy 9""; StHwy 9 on this route does not begin at present (2014) until the Luna County line is reached.",1.958,"United States","New Mexico","Dona Ana County",NA,"0.19 kilometers SE (by air) from junction of County Road A003 (=Santa Teresa-Columbus Road) and County Road A008, Kevin Floyd Lizard Demography Site Six, S of County Road, in Pitfall Trap 6-33","0.19 Km (Air) Se From Jct Of County Rd A003 [Santa Teresa-Columbus Road] And County Rd A008, Kevin Floyd Lizard Demography Site Six, South Of Cr A003 In Pitfall Trap 6-33 (T29S, R1W, Se 1/4 Of Ne 1/4 Sec.8) [Gps: 31.79320407 Deg N, 106.9572774 Deg W]","39596",NA,2008-05-28,"whole organism (formalin-fixed, 70% ethanol); heart, liver, muscle (frozen); toe (95% ethanol)",31.79320407,-106.9572774,"male",NA,NA,"died during processing","T29S, R1W, SE 1/4 of Ne 1/4 Sec.8",NA,NA
"99",NA,"http://creativecommons.org/licenses/by/3.0/","UTEP:Herp:20911","Aspidoscelis tigris",NA,"Kevin W. Floyd","Teiidae","preparator number=KWF 1255; secondary identifier=XHP.2014.2.96; trap number=9-5C",NA,"named place: Floyd Lizard Demography Site 9/Trap 9-5C, georeferencing remarks: GPS measurement accuracy reported by KWF to be less that 0.5m; 0.5m used for error calculation, locality remarks: The portion of the Santa Teresa-Columbus Rd (paved & with new alignment) in Dona Ana County is technically County Rd A003, even though it bears a Santa Teresa Street Sign of ""Hwy 9""; StHwy 9 on this route does not begin at present (2014) until the Luna County line is reached.",1.958,"United States","New Mexico","Dona Ana County",NA,"ca. 4.1 kilometers E (by air) of junction of County Road A003 (=Santa Teresa-Columbus Road) and County Road A008, Kevin Floyd Lizard Demography Site Nine, North of County Road A003, in Pitfall Trap 9-5C","Ca. 4.1 Km (Air) E Jct Of County Rd A003 [Santa Teresa-Columbus Rd] And County Rd A008, Kevin Floyd Lizard Demography Site Nine, South Of Cr A003 In Pitfall Trap 9-5C (T29S, R1E, Sw 1/4 Of Nw 1/4 Sec.7) [Gps: 31.79815084 Deg N, 106.9155371 Deg S]","40359",NA,2010-06-30,"whole organism (formalin-fixed, 70% ethanol); heart, liver, muscle (frozen); toe (95% ethanol)",31.79815084,-106.9155371,"male",NA,NA,"found dead in trap with larger aspidoscelis tigris","T29S, R1E, SW 1/4 of Nw 1/4 Sec.7",NA,NA
"100",NA,"http://creativecommons.org/licenses/by/3.0/","UTEP:Herp:20023","Aspidoscelis tigris",NA,"Carl S. Lieb","Teiidae","collector number=CSL 9185; secondary identifier=XHP.2010.6.9","Carl S. Lieb","named place: Floyd Soil Sample Site 4, georeferencing remarks: GPS measurement accuracy = 13 ft",6.3925704,"United States","New Mexico","Dona Ana County",NA,"along N side of County Road A-003 (=Santa Teresa-Columbus Highway), 9.1 miles W of (by road) junction with State Highway 136, Kevin Floyd Sample Site 4","USA, New Mexico, Dona Ana County, Along N-Side County Rd A-003 (Santa Teresa-Columbus Hwy), 9.1 Rd Mi. W Jct With Sthy 136, Kevin Floyd Sample Site 4 [Gps: 31 Deg 48.472'N, 106 Deg 50.025'W, Elev. 4129 Ft, Acc. = 15 Ft]","40332",NA,2010-06-03,"heart, liver, muscle (frozen); whole organism (ethanol-fixed)",31.80787,-106.83375,NA,NA,NA,NA,NA,NA,"1258.5192-1258.5192"
"101",NA,"http://creativecommons.org/licenses/by/3.0/","UTEP:Herp:20519","Aspidoscelis tigris",NA,"Carl S. Lieb","Teiidae","preparator number=CSL 9378; secondary identifier=XHP.2012.2.75","Carl S. Lieb, Kevin W. Floyd","named place: Floyd Soil Sample Site 7, georeferencing remarks: GPS measurement accuracy = 15 ft",6.9972936,"United States","New Mexico","Dona Ana County",NA,"Kevin Floyd Soil Sample Site 7, along N side of Interstate Highway 10, 5.5 miles W of (by road) Corralitos Road Exit Overpass, 5.4 miles E of (by road) junction with State Highway 549","USA, New Mexico, Dona Ana County, Kevin Floyd Soil Sample Site 7, Along North Side Of Ihy 10, 5.5 Rd Mi. W Corralitos Road Exit Overpass, 5.4 Rd Mi. E Jct With Sthy 549 [Gps: 32 Deg 15.138'N, 107 Deg 06.068'W, Elev. 4368 Ft, Acc. = 15Ft]","41069",NA,2012-06-09,"whole organism (formalin-fixed, 70% ethanol); toe (95% ethanol); heart, liver, muscle (frozen)",32.2523,-107.10113,"female",NA,NA,NA,NA,NA,"1331.3664-1331.3664"
"102",NA,"http://creativecommons.org/licenses/by/3.0/","UTEP:Herp:20523","Aspidoscelis tigris",NA,"Carl S. Lieb","Teiidae","preparator number=CSL 9389; secondary identifier=XHP.2012.2.79","Carl S. Lieb, Kevin W. Floyd","named place: Floyd Soil Sample Site 4, georeferencing remarks: GPS measurement accuracy = 13 ft",6.3925704,"United States","New Mexico","Dona Ana County",NA,"Kevin Floyd Soil Sample Site 4, along County Road A003 (= Santa Teresa-Columbus Highway), 8.9 miles W of (by road) junction with State Highway 136","USA, New Mexico, Dona Ana County, Kevin Floyd Soil Sample Site 4, Along County Rd A003 (= Santa Teresa-Columbus Hwy), 8.9 Rd Mi. W Jct With Sthy 136 [Gps: 31 Deg 48.462'N, 106 Deg 50.100'W, Elev. 4110 Ft, Acc. = 13 Ft]","41091",NA,2012-07-01,"heart, liver, muscle (frozen); whole organism (formalin-fixed, 70% ethanol)",31.8077,-106.835,"male",NA,NA,NA,NA,NA,"1252.728-1252.728"
"103",NA,"http://creativecommons.org/licenses/by/3.0/","UTEP:Herp:20531","Aspidoscelis tigris",NA,"Carl S. Lieb","Teiidae","preparator number=CSL 9398; secondary identifier=XHP.2012.2.87","Carl S. Lieb, David M. Lieb","named place: Floyd Soil Sample Site 1, georeferencing remarks: GPS measurement accuracy = 13 ft",6.3925704,"United States","New Mexico","Dona Ana County",NA,"Kevin Floyd Soil Sample Site 1, 4.5 miles W (by road on County Road A006) of junction with County A008, then ca. 100 meters N of road into desert","USA, New Mexico, Dona Ana County, Kevin Floyd Soil Sample Site 1, 4.5 Rd Mi. (By County Rd A006) W Jct With County A008, Then Ca. 100 M North Of Road Into Desert [Gps: 31 Deg 48.175'N, 106 Deg 53.213'W, Elev. 4117 Ft, Acc. = 13 Ft]","41105",NA,2012-07-15,"whole organism (formalin-fixed, 70% ethanol); toe (95% ethanol); heart, liver, muscle (frozen)",31.80292,-106.88688,"female",NA,NA,NA,NA,NA,"1254.8616-1254.8616"
"104",NA,"http://creativecommons.org/licenses/by/3.0/","UTEP:Herp:20532","Aspidoscelis tigris",NA,"Carl S. Lieb","Teiidae","preparator number=CSL 9399; secondary identifier=XHP.2012.2.88","Carl S. Lieb, David M. Lieb","named place: Floyd Soil Sample Site 1, georeferencing remarks: GPS measurement accuracy = 15 ft",7.0021704,"United States","New Mexico","Dona Ana County",NA,"Kevin Floyd Soil Sample Site 1, 4.5 miles W (by road on County Road A006) of junction with County A008, then ca. 100 meters N of road into desert","USA, New Mexico, Dona Ana County, Kevin Floyd Soil Sample Site 1, 4.5 Rd Mi. (By County Rd A006) W Jct With County A008, Then Ca. 100 M North Of Road Into Desert [Gps: 31 Deg 48.171'N, 106 Deg 53.200'W, Elev. 4096 Ft, Acc. = 15 Ft]","41105",NA,2012-07-15,"whole organism (formalin-fixed, 70% ethanol); toe (95% ethanol); heart, liver, muscle (frozen)",31.80285,-106.88667,"female",NA,NA,"yolked oviducal eggs present",NA,NA,"1248.4608-1248.4608"
"105",NA,"http://creativecommons.org/licenses/by/3.0/","UTEP:Herp:20896","Aspidoscelis tigris",NA,"Kevin W. Floyd","Teiidae","preparator number=KWF 3106; secondary identifier=XHP.2014.2.81; trap number=Cn21D",NA,"named place: Floyd Lizard Demography Control Site 2/Trap CN2-1D, georeferencing remarks: GPS measurement accuracy reported by KWF to be less that 0.5m; 0.5m used for error calculation",1.955,"United States","New Mexico","Dona Ana County",NA,"ca. 0.4 kilometers S (by air) of Interstate Highway 10 Deming Border Patrol Check Station, Kevin Floyd Lizard Demography Study Control Site Two,, in Pitfall Trap Cn21D","USA, New Mexico, Dona Ana County, Ca. 0.4 Km (Air) S Of Ihy10 Deming Border Patrol Check Station, Kevin Floyd Lizard Demography Study Control Site Two, In Pitfall Trap Cn21D (T24S, R3W, Se 1/4 Sec.2) [Gps: 32.23918616 Deg N, 107.123642 Deg W]","40431",NA,2010-09-10,"whole organism (formalin-fixed, 70% ethanol); toe (95% ethanol); heart, liver, muscle (frozen)",32.23918616,-107.123642,"female",NA,NA,NA,"T24S, R3W, SE 1/4 Sec.2","found with Aspidoscelis tigris (utep 20897) and a dead Uta stansburiana (utep 20816), also eaten by beetles in trap",NA
"106",NA,"http://creativecommons.org/licenses/by/3.0/","UTEP:Herp:20905","Aspidoscelis tigris",NA,"Kevin W. Floyd","Teiidae","preparator number=KWF 56; secondary identifier=XHP.2014.2.90; trap number=6-27",NA,"named place: Floyd Lizard Demography Site 6/Trap 6-27, georeferencing remarks: GPS measurement accuracy reported by KWF to be less that 0.5m; 0.5m used for error calculation, locality remarks: The portion of the Santa Teresa-Columbus Rd (paved & with new alignment) in Dona Ana County is technically County Rd A003, even though it bears a Santa Teresa Street Sign of ""Hwy 9""; StHwy 9 on this route does not begin at present (2014) until the Luna County line is reached.",1.958,"United States","New Mexico","Dona Ana County",NA,"0.17 kilometers ESE (by air) from junction of County Road A003 (=Santa Teresa-Columbus Road) and County Road A008, Kevin Floyd Lizard Demography Site Six, S of County Road A003, in Pitfall Trap 6-27","0.17 Km (Air) Ese From Jct Of County Rd A003 [Santa Teresa-Columbus Road] And County Rd A008, Kevin Floyd Lizard Demography Site Six, South Of Cr A003 In Pitfall Trap 6-27 (T29S, R1W, Se 1/4 Of Ne 1/4 Sec.8) [Gps: 31.79365079 Deg N, 106.9573252 Deg W]","39596",NA,2008-05-28,"whole organism (formalin-fixed, 70% ethanol); heart, liver, muscle (frozen); toe (95% ethanol)",31.79365079,-106.9573252,"male",NA,NA,"died during processing","T29S, R1W, SE 1/4 of Ne 1/4 Sec.8",NA,NA
"107",NA,"http://creativecommons.org/licenses/by/3.0/","UTEP:Herp:20908","Aspidoscelis tigris",NA,"Kevin W. Floyd","Teiidae","preparator number=KWF 2886; secondary identifier=XHP.2014.2.93; trap number=8-1B",NA,"named place: Floyd Lizard Demography Site 8/Trap 8-1B, georeferencing remarks: GPS measurement accuracy not recorded, so an estimate of 10m was used for error calculation, locality remarks: The portion of the Santa Teresa-Columbus Rd (paved & with new alignment) in Dona Ana County is technically County Rd A003, even though it bears a Santa Teresa Street Sign of ""Hwy 9""; StHwy 9 on this route does not begin at present (2014) until the Luna County line is reached.",1.958,"United States","New Mexico","Dona Ana County",NA,"ca. 3.3 kilometers E (by air) of Noria Ruins, Kevin Floyd Lizard Demography Site 8, N of County Road A003 (=Santa Teresa-Columbus Road), in Pitfall Trap 8-1B","Ca. 3.3 Km (Air) E Noria Ruins, Kevin Floyd Lizard Demography Site 8, North Of County Rd A003 [Santa Teresa-Columbus Road] In Pitfall Trap 8-1B (T29S, R1E, Sw 1/4 Of Se 1/4 Sec.3) [Gps: 31.80853751 Deg N, 106.8280704 Deg W]","40409",NA,2010-08-19,"whole organism (formalin-fixed, 70% ethanol); heart, liver, muscle (frozen); toe (95% ethanol)",31.80853751,-106.8280704,"male",NA,NA,"found dead in trap with larger aspidoscelis tigris","T29S, R1E, SW 1/4 of SE 1/4 Sec.3",NA,NA
"108",NA,"http://creativecommons.org/licenses/by/3.0/","UTEP:Herp:20533","Aspidoscelis tigris",NA,"Carl S. Lieb","Teiidae","preparator number=CSL 9400; secondary identifier=XHP.2012.2.89","Carl S. Lieb, David M. Lieb","named place: Floyd Soil Sample Site 2, georeferencing remarks: GPS measurement accuracy = 15 ft",7.0024752,"United States","New Mexico","Dona Ana County",NA,"Kevin Floyd Soil Sample Site 2, 0.4 miles W (by road on County Road A006) of junction with County A008, then ca. 100 meters N of road into desert","USA, New Mexico, Dona Ana County, Kevin Floyd Soil Sample Site 2, 0.4 Rd Mi. (By County Rd A006) W Jct With County A008, Then Ca. 100 M North Of Road Into Desert [Gps: 31 Deg 47.787'N, 106 Deg 57.093'W, Elev. 4156 Ft, Acc. = 13 Ft]","41105",NA,2012-07-15,"whole organism (formalin-fixed, 70% ethanol); toe (95% ethanol); heart, liver, muscle (frozen)",31.79645,-106.95155,"female",NA,NA,NA,NA,NA,"1266.7488-1266.7488"
"109",NA,"http://creativecommons.org/licenses/by/3.0/","UTEP:Herp:20534","Aspidoscelis tigris",NA,"Carl S. Lieb","Teiidae","preparator number=CSL 9401; secondary identifier=XHP.2012.2.90","Carl S. Lieb, David M. Lieb","named place: Floyd Soil Sample Site 2, georeferencing remarks: GPS measurement accuracy = 13 ft",6.3928752,"United States","New Mexico","Dona Ana County",NA,"Kevin Floyd Soil Sample Site 2, 0.4 miles W (by road on County Road A006) of junction with County A008, then ca. 100 meters N of road into desert","USA, New Mexico, Dona Ana County, Kevin Floyd Soil Sample Site 2, 0.4 Rd Mi. (By County Rd A006) W Jct With County A008, Then Ca. 100 M North Of Road Into Desert [Gps: 31 Deg 47.794'N, 106 Deg 57.077'W, Elev. 4138 Ft, Acc. = 13 Ft)","41105",NA,2012-07-15,"whole organism (formalin-fixed, 70% ethanol); toe (95% ethanol); heart, liver, muscle (frozen)",31.79657,-106.95128,"female",NA,NA,"yolked oviducal eggs present",NA,NA,"1261.2624-1261.2624"
"110",NA,"http://creativecommons.org/licenses/by/3.0/","UTEP:Herp:20442","Aspidoscelis tigris",NA,"Carl S. Lieb","Teiidae","collector number=CSL 9281; secondary identifier=XHP.2012.2.12","Carl S. Lieb","named place: Floyd Soil Sample Site 6, georeferencing remarks: GPS measurement accuracy = 23 ft",9.4356936,"United States","New Mexico","Dona Ana County",NA,"Kevin Floyd Soil Sample Site 6, 0.5 miles W (by road on Butterfield Shooting Range Road) of of range gate, then S into the Desert to ca. 100 meters N of westbound lane of Interstate Highway 10","Kevin Floyd Soil Sample Site 6, 0.5 Rd Mi. (By Butterfield Shooting Range Rd) W Of Range Gate, Then S Into The Desert To Ca. 100 M North Of Westbound Lane Of Ihwy 10 [Gps: 32 Deg 15.761'N, 107 Deg 01.117'W, Elev. 4418 Ft, Acc. - 23 Ft]","40685",NA,2011-05-22,"whole organism (ethanol-fixed); toe (95% ethanol); heart, liver, muscle (frozen)",32.26268,-107.01862,"male",NA,NA,NA,NA,NA,"1346.6064-1346.6064"
"111",NA,"http://creativecommons.org/licenses/by/3.0/","UTEP:Herp:20515","Aspidoscelis tigris",NA,"Carl S. Lieb","Teiidae","preparator number=CSL 9373; secondary identifier=XHP.2012.2.71","Carl S. Lieb, Kevin W. Floyd","named place: Floyd Soil Sample Site 6, georeferencing remarks: GPS measurement accuracy = 16 ft",6.0828936,"United States","New Mexico","Dona Ana County",NA,"Kevin Floyd Soil Sample Site 6, along N-side Interstate Highway 10, 0.5 miles W of (by road) Corralitos Exit","USA, New Mexico, Dona Ana County, Kevin Floyd Soil Sample Site 6, Along N-Side Ihwy 10, 0.5 Rd Mi. W Corralitos Exit [Gps: 32 Deg 15.721'N, 107 Deg 01.059'W, Elev. 4448 Ft, Acc. = 16Ft]","41069",NA,2012-06-09,"whole organism (formalin-fixed, 70% ethanol); toe (95% ethanol); heart, liver, muscle (frozen)",32.26202,-107.01768,"female",NA,NA,NA,NA,NA,"1355.7504-1355.7504"
"112",NA,"http://creativecommons.org/licenses/by/3.0/","UTEP:Herp:20526","Aspidoscelis tigris",NA,"Carl S. Lieb","Teiidae","preparator number=CSL 9392; secondary identifier=XHP.2012.2.82","Carl S. Lieb, Kevin W. Floyd","named place: Floyd Soil Sample Site 4, georeferencing remarks: GPS measurement accuracy = 10 ft",5.4781704,"United States","New Mexico","Dona Ana County",NA,"Kevin Floyd Soil Sample Site 4, 8.9 miles W (by road on County Road A003) of junction with State Highway 136, then ca. 100 meters N of road into desert","USA, New Mexico, Dona Ana County, Kevin Floyd Soil Sample Site 4, 8.9 Rd Mi. (By County Rd A003) W Jct With Sthy 136, Then Ca. 100 M North Of Road Out Into Desert [Gps: 31 Deg 48.522'N, 106 Deg 50.060'W, Elev. 4120 Ft, Acc. = 10 Ft]","41091",NA,2012-07-01,"whole organism (formalin-fixed, 70% ethanol); toe (95% ethanol); heart, liver, muscle (frozen)",31.8087,-106.83433,"female",NA,NA,NA,NA,NA,"1255.776-1255.776"
"113",NA,"http://creativecommons.org/licenses/by/3.0/","UTEP:Herp:20898","Aspidoscelis tigris",NA,"Kevin W. Floyd","Teiidae","preparator number=KWF 1266; secondary identifier=XHP.2014.2.83; trap number=1-2C",NA,"named place: Floyd Lizard Demography Site 1/Trap 1-2C, georeferencing remarks: GPS measurement accuracy reported by KWF to be less that 0.5m; 0.5m used for error calculation",1.955,"United States","New Mexico","Dona Ana County",NA,"ca. 0.4 kilometers W (by air) of junction of Interstate Highway 10 Frontage Road and Corralitos Road, Kevin Floyd Lizard Demographic Site one, North of Interstate Highway 10, in pitfall Trap 1-2C","Ca. 0.4 Km (Air) W Jct Of Ihy10 Frontage Road And Corralitos Road, Kevin Floyd Lizard Demographic Site One, North Of Ihy10 In Pitfall Trap 1-2C (T23S, R1W, Sw 1/4 Of Nw 1/4 Sec.31) [Gps: 32.26659663 Deg N, 106.9863724 Deg W]","40038",NA,2009-08-13,"whole organism (formalin-fixed, 70% ethanol); toe (95% ethanol); heart, liver, muscle (frozen)",32.26659663,-106.9863724,"female",NA,NA,NA,"T23S, R1W, SW 1/4 of Nw 1/4 Sec.31","found with larger Aspidoscelis neomexicana",NA
"114",NA,"http://creativecommons.org/licenses/by/3.0/","UTEP:Herp:20901","Aspidoscelis tigris",NA,"Kevin W. Floyd","Teiidae","preparator number=KWF 4354; secondary identifier=XHP.2014.2.86; trap number=4-7C",NA,"named place: Floyd Lizard Demongraphy Site 4/Trap 4-7C, georeferencing remarks: GPS measurement accuracy reported by KWF to be less that 0.5m; 0.5m used for error calculation",1.955,"United States","New Mexico","Dona Ana County",NA,"ca. 1.4 kilometers W (by air) of Interstate Highway 10 Deming Border Patrol Check Station, Kevin Floyd Lizard Demography Site Four, South of Interstate Highway 10, in pitfall Trap 4-7C","Ca. 1.4 Km (Air) W Of Ihwy10 Deming Border Patrol Check Station, Kevin Floyd Lizard Demography Site Four, South Of Ihwy10 In Pitfall Trap 4-7C (T24S, R3W, Nw 1/4 Of Sw 1/4 Sec.3) [Gps: 32.24740914 Deg N, 107.1365387 Deg W]","40789",NA,2011-09-03,"whole organism (formalin-fixed, 70% ethanol); toe (95% ethanol); heart, liver, muscle (frozen)",32.24740914,-107.1365387,"female",NA,NA,NA,"T24S, R3W, Nw 1/4 of SW 1/4 Sec.3","ants found in trap with larger Aspidoscelis tigris",NA
"115",NA,"http://creativecommons.org/licenses/by/3.0/","UTEP:Herp:20902","Aspidoscelis tigris",NA,"Kevin W. Floyd","Teiidae","preparator number=KWF 1736; secondary identifier=XHP.2014.2.87; trap number=4-8A",NA,"named place: Floyd Lizard Demongraphy Site 4/Trap 4-8A, georeferencing remarks: GPS measurement accuracy reported by KWF to be less that 0.5m; 0.5m used for error calculation",1.955,"United States","New Mexico","Dona Ana County",NA,"ca. 1.4 kilometers W (by air) of Interstate Highway 10 Deming Border Patrol Check Station, Kevin Floyd Lizard Demography Site Four, S of Interstate Highway 10, in Pitfall Trap 4-8A","Ca. 1.4 Km (Air) W Of Ihwy10 Deming Border Patrol Check Station, Kevin Floyd Lizard Demography Site Four, South Of Ihwy10 In Pitfall Trap 4-8A (T24S, R3W, Nw 1/4 Of Sw 1/4 Sec.3) [Gps: 32.24740617 Deg N, 107.1364072 Deg W]","40081",NA,2009-09-25,"toe (95% ethanol); whole organism (formalin-fixed, 70% ethanol)",32.24740617,-107.1364072,"female",NA,NA,NA,"T24S, R3W, Nw 1/4 of SW 1/4 Sec.3","died before release",NA
"116",NA,"http://creativecommons.org/licenses/by/3.0/","UTEP:Herp:20907","Aspidoscelis tigris",NA,"Kevin W. Floyd","Teiidae","preparator number=KWF 58; secondary identifier=XHP.2014.2.92; trap number=6-36",NA,"named place: Floyd Lizard Demography Site 6/Trap 6-36, georeferencing remarks: GPS measurement accuracy reported by KWF to be less that 0.5m; 0.5m used for error calculation, locality remarks: The portion of the Santa Teresa-Columbus Rd (paved & with new alignment) in Dona Ana County is technically County Rd A003, even though it bears a Santa Teresa Street Sign of ""Hwy 9""; StHwy 9 on this route does not begin at present (2014) until the Luna County line is reached.",1.958,"United States","New Mexico","Dona Ana County",NA,"0.20 kilometers ESE (by air) from junction of County Road A003 (=Santa Teresa-Columbus Road) and County Road A008, Kevin Floyd Lizard Demography Site Six, S of County Road, in Pitfall Trap 6-36","0.20 Km (Air) Ese From Jct Of County Rd A003 [Santa Teresa-Columbus Road] And County Rd A008, Kevin Floyd Lizard Demography Site Six, South Of Cr A003 In Pitfall Trap 6-36 (T29S, R1W, Se 1/4 Of Ne 1/4 Sec.8) [Gps: 31.79307149 Deg N, 106.9572931 Deg W]","39596",NA,2008-05-28,"whole organism (formalin-fixed, 70% ethanol); heart, liver, muscle (frozen); toe (95% ethanol)",31.79307149,-106.9572931,"male",NA,NA,"died during processing","T29S, R1W, SE 1/4 of Ne 1/4 Sec.8",NA,NA
"117",NA,"http://creativecommons.org/licenses/by/3.0/","UTEP:Herp:19999","Aspidoscelis tigris",NA,"Carl S. Lieb","Teiidae","preparator number=CSL 9160; secondary identifier=XHP.2010.2.4; trap number=1-7B","Kevin W. Floyd","named place: Floyd Study Site No. 1, georeferencing remarks: GPS measument accuracy estimated at 0.5 m",1.955,"United States","New Mexico","Dona Ana County",NA,"vicinity of Corralitos Road at junction with Interstate Highway 10 Frontage Road, Kevin Floyd Study Site No. 1, Pitfall Trap 1-7B","USA, New Mexico, Dona Ana County, Vic. Corralitos Rd At Jct With Ihy 10 Frontage Road, Kevin Floyd Study Site No. 1, Pitfall Trap 1-7B [Gps: 32.26416113 Deg N, 106.9860787 Deg W)","40002",NA,2009-07-08,"whole organism (formalin-fixed, 70% ethanol); toe; heart, liver, muscle",32.26416113,-106.9860787,NA,NA,NA,"specimen was rodent-chewed",NA,NA,NA
"118",NA,"http://creativecommons.org/licenses/by/3.0/","UTEP:Herp:20536","Aspidoscelis tigris",NA,"Carl S. Lieb","Teiidae","preparator number=CSL 9409; secondary identifier=XHP.2012.2.92","Carl S. Lieb, Kevin W. Floyd","named place: Floyd Soil Sample Site 2, georeferencing remarks: GPS measurement accuracy = 11 ft",5.7832752,"United States","New Mexico","Dona Ana County",NA,"Kevin Floyd Soil Sample Site 2, 0.4 miles E (by road on County Road A008) of junction with County Road A008, then ca. 100 meters N of road into desert","USA, New Mexico, Dona Ana County, Kevin Floyd Soil Sample Site 2, 0.4 Rd Mi. (By County Rd A008) E Jct With County Rd A008, Then Ca. 100 M North Of Rd Into Desert [Gps: 31 Deg 47.773'N, 106 Deg 57.081'W, Elev. 4139 Ft, Acc. = 11 Ft]","41154",NA,2012-09-02,"whole organism (formalin-fixed, 70% ethanol); toe (95% ethanol); heart, liver, muscle (frozen)",31.79622,-106.95135,"male",NA,NA,NA,NA,NA,"1261.5672-1261.5672"
"119",NA,"http://creativecommons.org/licenses/by/3.0/","UTEP:Herp:20539","Aspidoscelis tigris",NA,"Carl S. Lieb","Teiidae","secondary identifier=XHP.2012.2.95","Carl S. Lieb, Kevin W. Floyd","named place: Floyd Soil Sample Site 1, georeferencing remarks: GPS measurement accuracy = 12 ft]",6.0877704,"United States","New Mexico","Dona Ana County",NA,"Kevin Floyd Soil Sample Site 1, along County Road A003 (=Santa Teresa-Columbus Road), 4.5 miles E of (by road) junction with County Road A008","USA, New Mexico, Dona Ana County, Kevin Floyd Soil Sample Site 1, Along County Rd A003 (= Santa Teresa-Columbus Rd), 4.5 Rd Mi. E Jct With County Rd A008 [Gps: 31 Deg 48.125'N, 106 Deg 53.252'W, Elev. = 4111 Ft, Acc. = 12 Ft]","41154",NA,2012-09-02,"whole organism (formalin-fixed, 70% ethanol); toe (95% ethanol); heart, liver, muscle (frozen)",31.80208,-106.88753,"male",NA,NA,NA,NA,NA,"1253.0328-1253.0328"
"120",NA,"http://creativecommons.org/licenses/by/3.0/","UTEP:Herp:20543","Aspidoscelis tigris",NA,"Carl S. Lieb","Teiidae","collector number=CSL 9383; secondary identifier=XHP.2012.2.97","Carl S. Lieb","named place: County Rd A003/jct CR A008, georeferencing remarks: GPS measurement accuracy = 14 ft",6.6967608,"United States","New Mexico","Dona Ana County",NA,"County Road A003 (=Santa Teresa-Columbus Road), 4.1 miles E of (by road) junction with County Road A008 (=road to Tee Pee Ranch and Hunts Hole)","USA, New Mexico, Dona Ana County, Dor County Rd A003 (= Santa Teresa-Columbus Rd), 5.5 Rd Mi. W Jct With County Rd A008 (To Tee Pee Ranch & Hunts Hole) [Gps: 31 Deg 48.241'N, 106 Deg 52.039'W, Elev. 4123 Ft, Acc. = 14 Ft]","41084",NA,2012-06-24,"whole organism (formalin-fixed, 70% ethanol); toe (95% ethanol); muscle (frozen); liver (frozen)",31.80402,-106.86732,NA,NA,NA,NA,NA,NA,"1256.6904-1256.6904"
"121",NA,"http://creativecommons.org/licenses/by/3.0/","UTEP:Herp:20544","Aspidoscelis tigris",NA,"Carl S. Lieb","Teiidae","collector number=CSL 9386; secondary identifier=XHP.2012.2.98","Carl S. Lieb","named place: County Rd A003/jct Hwy 136, georeferencing remarks: GPS measurement accuracy = 17 ft",7.6117704,"United States","New Mexico","Dona Ana County",NA,"County Road A003 (=Santa Teresa-Columbus Road), 1.5 miles W of (by road) junction with State Highway 136","USA, New Mexico, Dona Ana County, Dor County Rd A003 (Santa Teresa-Columbus Rd), 1.5 Rd Mi. W Jct With Sthwy 136 [Gps: 31 Deg 49.251'N, 106 Deg 42.586'W, Elev. 4106 Ft, Acc. = 17 Ft]","41084",NA,2012-06-24,"whole organism (formalin-fixed, 70% ethanol); muscle (frozen); toe (95% ethanol); heart (frozen)",31.82485,-106.70977,"male",NA,NA,NA,NA,NA,"1251.5088-1251.5088"
"122",NA,"http://creativecommons.org/licenses/by/3.0/","UTEP:Herp:20478","Aspidoscelis tigris",NA,"Carl S. Lieb","Teiidae","preparator number=CSL 9326A; secondary identifier=XHP.2012.2.34","Carl S. Lieb, Kevin W. Floyd","named place: Floyd Soil Sample Site 2, georeferencing remarks: GPS measurement accuracy = 11 ft",8.2216752,"United States","New Mexico","Dona Ana County",NA,"Kevin Floyd Soil Sample Site 2, along County Road A003 (=Santa Teresa-Columbus Highway), 0.4 miles E of (by road) junction with County Road A008","USA, New Mexico, Dona Ana County, Kevin Floyd Soil Sample Site 2, Along County Rd A003 (= Santa Teresa-Columbus Hwy), 0.4 Rd Mi. E Jct With County Rd A008 [Gps: 31 Deg 47.707'N, 106 Deg 57.076'W, Elev. 4138 Ft, Acc = 11 Ft]","41049",NA,2012-05-20,"whole organism (formalin-fixed, 70% ethanol); toe (95% ethanol); heart, liver, muscle (frozen)",31.79512,-106.95127,"male",NA,NA,NA,NA,NA,"1261.2624-1261.2624"
"123",NA,"http://creativecommons.org/licenses/by/3.0/","UTEP:Herp:20479","Aspidoscelis tigris",NA,"Carl S. Lieb","Teiidae","preparator number=CSL 9328; secondary identifier=XHP.2012.2.35","Carl S. Lieb, Kevin W. Floyd","named place: Floyd Soil Sample Site 1, georeferencing remarks: GPS measurement accuracy = 17 ft",7.6117704,"United States","New Mexico","Dona Ana County",NA,"Kevin Floyd Soil Sample Site 1, along County Road A003 (=Santa Teresa-Columbus Highway), 4.3 miles E of (by road) junction with County Road A008","USA, New Mexico, Dona Ana County, Kevin Floyd Soil Sample Site 1, Along County Rd A003 (= Santa Teresa-Columbus Hwy), 4.3 Rd Mi. E Jct With County Rd A008 [Gps: 31 Deg 48.134'N, 106 Deg 53.137'W, Elev. 4126 Ft, Acc = 17 Ft]","41049",NA,2012-05-20,"whole organism (ethanol-fixed); toe (95% ethanol); heart, liver, muscle (frozen)",31.80223,-106.88562,"male",NA,NA,NA,NA,NA,"1257.6048-1257.6048"
"124",NA,"http://creativecommons.org/licenses/by/3.0/","UTEP:Herp:20480","Aspidoscelis tigris",NA,"Carl S. Lieb","Teiidae","preparator number=CSL 9330; secondary identifier=XHP.2012.2.36","Carl S. Lieb, Kevin W. Floyd","named place: Floyd Soil Sample Site 1, georeferencing remarks: GPS measurement accuracy = 11ft",5.7829704,"United States","New Mexico","Dona Ana County",NA,"Kevin Floyd Soil Sample Site 1, along County Road A003 (=Santa Teresa-Columbus Highway), 4.3 miles E of (by road) junction with County Road A008","USA, New Mexico, Dona Ana County, Kevin Floyd Soil Sample Site 1, Along County Rd A003 (= Santa Teresa-Columbus Hwy), 4.3 Rd Mi. E Jct With County Rd A008 [Gps: 31 Deg 48.137'N, 106 Deg 53.141'W, Elev. 4088 Ft, Acc = 11 Ft]","41049",NA,2012-05-20,"whole organism (ethanol-fixed); toe (95% ethanol); heart, liver, muscle (frozen)",31.80228,-106.88568,"male",NA,NA,NA,NA,NA,"1246.0224-1246.0224"
"125",NA,"http://creativecommons.org/licenses/by/3.0/","UTEP:Herp:20903","Aspidoscelis tigris",NA,"Kevin W. Floyd","Teiidae","preparator number=KWF 2246; secondary identifier=XHP.2014.2.88; trap number=4-8D",NA,"named place: Floyd Lizard Demongraphy Site 4/Trap 4-8D, georeferencing remarks: GPS measurement accuracy reported by KWF to be less that 0.5m; 0.5m used for error calculation",1.955,"United States","New Mexico","Dona Ana County",NA,"ca. 1.4 kilometers W (by air) of Interstate Highway 10 Deming Border Patrol Check Station, Kevin Floyd Lizard Demography Site Four, South of Interstate Highway 10, in pitfall Trap 4-8D","Ca. 1.4 Km (Air) W Of Ihwy10 Deming Border Patrol Check Station, Kevin Floyd Lizard Demography Site Four, South Of Ihwy10 In Pitfall Trap 4-8D (T24S, R3W, Nw 1/4 Of Sw 1/4 Sec.3) [Gps: 32.24740046 Deg N, 107.1363462 Deg W]","40328",NA,2010-05-30,"whole organism (formalin-fixed, 70% ethanol); toe (95% ethanol); heart, liver, muscle (frozen)",32.24740046,-107.1363462,"female",NA,NA,NA,"T24S, R3W, Nw 1/4 of SW 1/4 Sec.3","found with larger Aspidoscelis tigris",NA
"126",NA,"http://creativecommons.org/licenses/by/3.0/","UTEP:Herp:20904","Aspidoscelis tigris",NA,"Kevin W. Floyd","Teiidae","preparator number=KWF 4392; secondary identifier=XHP.2014.2.89; trap number=6-7A",NA,"named place: Floyd Lizard Demography Site 6/Trap 6-7A, georeferencing remarks: GPS measurement accuracy reported by KWF to be less that 0.5m; 0.5m used for error calculation, locality remarks: The portion of the Santa Teresa-Columbus Rd (paved & with new alignment) in Dona Ana County is technically County Rd A003, even though it bears a Santa Teresa Street Sign of ""Hwy 9""; StHwy 9 on this route does not begin at present (2014) until the Luna County line is reached.",1.958,"United States","New Mexico","Dona Ana County",NA,"0.12 kilometers E (by air) from junction of County Road A003 (=Santa Teresa-Columbus Road) and County Road A008, Kevin Floyd Lizard Demography Site Six, S of County Road A003, in Pitfall Trap 6-7A","0.12 Km (Air) E From Jct Of County Rd A003 [Santa Teresa-Columbus Road] And County Rd A008, Kevin Floyd Lizard Demography Site Six, South Of Cr A003 In Pitfall Trap 6-7A (T29S, R1W, Se 1/4 Of Ne 1/4 Sec.8) [Gps: 31.79412498 Deg N, 106.9577275 Deg W]","40796",NA,2011-09-10,"heart, liver, muscle (frozen); whole organism (formalin-fixed, 70% ethanol)",31.79412498,-106.9577275,"female",NA,NA,"found injured in trap with another Aspidoscelis tigris (euthanized)","T29S, R1W, SE 1/4 of Ne 1/4 Sec.8",NA,NA
"127",NA,"http://creativecommons.org/licenses/by/3.0/","UTEP:Herp:20545","Aspidoscelis tigris",NA,"Carl S. Lieb","Teiidae","collector number=CSL 9385; secondary identifier=XHP.2012.2.99","Carl S. Lieb","named place: County Rd A003/jct CR A008, georeferencing remarks: GPS measurement accuracy = 14 ft",6.6973704,"United States","New Mexico","Dona Ana County",NA,"County Road A003 (=Santa Teresa-Columbus Road), 4.1 miles E of (by road) junction with County Road A008 (=road to Tee Pee Ranch and Hunts Hole)","USA, New Mexico, Dona Ana County, Dor County Rd A003 (= Santa Teresa-Columbus Rd), 4.1 Rd Mi. E Jct With County Rd A008 (To Tee Pee Ranch & Hunts Hole) [Gps: 31 Deg 48.221'N, 107 Deg 01.289'W, Elev. = 4181 Ft, Acc. = 14 Ft]","41084",NA,2012-06-24,"whole organism (formalin-fixed, 70% ethanol); toe (95% ethanol); muscle (frozen)",31.80368,-107.02148,NA,NA,NA,NA,NA,NA,"1274.3688-1274.3688"
"128",NA,"http://creativecommons.org/licenses/by/3.0/","UTEP:Herp:20530","Aspidoscelis tigris",NA,"Carl S. Lieb","Teiidae","preparator number=CSL 9396; secondary identifier=XHP.2012.2.86","Carl S. Lieb, David M. Lieb","named place: Floyd Soil Sample Site 1, georeferencing remarks: GPS measurement accuracy = 14 ft",6.6973704,"United States","New Mexico","Dona Ana County",NA,"Kevin Floyd Soil Sample Site 1, 4.5 miles W (by road on County Road A006) of junction with County A008, then ca. 100 meters N of road into desert","USA, New Mexico, Dona Ana County, Kevin Floyd Soil Sample Site 1, 4.5 Rd Mi. (By County Rd A006) W Jct With County A008, Then Ca. 100 M North Of Road Into Desert [Gps: 31 Deg 48.177'N, 106 Deg 53.203'W, Elev. 4106 Ft, Acc. = 14 Ft]","41105",NA,2012-07-15,"whole organism (formalin-fixed, 70% ethanol); toe (95% ethanol); heart, liver, muscle (frozen)",31.80295,-106.88672,"male",NA,NA,NA,NA,NA,"1251.5088-1251.5088"
"129",NA,"http://creativecommons.org/licenses/by/3.0/","UTEP:Herp:14238","Aspidoscelis tigris",NA,"Carl S. Lieb","Teiidae","collector number=CSL 8016; secondary identifier=XHP.1992.5.47","Carl S. Lieb, unknown","named place: Dona Ana Co., Vevay, extent: 1137.56m",1139.129,"United States","New Mexico","Dona Ana County",NA,"off County Road A19, 9.7 miles W (by road) junction with County Road A17, at Vevay","USA, New Mexico, Dona Ana County, Off County Rd A19, 9.7 Rd Mi. W Jct With County Rd A17 At Vevay (T27S, R1W, Sec.34) Ca. 1260 M","33783",NA,1992-06-28,"whole organism (formalin-fixed, 70% ethanol); brain (frozen); liver (frozen)",31.9159,-106.9299,NA,NA,"and others",NA,"T27S, R1W, Sec.34",NA,"1260-1260"
"130",NA,"http://creativecommons.org/licenses/by/3.0/","UTEP:Herp:20895","Aspidoscelis tigris",NA,"Kevin W. Floyd","Teiidae","preparator number=KWF 1845; secondary identifier=XHP.2014.2.80; trap number=Cn2-1C",NA,"named place: Floyd Lizard Demography Control Site 2/Trap CN2-1C, georeferencing remarks: GPS measurement accuracy reported by KWF to be less that 0.5m; 0.5m used for error calculation",1.955,"United States","New Mexico","Dona Ana County",NA,"ca. 0.4 kilometers S (by air) of Interstate Highway 10 Deming Border Patrol Check Station, Kevin Floyd Lizard Demography Study Control Site Two,, in Pitfall Trap Cn2-1C","USA, New Mexico, Dona Ana County, Ca. 0.4 Km (Air) S Of Ihy10 Deming Border Patrol Check Station, Kevin Floyd Lizard Demography Study Control Site Two, In Pitfall Trap Cn2-1C (T24S, R3W, Se 1/4 Sec.2) [Gps: 32.23914762 Deg N, 107.1236191 Deg W]","40346",NA,2010-06-17,"whole organism (formalin-fixed, 70% ethanol); toe (95% ethanol); heart, liver, muscle (frozen)",32.23914762,-107.1236191,"female",NA,NA,NA,"T24S, R3W, SE 1/4 Sec.2","found with larger Aspidoscelis tigris",NA
"131",NA,"http://creativecommons.org/licenses/by/3.0/","UTEP:Herp:20900","Aspidoscelis tigris",NA,"Kevin W. Floyd","Teiidae","preparator number=KWF 1377; secondary identifier=XHP.2014.2.85; trap number=4-1B",NA,"named place: Floyd Lizard Demongraphy Site 4/Trap 4-1B, georeferencing remarks: GPS measurement accuracy reported by KWF to be less that 0.5m; 0.5m used for error calculation",1.955,"United States","New Mexico","Dona Ana County",NA,"ca. 1.4 kilometers W (by air) of Interstate Highway 10 Deming Border Patrol Check Station, Kevin Floyd Lizard Demography Site Four, N of Interstate Highway 10, in Pitfall Trap 4-1B","Ca. 1.4 Km (Air) W Of Ihwy10 Deming Border Patrol Check Station, Kevin Floyd Lizard Demography Site Four, North Of Ihwy10 In Pitfall Trap 4-1B (T24S, R3W, Nw 1/4 Of Sw 1/4 Sec.3) [Gps: 32.24937127 Deg N, 107.1370758 Deg W]","40045",NA,2009-08-20,"whole organism (formalin-fixed, 70% ethanol); heart, liver, muscle (frozen); toe (95% ethanol)",32.24937127,-107.1370758,"male",NA,NA,"found dead in trap with larger aspidoscelis tigris","T24S, R3W, Nw 1/4 of SW 1/4 Sec.3",NA,NA
"132",NA,"http://creativecommons.org/licenses/by/3.0/","UTEP:Herp:19858","Aspidoscelis tigris",NA,"Carl S. Lieb","Teiidae","preparator number=CSL 9036; secondary identifier=XHP.2009.2.1; trap number=6-32","Kevin W. Floyd","named place: Santa Teresa-Columbus Hwy (County Rd A003)/jct County Rd A008/Floyd Study ARea 6",11.458,"United States","New Mexico","Dona Ana County",NA,"off County Road A003 (=Santa Teresa-Columbus Highway), near junction with County Road A008, Floyd Lizard Study Area 6, Trap 6-32","USA, New Mexico, Dona Ana County, Off County Rd A003 (Santa Teresa-Columbus Hwy), Near Jct With County Rd A008, Floyd Lizard Study Area 6, Trap 6-32 [Gps; 31.793219 Deg, -106.957146 Deg]","39709",NA,2008-09-18,"heart, liver, muscle (95% ethanol); whole organism (ethanol-fixed)",31.793219,-106.957146,NA,NA,NA,NA,NA,NA,NA
"133",NA,"http://creativecommons.org/licenses/by/3.0/","UTEP:Herp:19996","Aspidoscelis tigris",NA,"Carl S. Lieb","Teiidae","preparator number=CSL 9152; secondary identifier=XHP.2010.2.1; trap number=6-5C","Kevin W. Floyd","named place: Floyd Study Site No. 6, georeferencing remarks: GPS measument accuracy estimated at 0.5 m",1.958,"United States","New Mexico","Dona Ana County",NA,"off County Road A003 (=Santa Teresa-Columbus Road), near junction with County Road A008, Kevin Floyd Study Site No. 6,, in Pitfall Trap 6-5C","USA, New Mexico, Dona Ana County, Off County Rd A003 (Santa Teresa-Columbus Rd), Near Jct With County Rd A008, Kevin Floyd Study Site No. 6, In Pitfall Trap 6-5C [Gps: 31.79457567 Deg N, 106.9576322 Deg W)","39997",NA,2009-07-03,"whole organism (formalin-fixed, 70% ethanol); toe (95% ethanol); heart, liver, muscle",31.79457567,-106.9576322,NA,NA,NA,NA,NA,NA,NA
"134",NA,"http://creativecommons.org/licenses/by/3.0/","UTEP:Herp:20909","Aspidoscelis tigris",NA,"Kevin W. Floyd","Teiidae","preparator number=KWF 770; secondary identifier=XHP.2014.2.94; trap number=9-1A",NA,"named place: Floyd Lizard Demography Site 9/Trap 9-1A, georeferencing remarks: GPS measurement accuracy reported by KWF to be less that 0.5m; 0.5m used for error calculation, locality remarks: The portion of the Santa Teresa-Columbus Rd (paved & with new alignment) in Dona Ana County is technically County Rd A003, even though it bears a Santa Teresa Street Sign of ""Hwy 9""; StHwy 9 on this route does not begin at present (2014) until the Luna County line is reached.",1.958,"United States","New Mexico","Dona Ana County",NA,"ca. 4.1 kilometers E (by air) of junction of County Road A003 (=Santa Teresa-Columbus Road) and County Road A008, Kevin Floyd Lizard Demography Site Nine, North of County Road A003, in Pitfall Trap 9-1A","Ca. 4.1 Km (Air) E Jct Of County Rd A003 [Santa Teresa-Columbus Rd] And County Rd A008, Kevin Floyd Lizard Demography Site Nine, North Of Cr A003 In Pitfall Trap 9-1A (T29S, R1E, Sw 1/4 Of Nw 1/4 Sec.7) [Gps: 31.79918089 Deg N, 106.9156917 Deg S]","40332",NA,2010-06-03,"whole organism (formalin-fixed, 70% ethanol); toe (95% ethanol); heart, liver, muscle (frozen)",31.79918089,-106.9156917,"female",NA,NA,NA,"T29S, R1E, SW 1/4 of Nw 1/4 Sec.7","ants found in trap",NA
"135",NA,"http://creativecommons.org/licenses/by/3.0/","UTEP:Herp:20913","Aspidoscelis tigris",NA,"Kevin W. Floyd","Teiidae","preparator number=KWF 1210; secondary identifier=XHP.2014.2.98; trap number=9-5D",NA,"named place: Floyd Lizard Demography Site 9/Trap 9-5D, georeferencing remarks: GPS measurement accuracy reported by KWF to be less that 0.5m; 0.5m used for error calculation, locality remarks: The portion of the Santa Teresa-Columbus Rd (paved & with new alignment) in Dona Ana County is technically County Rd A003, even though it bears a Santa Teresa Street Sign of ""Hwy 9""; StHwy 9 on this route does not begin at present (2014) until the Luna County line is reached.",1.958,"United States","New Mexico","Dona Ana County",NA,"ca. 4.1 kilometers E (by air) of junction of County Road A003 (=Santa Teresa-Columbus Road) and County Road A008, Kevin Floyd Lizard Demography Site Nine, North of County Road A003, in Pitfall Trap 9-5D","Ca. 4.1 Km (Air) E Jct Of County Rd A003 [Santa Teresa-Columbus Rd] And County Rd A008, Kevin Floyd Lizard Demography Site Nine, South Of Cr A003 In Pitfall Trap 9-5D (T29S, R1E, Sw 1/4 Of Nw 1/4 Sec.7) [Gps: 31.79817479 Deg N, 106.9155844 Deg S]","40038",NA,2009-08-13,"whole organism (formalin-fixed, 70% ethanol); heart, liver, muscle (frozen); toe (95% ethanol)",31.79817479,-106.9155844,"male",NA,NA,"no obvious cause to death","T29S, R1E, SW 1/4 of Nw 1/4 Sec.7",NA,NA
"136",NA,"http://creativecommons.org/licenses/by/3.0/","UTEP:Herp:20476","Aspidoscelis tigris",NA,"Carl S. Lieb","Teiidae","preparator number=CSL 9325; secondary identifier=XHP.2012.2.32","Carl S. Lieb, Kevin W. Floyd","named place: Floyd Soil Sample Site 2, georeferencing remarks: GPS measurement accuracy = 15 ft",7.0024752,"United States","New Mexico","Dona Ana County",NA,"Kevin Floyd Soil Sample Site 2, along County Road A003 (=Santa Teresa-Columbus Highway), 0.4 miles E of (by road) junction with County Road A008","USA, New Mexico, Dona Ana County, Kevin Floyd Soil Sample Site 2, Along County Rd A003 (= Santa Teresa-Columbus Hwy), 0.4 Rd Mi. E Jct With County Rd A008 [Gps: 31 Deg 47.705'N, 106 Deg 57.085'W, Elev. 4148 Ft, Acc. = 15 Ft]","41049",NA,2012-05-20,"whole organism (ethanol-fixed); toe (95% ethanol); heart, liver, muscle (frozen)",31.79508,-106.95142,"male",NA,NA,NA,NA,NA,"1264.3104-1264.3104"
"137",NA,"http://creativecommons.org/licenses/by/3.0/","UTEP:Herp:20477","Aspidoscelis tigris",NA,"Carl S. Lieb","Teiidae","preparator number=CSL 9326; secondary identifier=XHP.2012.2.33","Carl S. Lieb, Kevin W. Floyd","named place: Floyd Soil Sample Site 2, georeferencing remarks: GPS measurement accuracy not recorded, so an estimate of 33 ft was used for error calculation",12.4888752,"United States","New Mexico","Dona Ana County",NA,"Kevin Floyd Soil Sample Site 2, along County Road A003 (=Santa Teresa-Columbus Highway), 0.4 miles E of (by road) junction with County Road A008","USA, New Mexico, Dona Ana County, Kevin Floyd Soil Sample Site 2, Along County Rd A003 (= Santa Teresa-Columbus Hwy), 0.4 Rd Mi. E Jct With County Rd A008 [Gps: 31 Deg 47.711'N, 106 Deg 57.051'W, Elev. 4135 Ft]","41049",NA,2012-05-20,"whole organism (ethanol-fixed); toe (95% ethanol); heart, liver, muscle (frozen)",31.79518,-106.95085,"male",NA,NA,NA,NA,NA,"1260.348-1260.348"
"138",NA,"http://creativecommons.org/licenses/by/3.0/","UTEP:Herp:20527","Aspidoscelis tigris",NA,"Carl S. Lieb","Teiidae","preparator number=CSL 9393; secondary identifier=XHP.2012.2.83","Carl S. Lieb, Kevin W. Floyd","named place: Floyd Soil Sample Site 4, georeferencing remarks: GPS measurement accuracy = 21 ft",8.8309704,"United States","New Mexico","Dona Ana County",NA,"Kevin Floyd Soil Sample Site 4, 8.9 miles W (by road on County Road A003) of junction with State Highway 136, then ca. 100 meters N of road into desert","USA, New Mexico, Dona Ana County, Kevin Floyd Soil Sample Site 4, 8.9 Rd Mi. (By County Rd A003) W Jct With Sthy 136, Then Ca. 100 M North Of Road Out Into Desert [Gps: 31 Deg 48.515'N, 106 Deg 50.103'W, Elev. 4111 Ft, Acc. = 21 Ft]","41091",NA,2012-07-01,"whole organism (formalin-fixed, 70% ethanol); toe (95% ethanol); heart, liver, muscle (frozen)",31.80858,-106.83505,"male",NA,NA,NA,NA,NA,"1253.0328-1253.0328"
"139",NA,"http://creativecommons.org/licenses/by/3.0/","UTEP:Herp:18842","Aspidoscelis tigris",NA,"Carl S. Lieb","Teiidae","collector number=CSL 8706; secondary identifier=XHP.2003.6.49","Carl S. Lieb","named place: El Paso/Railroad Dr., georeferencing remarks: GPS measurement accuracy not recorded; 33 ft assumed for error calculations",12.4873512,"United States","Texas","El Paso County",NA,"El Paso, between Railroad Road and railroad tracks, 3.1 miles SW of (by road) junction with North Dyer Street","USA, Texas, El Paso County, El Paso, Between Railroad Rd & Rr Tracks, 3.1 Rd Mi. Sw Jct With North Dyer Street (31 Deg 55.886'N, 106 Deg 22.104'W)","37822",NA,2003-07-20,"blood (lysis buffer); whole organism (formalin-fixed, 70% ethanol)",31.93143,-106.3684,"male",NA,NA,NA,NA,NA,NA
"140",NA,"http://creativecommons.org/licenses/by/3.0/","UTEP:Herp:19299","Aspidoscelis tigris",NA,"Carl S. Lieb","Teiidae","preparator number=CSL 8895; secondary identifier=XHP.2005.4.85","Dominic I. Lannutti","named place: Shafter/Fuentes Ranch/Ojo Chilicote, georeferencing remarks: GPS measurement accuracy = 18ft",7.9379064,"United States","Texas","Presidio County",NA,"Fuentes Ranch, ca. 2.5 miles SE of (by air) Shafter, ca. 0.1 miles SW of (by air) Ojo Chilcote","USA, Texas, Presidio County, Fuentes Ranch, Ca. 2.5 Mi. (Air) Se Shafter, Ca. 0.1 Air Mi. Sw Ojo Chilcote [Gps: 29 Deg 47.523'N, 104 Deg 16.677'W, Elev. 3985 Ft, Acc. = 18Ft]","38592",NA,2005-08-28,"whole organism (ethanol-fixed)",29.79205,-104.27795,NA,NA,NA,"last specimen catalogued in 2005",NA,NA,"1214.628-1214.628"
"141",NA,"http://creativecommons.org/licenses/by/3.0/","UTEP:Herp:19196","Aspidoscelis uniparens",NA,"Ralph W. Axtell","Teiidae","secondary identifier=XHP.2005.6.3","Ralph W. Axtell, Robert G. Webb","named place: Wilcox, extent: 2.6km, georeferencing remarks: field not located, georef at designated center of town of Willcox (= Maley Street-StHwy 186 at jct with Haskell Ave-I-Hwy10 Business Rte), with extent to include town limits, locality remarks: ""Wilcox' is a lapsus for ""Willcox""",2636,"United States","Arizona","Cochise County",NA,"Wilcox, open field within city limits","USA, Arizona, Cochise County, Wilcox, Open Field Within City Limits","38567",NA,2005-08-03,"whole organism (ethanol-fixed)",32.25256,-109.8326,NA,NA,NA,NA,NA,NA,NA
"142",NA,"http://creativecommons.org/licenses/by/3.0/","UTEP:Herp:13700","Aspidoscelis uniparens",NA,"unknown","Teiidae","collector number=CSL 7860; secondary identifier=XHP.1990.9.22","Carl S. Lieb, Christopher R. Harrison","mountains/drainage: Pinaleno Mts, named place: Pinaleno Mts/Marijilda Canyon, extent: 0.6km, georeferencing remarks: georef at approx collection location",639,"United States","Arizona","Graham County",NA,"Marijilda Canyon","USA, Arizona, Graham County, Marijilda Canyon (T8S, R25E, Sec.33) Ca. 4300 Ft","33019",NA,1990-05-26,"tissue; whole organism (formalin-fixed, 70% ethanol)",32.69897,-109.78839,NA,NA,"Porter, C",NA,"T8S, R25E, Sec.33",NA,"1310.64-1310.64"
"143","x","http://creativecommons.org/licenses/by/3.0/","UTEP:Herp:19558","Aspidoscelis uniparens",NA,"Carl S. Lieb","Teiidae","collector number=CSL 8942; secondary identifier=XHP.2006.6.43","Carl S. Lieb","mountains/drainage: Big Blue Mts, named place: White Mule Creek/jct Hwy 78/New Mexico State line, georeferencing remarks: GPS measurement accuray = 23 ft",9.4265496,"United States","Arizona","Greenlee County",NA,"along White Mule Creek, just N of State Highway 78, 1.9 miles SW of (by road) New Mexico State Line","USA, Arizona, Greenlee County, Along White Mule Creek, Just North Of Sthy 78, 1.9 Rd Mi. Sw New Mexico State Line [Gps: 33 Deg 05.989'N, 109 Deg 04.214'W, 5784 Ft Elev. Acc. = 23 Ft]","38942",NA,2006-08-13,"heart, liver (frozen); whole organism (formalin-fixed, 70% ethanol)",33.09982,-109.07023,NA,NA,NA,NA,NA,NA,"1762.9632-1762.9632"
"144",NA,"http://creativecommons.org/licenses/by/3.0/","UTEP:Herp:19157","Aspidoscelis uniparens",NA,"Dominic I. Lannutti","Teiidae","preparator number=DIL 712; secondary identifier=XHP.2005.5.14","Dominic I. Lannutti, Russell A. Blaine","named place: Hwy 80/jct New Mexico State line, georeferencing remarks: GPS measurement accuracy = 16 ft",7.3109328,"United States","Arizona","Cochise County",NA,"State Highway 80, 22.3 miles S of (by road) New Mexico State Line","USA, Arizona, Cochise County, Dor Sthy 80, 22.3 Rd Mi. S New Mexico State Line (Gps: 31 Deg 36.691'N, 109 Deg 13.196'W, 4656 Elev, Acc= 16Ft)","38519",NA,2005-06-16,"heart, liver (95% ethanol); whole organism (formalin-fixed, 70% ethanol)",31.611517,-109.21993,NA,NA,NA,NA,NA,NA,"1419.1488-1419.1488"
"145","x","http://creativecommons.org/licenses/by/3.0/","UTEP:Herp:18654","Aspidoscelis uniparens",NA,"Carl S. Lieb","Teiidae","preparator number=CSL 8596; secondary identifier=XHP.2001.1.29","Carl S. Lieb, Randy L. Powell","named place: Pearson Mesa/Hwy 530/jct Hwy 92, georeferencing remarks: georef uses GPS coordinate data provided in the locality statement; GPS measurement accuracy not recorded, an estimate of 33 ft was used for error calculation",34.2680544,"United States","New Mexico","Hidalgo County",NA,"Pearson Mesa, along State Highway 530, 1.5 miles NW of (by road) junction with State Highway 92","USA, New Mexico, Hidalgo County, Pearson Mesa, Along Sthy 530, 1.5 Rd Mi. Nw Jct With Sthy 92 (T19S, R21W, Sec.15; 32 Deg 39.19'N, 108 Deg 59.47'W) 4093 Ft","37150",NA,2001-09-16,"heart, liver, muscle (frozen); whole organism (formalin-fixed, 70% ethanol)",32.65317,-108.99117,NA,NA,NA,NA,"T19S, R21W, Sec.15",NA,"1247.5464-1247.5464"
"146",NA,"http://creativecommons.org/licenses/by/3.0/","UTEP:Herp:21507","Aspidoscelis uniparens",NA,"Carl S. Lieb","Teiidae","collector number=CSL 9787; preparator number=CSL 9787; secondary identifier=XHP.2016.3.42","Carl S. Lieb","Former verification status: verified by curator.",9.734,"United States","New Mexico","Socorro County",NA,"above State Highway 1 on NW slope of Black Hill, 3.0 road miles NE Nogal Canyon crossing","Above StHwy 1 on NW slope of Black Hill, 3.0 rd mi. NE Nogal Canyon crossing (T8S, R3W, NW 1/4 Sec. 31) [GPS: 33 deg 34.616'N, 107 deg 11.323'W, elev. 5125 ft, acc. = 12ft(3.7m)","42520",2016-05-30,2016-05-30,"tissue (frozen); whole organism (formalin-fixed, 70% ethanol)",33.57693,-107.18872,NA,NA,NA,NA,"Standard UTM coordinates from GPS data conversion are: Zone 13, 296860.9 E, 3717395.2 N",NA,"1562.1-1562.1"
"147",NA,"http://creativecommons.org/licenses/by/3.0/","UTEP:Herp:20720","Aspidoscelis uniparens",NA,"Carl S. Lieb","Teiidae","collector number=CSL 9444; secondary identifier=XHP.2013.1.41","Carl S. Lieb, unknown","named place: Hwy 9/Animas, georeferencing remarks: GPS measurement accuracy = 14 ft",6.6958464,"United States","New Mexico","Hidalgo County",NA,"along State Highway 9, 4.9 miles W of (by road) junction with State Highway 338 in Animas","USA, New Mexico, Hidalgo County, Along Sthy 9, 4.9 Rd Mi. W Jct With Sthy 338 In Animas [Gps: 31 Deg 56.601'N, 108 Deg 53.345'W, Elev. 4382 Ft, Acc. = 14 Ft]","41444",NA,2013-06-19,"heart, liver, muscle (frozen); whole organism (formalin-fixed, 70% ethanol)",31.94337,-108.88908,NA,NA,"and others",NA,NA,NA,"1335.6336-1335.6336"
"148","x","http://creativecommons.org/licenses/by/3.0/","UTEP:Herp:21551","Aspidoscelis uniparens",NA,"Carl S. Lieb","Teiidae","collector number=CSL 9849; preparator number=CSL 9849; secondary identifier=XHP.2016.3.86","Carl S. Lieb","Former verification status: verified by curator.",10.969,"United States","Texas","El Paso County","disturbed area along roadside","El Paso, along Dyer Street, 0.4 road miles NE junction with Ashley Road","El Paso, along Dyer Street, 0.4 rd mi. NE Jct with Ashley Road [GPS: 31 deg 57.157'N, 106 deg 21.786'W, elev. 3996 ft, acc. = 14ft(4.3m)]","42593",2016-08-11,2016-08-11,"tissue (frozen); whole organism (formalin-fixed, 70% ethanol)",31.95262,-106.3631,NA,NA,NA,NA,"Standard UTM coordinates from GPS data conversion are: Zone 13, 371176.4 E, 3535994.7 N","ca. 30 adults, and young-of-year, seen at site","1217.9808-1217.9808"
"149",NA,"http://creativecommons.org/licenses/by/3.0/","UTEP:Herp:21550","Aspidoscelis uniparens",NA,"Carl S. Lieb","Teiidae","collector number=CSL 9848; preparator number=CSL 9848; secondary identifier=XHP.2016.3.85","Carl S. Lieb","Former verification status: verified by curator.",10.969,"United States","Texas","El Paso County","disturbed area along roadside","El Paso, along Dyer Street, 0.4 road miles NE junction with Ashley Road","El Paso, along Dyer Street, 0.4 rd mi. NE Jct with Ashley Road [GPS: 31 deg 57.153'N, 106 deg 21.794'W, elev. 3999 ft, acc. = 14ft(4.3m)]","42593",2016-08-11,2016-08-11,"tissue (frozen); whole organism (formalin-fixed, 70% ethanol)",31.95225,-106.36323,NA,NA,NA,NA,"Standard UTM coordinates from GPS data conversion are: Zone 13, 371163.7 E, 3535987.5 N","ca. 30 adults, and young-of-year, seen at site","1218.8952-1218.8952"
"150","x","http://creativecommons.org/licenses/by/3.0/","UTEP:Herp:19841","Aspidoscelis velox",NA,"Carl S. Lieb","Teiidae","collector number=CSL 9018; secondary identifier=XHP.2008.2.34","Carl S. Lieb","named place: Rattlesnake Wash/CR 71, georeferencing remarks: GPS measurement accuracy = 22 ft",9.1001088,"United States","Arizona","Yavapai County",NA,"off County Road 71, at Rattlesnake Wash, just W of Coconino County Line","USA, Arizona, Yavapai County, Off County Rd 71 At Rattlesnake Wash, Just West Of Coconino County Line (T19N, R1W, S Sec.26) [Gps: 34 Deg 59.843'N, 112 Deg 20.235'W, Elev. 4600 Ft, Acc. = 22Ft]","39703",NA,2008-09-12,"whole organism (ethanol-fixed)",34.99738,-112.33725,NA,NA,NA,NA,"T19N, R1W, S Sec.26",NA,"1402.08-1402.08"
"151","x","http://creativecommons.org/licenses/by/3.0/","UTEP:Herp:18336","Aspidoscelis velox",NA,"Robert G. Webb","Teiidae","secondary identifier=XHP.1999.9.13","Robert G. Webb, Ralph W. Axtell","named place: Magdalena, extent: 16.5m, georeferencing remarks: Moved to given Coordinates.",18.069,"United States","New Mexico","Socorro County",NA,"along United States Highway 60, 4.5 miles W of (by road) junction Sthys 169 and 170 on W side of Magdalena","USA, New Mexico, Socorro County, Along Ushy 60, 4 1/2 Rd Mi. W Jct Sthys 169 & 170 On West Side Of Magdalena (34 Deg 05'44""N, 107 Deg 19'40""W) Ca. 6760 Ft","36333",NA,1999-06-22,"whole organism (ethanol-fixed)",34.095555,-107.327775,NA,NA,NA,NA,NA,NA,"2060.448-2060.448"
"152",NA,"http://creativecommons.org/licenses/by/3.0/","UTEP:Herp:18335","Aspidoscelis velox",NA,"Robert G. Webb","Teiidae","secondary identifier=XHP.1999.9.12","Robert G. Webb, Ralph W. Axtell","named place: Magdalena, extent: 16.5m, georeferencing remarks: Moved to given Coordinates.",18.069,"United States","New Mexico","Socorro County",NA,"along United States Highway 60, 4.5 miles W of (by road) junction Sthys 169 and 170 on W side of Magdalena","USA, New Mexico, Socorro County, Along Ushy 60, 4 1/2 Rd Mi. W Jct Sthys 169 & 170 On West Side Of Magdalena (34 Deg 05'44""N, 107 Deg 19'40""W) Ca. 6760 Ft","36333",NA,1999-06-22,"whole organism (ethanol-fixed)",34.095555,-107.327775,NA,NA,NA,NA,NA,NA,"2060.448-2060.448"
"153","x","http://creativecommons.org/licenses/by/3.0/","UTEP:Herp:17662","Aspidoscelis velox",NA,"Ralph W. Axtell","Teiidae","secondary identifier=XHP.1998.10.3","Ralph W. Axtell, Robert G. Webb","named place: Whitehorse, extent: 400m, georeferencing remarks: Moved 12mi E of Whitehorse.ppl GNIS along Navajo Service Rd. 9.",501.569,"United States","New Mexico","McKinley County",NA,"Highway 9 (paved), ca. 12.0 miles E (by road) of Whitehorse","USA, New Mexico, Mckinley County, Hwy 9 (Paved), Ca. 12.0 Rd Mi. E Whitehorse","35944",NA,1998-05-29,"whole organism (ethanol-fixed)",35.786872,-107.544145,NA,NA,NA,NA,NA,NA,NA
